prior_convictions,age,is_gang_member,weapons_involved,drug_involvement,financial_motivation,tech_involvement,violence_history,location_risk,time_of_crime,associates_count,location_residence,location_business,location_public_place,location_transport,location_financial,location_online,target_person,target_property,target_vehicle,target_money,target_data,target_contraband,method_forced_entry,method_armed_threat,method_physical_violence,method_deception,method_cyber_intrusion,method_smuggling,method_abduction,method_fire_damage,method_intimidation,crime_type,gang_label,incident_date,slice_state,reoffended_2y
0,30,0,0,0,1,1,3,0.303,3,4,1,0,0,0,0,0,1,0,0,0,0,0,0,0,0,1,0,0,0,0,0,Human Trafficking,None,2022-12-12,West Bengal,0
3,38,1,1,0,1,0,4,0.594,9,3,0,1,0,0,0,0,0,0,0,1,0,0,0,0,0,0,0,0,0,0,1,Extortion,Teen Talwar Gang,2018-07-21,Tamil Nadu,0
0,41,0,0,0,0,0,0,0.557,12,2,0,0,0,0,1,0,0,0,0,1,0,0,0,0,1,0,0,0,0,0,0,Fraud,None,2022-03-03,Tamil Nadu,0
4,25,0,0,1,0,0,4,0.097,2,1,0,0,1,0,0,0,1,0,0,0,0,0,0,0,1,0,0,0,0,0,0,Assault,None,2020-05-13,Rajasthan,1
0,32,0,0,0,0,0,4,0.353,22,2,1,0,0,0,0,0,0,1,0,0,0,0,0,0,0,0,0,0,0,1,0,Arson,None,2019-12-11,Madhya Pradesh,0
4,45,1,0,0,1,1,0,0.445,11,8,0,1,0,0,0,0,0,0,0,1,0,0,0,0,0,1,0,0,0,0,0,Money Laundering,Kaala Bichhoo Gang,2018-10-21,Kerala,1
0,37,0,0,0,1,0,0,0.39,22,0,1,0,0,0,0,0,0,0,0,1,0,0,0,0,0,1,0,0,0,0,0,Burglary,None,2024-07-13,Gujarat,0
2,18,0,0,0,1,1,0,0.239,11,1,0,0,0,0,1,0,0,0,1,0,0,0,0,0,0,0,1,0,0,0,0,Car Theft,None,2024-01-09,Bihar,0
2,43,0,0,0,1,0,5,0.453,16,4,0,1,0,0,0,0,0,0,0,1,0,0,0,1,0,0,0,0,0,0,0,Extortion,None,2018-08-14,Bihar,0
0,19,0,0,0,0,0,2,0.301,0,4,0,0,1,0,0,0,0,1,0,0,0,0,0,0,0,0,0,0,0,1,0,Vandalism,None,2022-10-25,Telangana,0
0,16,1,1,0,1,0,1,0.791,1,12,1,0,0,0,0,0,0,0,0,1,0,0,0,1,0,0,0,0,0,0,0,Robbery,Lal Toofan Crew,2024-06-10,Rajasthan,1
1,31,0,0,1,1,0,1,0.195,1,5,0,0,0,1,0,0,0,0,0,0,0,1,0,0,0,0,0,1,0,0,0,Drug Trafficking,None,2025-10-09,West Bengal,0
0,16,1,1,1,0,0,0,0.754,0,2,0,0,0,1,0,0,0,1,0,0,0,0,1,0,0,0,0,0,0,0,0,Burglary,Kaali Billi Crew,2024-10-15,Madhya Pradesh,1
1,47,1,0,0,1,1,0,0.248,8,17,0,1,0,0,0,0,0,0,0,0,1,0,0,0,0,1,0,0,0,0,0,Fraud,Neela Saanp Syndicate,2022-06-14,West Bengal,0
1,48,1,1,0,0,0,3,0.804,4,10,0,0,0,1,0,0,0,0,0,0,0,1,0,0,0,0,0,1,0,0,0,Arms Trafficking,Kaala Bichhoo Gang,2025-08-14,Kerala,1
6,36,0,1,0,0,0,3,0.332,16,0,1,0,0,0,0,0,0,1,0,0,0,0,0,0,1,0,0,0,0,0,0,Assault,None,2025-10-13,Tamil Nadu,1
1,19,1,0,0,0,0,1,0.667,22,2,0,1,0,0,0,0,0,0,0,0,0,1,0,0,0,1,0,0,0,0,0,Car Theft,Kaali Billi Crew,2023-06-20,Haryana,0
1,33,0,0,0,0,1,2,0.295,12,0,0,0,0,0,1,0,0,0,0,1,0,0,0,0,0,1,0,0,0,0,0,Fraud,None,2025-05-27,Karnataka,0
5,37,0,0,1,0,0,6,0.155,15,0,0,0,1,0,0,0,1,0,0,0,0,0,0,0,1,0,0,0,0,0,0,Assault,None,2024-02-03,Bihar,1
2,30,0,1,1,1,0,4,0.643,2,8,0,0,1,0,0,0,1,0,0,0,0,0,0,0,1,0,0,0,0,0,0,Murder,None,2018-09-25,Gujarat,0
3,36,1,1,0,0,0,2,0.688,19,14,1,0,0,0,0,0,1,0,0,0,0,0,0,0,0,0,0,0,1,0,0,Kidnapping,Patang Syndicate,2025-10-03,Punjab,1
1,48,1,1,0,1,0,1,0.76,18,7,0,1,0,0,0,0,0,0,0,1,0,0,0,0,0,0,0,0,1,0,0,Extortion,Teen Talwar Gang,2021-01-06,Tamil Nadu,0
1,43,1,0,0,1,1,2,0.514,8,15,1,0,0,0,0,0,1,0,0,0,0,0,0,0,0,1,0,0,0,0,0,Human Trafficking,Patang Syndicate,2024-08-07,Telangana,1
2,33,0,0,0,1,1,0,0.185,8,1,0,1,0,0,0,0,0,0,0,1,0,0,0,0,0,1,0,0,0,0,0,Fraud,None,2023-09-13,Madhya Pradesh,0
0,17,0,0,0,1,0,0,0.486,1,0,0,1,0,0,0,0,0,0,1,0,0,0,1,0,0,0,0,0,0,0,0,Burglary,None,2025-11-10,Gujarat,1
2,29,1,0,0,1,0,2,0.546,1,11,1,0,0,0,0,0,0,0,1,0,0,0,0,0,0,0,0,0,0,1,0,Arson,Patang Syndicate,2023-01-03,Punjab,1
0,26,0,1,0,1,1,4,0.455,15,7,0,0,0,1,0,0,1,0,0,0,0,0,0,0,0,0,0,0,1,0,0,Kidnapping,None,2020-05-22,Karnataka,0
0,26,0,0,0,0,0,0,0.176,21,2,0,0,0,1,0,0,0,0,0,0,0,1,1,0,0,0,0,0,0,0,0,Car Theft,None,2019-05-18,Madhya Pradesh,1
4,44,1,1,0,1,0,4,0.546,14,6,0,1,0,0,0,0,0,0,0,1,0,0,0,1,0,0,0,0,0,0,0,Extortion,Teen Talwar Gang,2022-08-11,Gujarat,0
3,27,0,0,0,1,0,2,0.442,21,1,0,0,1,0,0,0,1,0,0,0,0,0,0,0,1,0,0,0,0,0,0,Car Theft,None,2025-09-27,West Bengal,1
1,30,0,0,0,0,0,0,0.394,0,2,0,0,1,0,0,0,0,1,0,0,0,0,0,0,0,0,0,0,0,1,0,Vandalism,None,2025-05-11,Maharashtra,0
1,16,1,0,0,1,0,1,0.361,0,6,0,0,1,0,0,0,0,0,1,0,0,0,1,0,0,0,0,0,0,0,0,Car Theft,Lal Toofan Crew,2022-02-09,Rajasthan,0
1,36,0,0,0,1,0,0,0.176,10,3,0,0,0,0,0,1,0,0,0,1,0,0,0,0,0,1,0,0,0,0,0,Fraud,None,2025-09-07,Maharashtra,0
0,37,0,0,1,0,0,1,0.548,10,7,0,0,0,1,0,0,0,0,0,1,0,0,0,0,0,0,0,1,0,0,0,Drug Trafficking,None,2025-11-02,Rajasthan,0
3,39,0,0,0,1,0,1,0.139,12,1,1,0,0,0,0,0,0,0,0,1,0,0,0,0,0,1,0,0,0,0,0,Fraud,None,2022-11-17,Rajasthan,0
4,18,1,0,0,0,0,0,0.499,0,3,0,0,1,0,0,0,0,0,1,0,0,0,0,0,0,0,0,0,0,1,0,Vandalism,Kaali Billi Crew,2023-01-20,Madhya Pradesh,1
2,40,1,1,0,1,0,0,0.847,14,16,0,1,0,0,0,0,0,0,0,1,0,0,0,0,0,0,0,0,0,0,1,Extortion,Patang Syndicate,2022-03-05,Telangana,1
4,36,0,0,0,1,0,1,0.434,19,1,0,0,0,1,0,0,0,0,0,1,0,0,0,0,0,0,0,0,1,0,0,Kidnapping,None,2019-12-11,Haryana,0
1,37,0,1,0,1,0,5,0.576,17,3,0,0,1,0,0,0,0,0,0,0,0,1,0,0,0,0,0,1,0,0,0,Arms Trafficking,None,2025-10-23,Madhya Pradesh,1
0,27,0,0,1,1,0,0,0.752,17,4,0,0,0,1,0,0,0,0,0,0,0,1,0,0,0,1,0,0,0,0,0,Drug Trafficking,None,2020-07-09,Bihar,0
3,28,0,0,0,0,0,6,0.44,8,0,0,0,1,0,0,0,1,0,0,0,0,0,0,0,1,0,0,0,0,0,0,Assault,None,2021-10-21,Maharashtra,1
2,27,1,1,0,0,0,3,0.57,18,5,1,0,0,0,0,0,1,0,0,0,0,0,0,1,0,0,0,0,0,0,0,Robbery,Lal Toofan Crew,2020-09-10,Rajasthan,1
8,39,1,1,0,1,0,3,0.685,10,17,0,0,0,0,0,1,1,0,0,0,0,0,0,0,0,1,0,0,0,0,0,Human Trafficking,Patang Syndicate,2022-04-24,Telangana,1
1,28,0,1,0,1,0,4,0.471,3,4,0,1,0,0,0,0,1,0,0,0,0,0,0,0,1,0,0,0,0,0,0,Robbery,None,2020-11-06,Karnataka,0
0,19,0,1,0,0,0,3,0.577,22,0,0,0,0,1,0,0,1,0,0,0,0,0,0,0,1,0,0,0,0,0,0,Assault,None,2018-02-08,Madhya Pradesh,0
1,19,1,0,0,0,0,3,0.254,0,2,0,1,0,0,0,0,0,1,0,0,0,0,1,0,0,0,0,0,0,0,0,Burglary,Kaali Billi Crew,2022-05-27,Haryana,1
1,26,0,0,0,1,0,2,0.497,0,0,0,0,0,1,0,0,0,0,0,1,0,0,0,1,0,0,0,0,0,0,0,Robbery,None,2019-08-07,Maharashtra,0
3,41,1,0,1,1,0,1,0.653,15,5,1,0,0,0,0,0,0,0,0,0,0,1,0,0,0,0,0,1,0,0,0,Drug Trafficking,Kaala Bichhoo Gang,2020-07-06,Maharashtra,1
0,33,0,1,0,1,0,3,0.526,10,10,0,1,0,0,0,0,0,0,0,1,0,0,0,0,0,0,0,1,0,0,0,Arms Trafficking,None,2022-04-10,Telangana,1
0,48,0,0,0,1,0,0,0.137,9,2,0,1,0,0,0,0,0,0,0,1,0,0,0,0,0,1,0,0,0,0,0,Fraud,None,2020-06-21,West Bengal,0
3,49,0,1,0,1,0,4,0.365,20,3,0,0,0,1,0,0,0,0,0,0,0,1,0,0,0,0,0,1,0,0,0,Arms Trafficking,None,2019-06-10,Punjab,1
1,20,0,1,0,1,0,1,0.368,21,3,1,0,0,0,0,0,1,0,0,0,0,0,0,0,0,0,0,0,1,0,0,Kidnapping,None,2019-09-22,Uttar Pradesh,0
2,42,0,1,0,0,0,4,0.436,23,3,0,0,1,0,0,0,0,0,0,0,0,1,0,0,1,0,0,0,0,0,0,Murder,None,2020-12-18,Bihar,1
1,44,1,1,0,1,0,0,0.552,21,8,0,1,0,0,0,0,0,0,0,1,0,0,0,0,0,1,0,0,0,0,0,Human Trafficking,Kaala Bichhoo Gang,2020-10-11,Kerala,1
1,16,1,0,1,1,0,0,0.624,15,7,0,1,0,0,0,0,0,0,1,0,0,0,1,0,0,0,0,0,0,0,0,Vandalism,Kaali Billi Crew,2019-05-09,Haryana,0
0,24,0,0,0,1,0,3,0.299,4,4,0,0,1,0,0,0,0,0,0,1,0,0,0,1,0,0,0,0,0,0,0,Robbery,None,2020-10-23,Madhya Pradesh,0
2,40,0,0,0,1,0,1,0.669,23,3,0,0,0,0,0,1,0,0,0,0,0,1,0,0,0,0,0,0,0,0,1,Extortion,None,2019-01-08,Maharashtra,0
2,27,0,0,1,1,0,1,0.152,4,5,0,0,1,0,0,0,0,0,0,0,0,1,0,0,0,0,0,0,0,0,1,Drug Trafficking,None,2023-12-29,Rajasthan,0
1,29,0,0,0,1,0,1,0.161,8,2,0,0,1,0,0,0,0,1,0,0,0,0,1,0,0,0,0,0,0,0,0,Car Theft,None,2019-09-23,Madhya Pradesh,1
0,19,0,0,0,1,0,1,0.345,4,1,0,0,1,0,0,0,0,0,1,0,0,0,0,0,0,1,0,0,0,0,0,Car Theft,None,2022-05-23,Karnataka,0
3,50,1,0,0,1,1,0,0.755,20,7,0,0,0,0,0,1,0,0,0,1,0,0,0,0,0,1,0,0,0,0,0,Money Laundering,Kaala Bichhoo Gang,2024-05-23,Maharashtra,1
2,31,0,0,0,0,0,6,0.472,14,1,0,0,1,0,0,0,1,0,0,0,0,0,0,0,1,0,0,0,0,0,0,Assault,None,2023-12-02,Bihar,1
4,24,0,0,0,1,0,1,0.621,13,4,0,1,0,0,0,0,0,0,1,0,0,0,0,0,0,1,0,0,0,0,0,Car Theft,None,2022-12-17,Madhya Pradesh,0
0,28,0,1,0,1,0,0,0.556,11,3,1,0,0,0,0,0,1,0,0,0,0,0,0,0,0,0,0,0,1,0,0,Kidnapping,None,2020-04-25,Telangana,0
0,26,0,1,0,0,0,3,0.453,9,1,0,0,1,0,0,0,1,0,0,0,0,0,0,0,1,0,0,0,0,0,0,Assault,None,2022-12-01,Haryana,0
1,34,0,0,0,1,1,0,0.629,10,2,0,0,0,0,0,1,0,0,0,0,1,0,0,0,0,1,0,0,0,0,0,Fraud,None,2025-05-21,Tamil Nadu,0
0,39,0,0,0,1,1,0,0.173,20,2,1,0,0,0,0,0,0,0,0,0,1,0,0,0,0,0,0,0,0,0,1,Fraud,None,2021-12-30,Telangana,0
1,41,0,1,0,0,0,6,0.647,20,1,0,0,0,1,0,0,1,0,0,0,0,0,0,0,1,0,0,0,0,0,0,Assault,None,2020-04-24,Uttar Pradesh,0
2,41,0,1,1,0,0,1,0.301,23,1,0,1,0,0,0,0,1,0,0,0,0,0,0,1,0,0,0,0,0,0,0,Murder,None,2024-11-15,Maharashtra,1
0,22,0,1,0,1,0,3,0.653,19,2,0,0,0,1,0,0,0,0,0,1,0,0,0,0,0,0,0,0,0,0,1,Robbery,None,2020-04-25,West Bengal,0
0,22,0,0,0,0,0,2,0.284,2,2,0,0,1,0,0,0,0,0,1,0,0,0,1,0,0,0,0,0,0,0,0,Car Theft,None,2025-12-17,Uttar Pradesh,1
3,37,1,0,0,1,1,1,0.662,15,16,1,0,0,0,0,0,1,0,0,0,0,0,0,0,0,1,0,0,0,0,0,Human Trafficking,Patang Syndicate,2023-04-08,Punjab,1
0,24,0,0,0,0,1,0,0.524,16,1,0,0,0,0,0,1,0,0,0,0,1,0,0,0,0,1,0,0,0,0,0,Cybercrime,None,2020-10-11,West Bengal,0
3,28,1,0,0,1,1,1,0.406,17,8,0,1,0,0,0,0,0,0,0,1,0,0,0,0,0,1,0,0,0,0,0,Fraud,Neela Saanp Syndicate,2021-02-06,West Bengal,0
5,23,0,1,0,1,0,2,0.391,21,4,0,0,1,0,0,0,0,0,0,1,0,0,0,1,0,0,0,0,0,0,0,Robbery,None,2025-07-20,Madhya Pradesh,1
0,35,0,0,0,0,1,3,0.272,17,3,1,0,0,0,0,0,0,1,0,0,0,0,1,0,0,0,0,0,0,0,0,Car Theft,None,2020-09-11,Punjab,1
2,23,1,0,0,1,0,3,0.564,1,1,0,0,0,1,0,0,0,0,0,1,0,0,0,1,0,0,0,0,0,0,0,Robbery,Lal Toofan Crew,2021-12-20,Rajasthan,1
1,33,1,0,0,1,0,0,0.447,19,9,0,0,1,0,0,0,0,0,1,0,0,0,0,0,0,0,1,0,0,0,0,Car Theft,Patang Syndicate,2023-09-07,Punjab,0
0,32,0,0,1,0,0,2,0.55,1,4,0,0,1,0,0,0,0,0,0,0,0,1,0,0,0,0,0,1,0,0,0,Drug Trafficking,None,2024-08-27,Karnataka,0
3,28,1,0,1,1,0,1,0.36,21,10,0,0,0,1,0,0,0,0,0,0,0,1,0,0,0,0,0,1,0,0,0,Drug Trafficking,Kaala Bichhoo Gang,2025-02-14,Kerala,1
1,37,0,0,0,1,0,0,0.392,20,5,1,0,0,0,0,0,0,0,0,1,0,0,0,0,0,1,0,0,0,0,0,Fraud,None,2021-07-07,Haryana,0
3,30,0,0,1,1,0,2,0.662,0,2,1,0,0,0,0,0,1,0,0,0,0,0,0,1,0,0,0,0,0,0,0,Assault,None,2024-01-13,Gujarat,1
2,30,1,0,1,1,0,1,0.528,18,4,0,0,0,1,0,0,0,0,0,0,0,1,0,0,1,0,0,0,0,0,0,Drug Trafficking,Kaala Bichhoo Gang,2023-12-31,Maharashtra,1
0,24,0,0,0,1,0,0,0.153,21,2,1,0,0,0,0,0,0,1,0,0,0,0,1,0,0,0,0,0,0,0,0,Burglary,None,2022-08-10,Haryana,1
0,34,0,0,0,0,0,3,0.815,22,4,0,1,0,0,0,0,1,0,0,0,0,0,0,0,1,0,0,0,0,0,0,Assault,None,2020-03-31,Maharashtra,0
1,33,0,0,0,0,0,3,0.709,14,2,0,0,0,1,0,0,1,0,0,0,0,0,0,0,0,0,0,0,0,0,1,Assault,None,2023-04-13,Tamil Nadu,0
2,23,0,0,1,1,0,0,0.205,16,6,0,0,0,1,0,0,0,0,0,0,0,1,0,0,0,0,0,1,0,0,0,Drug Trafficking,None,2024-03-11,Maharashtra,1
3,30,0,1,0,0,0,4,0.331,3,1,0,0,1,0,0,0,1,0,0,0,0,0,0,1,0,0,0,0,0,0,0,Assault,None,2024-03-30,Bihar,1
4,35,0,1,0,0,0,4,0.539,10,0,1,0,0,0,0,0,1,0,0,0,0,0,0,0,1,0,0,0,0,0,0,Assault,None,2025-05-10,Tamil Nadu,1
0,33,0,0,1,1,0,0,0.432,4,5,0,0,0,0,1,0,0,0,0,0,0,1,0,0,0,0,0,1,0,0,0,Drug Trafficking,None,2024-06-01,Gujarat,0
0,32,0,1,0,0,0,0,0.359,4,3,1,0,0,0,0,0,0,1,0,0,0,0,1,0,0,0,0,0,0,0,0,Burglary,None,2021-03-25,Rajasthan,0
0,16,1,1,0,1,0,0,0.535,2,2,0,0,1,0,0,0,0,0,1,0,0,0,1,0,0,0,0,0,0,0,0,Car Theft,Kaali Billi Crew,2018-05-06,Madhya Pradesh,1
0,26,0,0,1,0,0,1,0.582,9,4,0,0,0,1,0,0,0,0,0,0,0,1,0,0,0,0,0,1,0,0,0,Drug Trafficking,None,2023-12-13,Bihar,0
0,24,0,0,0,1,0,0,0.34,20,1,1,0,0,0,0,0,0,0,0,1,0,0,0,0,0,1,0,0,0,0,0,Burglary,None,2020-08-04,Bihar,0
1,17,0,0,0,1,0,2,0.412,20,3,1,0,0,0,0,0,0,0,1,0,0,0,0,0,0,0,1,0,0,0,0,Car Theft,None,2024-01-21,Kerala,1
1,28,0,0,1,1,0,2,0.126,12,7,0,0,0,1,0,0,0,0,0,0,0,1,0,0,0,0,0,1,0,0,0,Drug Trafficking,None,2022-09-11,Kerala,1
3,20,0,0,1,1,0,1,0.248,20,3,0,0,1,0,0,0,0,0,0,0,0,1,0,0,0,0,0,1,0,0,0,Drug Trafficking,None,2021-05-12,Gujarat,1
5,25,1,0,0,0,1,0,0.78,4,1,0,1,0,0,0,0,0,1,0,0,0,0,0,0,0,0,0,0,0,1,0,Arson,Kaali Billi Crew,2023-07-08,Haryana,1
0,25,0,0,0,1,1,0,0.256,9,2,0,0,0,0,0,1,0,0,0,0,1,0,0,0,0,1,0,0,0,0,0,Cybercrime,None,2020-08-31,Uttar Pradesh,0
3,35,1,1,1,0,0,3,0.437,8,8,0,1,0,0,0,0,1,0,0,0,0,0,0,1,0,0,0,0,0,0,0,Murder,Teen Talwar Gang,2021-06-18,Tamil Nadu,1
2,27,0,0,1,1,0,2,0.127,19,9,0,0,1,0,0,0,0,0,0,0,0,1,0,0,0,0,0,1,0,0,0,Drug Trafficking,None,2019-06-07,Delhi,0
5,44,1,1,0,0,0,7,0.396,21,6,0,0,1,0,0,0,0,0,0,1,0,0,0,0,0,0,0,1,0,0,0,Arms Trafficking,Kaala Bichhoo Gang,2018-08-23,Maharashtra,1
4,26,0,1,1,1,0,4,0.102,9,3,0,0,0,0,0,1,0,0,0,1,0,0,0,0,1,0,0,0,0,0,0,Robbery,None,2022-10-26,Maharashtra,1
2,42,0,0,1,1,0,1,0.266,10,0,0,0,0,1,0,0,0,0,0,1,0,0,0,0,0,1,0,0,0,0,0,Fraud,None,2024-09-25,West Bengal,1
2,25,0,0,1,1,0,3,0.363,19,9,0,0,1,0,0,0,0,0,1,0,0,0,0,0,0,0,0,0,0,0,1,Drug Trafficking,None,2024-08-05,West Bengal,1
3,31,0,1,0,0,1,3,0.647,1,5,0,0,1,0,0,0,1,0,0,0,0,0,0,0,0,0,0,0,1,0,0,Kidnapping,None,2024-10-29,Madhya Pradesh,1
5,38,0,1,1,0,0,4,0.153,18,8,1,0,0,0,0,0,0,0,0,1,0,0,0,0,0,0,0,1,0,0,0,Drug Trafficking,None,2025-10-08,West Bengal,1
2,16,0,0,0,1,1,0,0.585,16,2,0,0,0,0,0,1,0,0,0,0,1,0,0,0,0,0,1,0,0,0,0,Cybercrime,None,2021-01-10,Tamil Nadu,1
3,18,1,0,1,1,1,3,0.775,16,4,1,0,0,0,0,0,0,0,1,0,0,0,0,0,0,0,1,0,0,0,0,Car Theft,Kaali Billi Crew,2019-09-07,Haryana,1
2,36,1,1,0,0,0,3,0.74,15,7,0,0,1,0,0,0,1,0,0,0,0,0,0,0,0,0,0,0,0,0,1,Kidnapping,Kaala Bichhoo Gang,2020-04-23,Kerala,1
0,23,0,0,0,0,0,1,0.204,22,4,0,1,0,0,0,0,0,1,0,0,0,0,1,0,0,0,0,0,0,0,0,Burglary,None,2019-06-05,Maharashtra,0
0,41,0,0,0,1,0,0,0.17,16,2,0,0,0,0,1,0,0,0,0,0,1,0,0,0,0,0,1,0,0,0,0,Fraud,None,2023-10-22,Bihar,0
3,29,0,0,0,0,0,1,0.597,22,2,0,0,1,0,0,0,0,1,0,0,0,0,1,0,0,0,0,0,0,0,0,Vandalism,None,2024-02-19,Maharashtra,0
1,24,1,0,0,0,0,2,0.763,21,3,0,1,0,0,0,0,0,1,0,0,0,0,0,0,0,0,0,0,0,1,0,Arson,Kaali Billi Crew,2021-11-25,Haryana,1
0,19,0,1,0,1,0,0,0.193,0,0,1,0,0,0,0,0,0,1,0,0,0,0,0,0,0,1,0,0,0,0,0,Burglary,None,2020-01-30,Haryana,0
1,41,0,1,0,0,1,1,0.405,19,4,1,0,0,0,0,0,0,0,0,1,0,0,0,1,0,0,0,0,0,0,0,Extortion,None,2019-10-31,Delhi,1
0,35,0,1,1,1,0,3,0.436,13,5,0,0,0,1,0,0,0,0,0,0,0,1,0,0,0,0,0,1,0,0,0,Arms Trafficking,None,2018-01-25,Uttar Pradesh,0
2,31,0,1,0,1,0,2,0.545,13,4,0,1,0,0,0,0,0,0,0,1,0,0,0,0,0,0,0,0,0,0,1,Extortion,None,2018-05-31,Uttar Pradesh,0
2,24,1,0,0,1,1,1,0.355,9,11,0,0,0,0,1,0,0,0,0,0,1,0,0,0,0,1,0,0,0,0,0,Cybercrime,Neela Saanp Syndicate,2020-01-12,West Bengal,1
0,16,0,0,0,1,0,0,0.569,23,1,0,1,0,0,0,0,0,0,1,0,0,0,1,0,0,0,0,0,0,0,0,Car Theft,None,2021-09-26,Uttar Pradesh,1
3,40,1,1,0,0,0,5,0.478,3,5,0,0,0,1,0,0,1,0,0,0,0,0,0,0,1,0,0,0,0,0,0,Murder,Teen Talwar Gang,2018-03-28,Gujarat,1
1,23,0,1,0,1,0,0,0.294,23,0,0,1,0,0,0,0,0,0,0,1,0,0,1,0,0,0,0,0,0,0,0,Burglary,None,2018-04-25,Maharashtra,0
0,27,0,1,0,1,0,1,0.483,15,5,1,0,0,0,0,0,0,0,1,0,0,0,1,0,0,0,0,0,0,0,0,Car Theft,None,2025-02-20,Rajasthan,1
3,31,0,0,0,1,0,2,0.416,20,3,1,0,0,0,0,0,0,0,1,0,0,0,0,0,0,1,0,0,0,0,0,Car Theft,None,2018-12-05,Gujarat,0
1,26,0,0,0,1,0,1,0.698,3,2,0,0,1,0,0,0,1,0,0,0,0,0,0,0,1,0,0,0,0,0,0,Assault,None,2019-09-27,Uttar Pradesh,0
0,38,1,1,0,1,1,1,0.511,18,12,0,0,0,1,0,0,1,0,0,0,0,0,0,0,0,0,0,0,1,0,0,Kidnapping,Patang Syndicate,2023-01-28,Telangana,0
2,16,0,1,0,0,0,3,0.557,1,4,1,0,0,0,0,0,1,0,0,0,0,0,0,0,1,0,0,0,0,0,0,Assault,None,2022-06-18,Telangana,0
1,35,0,0,1,1,0,1,0.113,8,5,0,1,0,0,0,0,0,0,0,0,1,0,0,0,0,0,0,1,0,0,0,Drug Trafficking,None,2020-04-17,Gujarat,0
1,28,0,0,0,1,0,0,0.183,12,4,1,0,0,0,0,0,0,0,1,0,0,0,1,0,0,0,0,0,0,0,0,Car Theft,None,2020-06-11,Uttar Pradesh,1
0,36,0,0,0,1,0,0,0.635,8,0,0,0,0,0,1,0,0,0,0,1,0,0,0,0,0,1,0,0,0,0,0,Fraud,None,2021-06-12,Uttar Pradesh,0
1,33,0,0,0,1,0,2,0.425,4,1,1,0,0,0,0,0,0,1,0,0,0,0,1,0,0,0,0,0,0,0,0,Burglary,None,2022-10-05,Delhi,0
1,16,0,0,0,0,0,1,0.5,4,1,0,0,1,0,0,0,0,1,0,0,0,0,0,0,0,0,0,0,0,1,0,Vandalism,None,2021-02-09,Uttar Pradesh,1
0,32,0,0,0,0,0,0,0.407,9,5,0,0,1,0,0,0,1,0,0,0,0,0,0,0,0,0,0,0,1,0,0,Kidnapping,None,2021-03-13,Tamil Nadu,0
4,45,0,0,0,1,0,0,0.346,10,3,0,0,0,0,0,1,0,0,0,1,0,0,0,0,0,1,0,0,0,0,0,Money Laundering,None,2020-06-24,Uttar Pradesh,0
1,33,0,0,0,1,1,1,0.313,15,1,0,0,0,0,1,0,0,0,0,1,0,0,0,0,0,0,1,0,0,0,0,Money Laundering,None,2025-10-08,West Bengal,0
1,27,0,1,0,0,0,1,0.366,19,2,0,0,0,1,0,0,1,0,0,0,0,0,0,1,0,0,0,0,0,0,0,Murder,None,2021-07-18,Uttar Pradesh,1
0,31,0,0,1,1,0,2,0.528,19,5,0,0,1,0,0,0,0,0,0,1,0,0,0,1,0,0,0,0,0,0,0,Robbery,None,2023-08-06,Madhya Pradesh,0
2,31,0,0,0,0,0,4,0.338,21,2,1,0,0,0,0,0,1,0,0,0,0,0,0,0,1,0,0,0,0,0,0,Assault,None,2024-09-01,Uttar Pradesh,0
0,40,0,0,0,1,1,0,0.384,3,1,0,0,0,0,0,1,0,0,0,0,1,0,0,0,0,0,1,0,0,0,0,Cybercrime,None,2022-02-05,Tamil Nadu,0
3,22,0,0,0,1,0,6,0.474,0,5,0,0,0,1,0,0,1,0,0,0,0,0,0,0,0,0,0,0,1,0,0,Kidnapping,None,2020-06-01,Karnataka,1
1,34,0,0,0,0,0,0,0.204,0,2,0,1,0,0,0,0,0,0,1,0,0,0,1,0,0,0,0,0,0,0,0,Car Theft,None,2023-08-05,Rajasthan,0
0,24,0,0,0,0,0,0,0.604,23,2,0,1,0,0,0,0,0,1,0,0,0,0,0,0,0,0,0,0,0,1,0,Vandalism,None,2019-04-17,Bihar,0
5,37,1,1,0,1,0,2,0.645,1,8,0,0,0,1,0,0,0,0,0,0,0,1,0,0,0,0,0,1,0,0,0,Arms Trafficking,Kaala Bichhoo Gang,2020-09-11,Kerala,1
1,32,1,0,0,1,1,0,0.225,4,6,0,0,0,0,0,1,1,0,0,0,0,0,0,0,0,1,0,0,0,0,0,Human Trafficking,Patang Syndicate,2023-12-26,Telangana,0
5,24,1,1,0,1,0,2,0.623,21,4,0,0,0,0,1,0,0,0,0,1,0,0,0,1,0,0,0,0,0,0,0,Robbery,Lal Toofan Crew,2022-01-02,Rajasthan,1
0,16,0,0,0,0,0,0,0.44,3,4,0,0,1,0,0,0,0,0,1,0,0,0,1,0,0,0,0,0,0,0,0,Car Theft,None,2020-12-19,Uttar Pradesh,0
2,36,0,1,0,1,1,2,0.53,9,4,1,0,0,0,0,0,1,0,0,0,0,0,0,0,0,0,0,0,1,0,0,Kidnapping,None,2024-08-25,Bihar,1
1,36,1,0,0,1,1,1,0.391,19,7,0,1,0,0,0,0,0,0,0,1,0,0,0,0,0,1,0,0,0,0,0,Fraud,Neela Saanp Syndicate,2019-02-27,West Bengal,0
0,24,0,1,0,1,1,0,0.045,13,2,0,0,0,0,0,1,0,0,0,0,1,0,0,0,0,0,1,0,0,0,0,Cybercrime,None,2020-03-21,Haryana,0
1,32,0,1,0,0,0,1,0.495,2,5,0,0,0,1,0,0,0,0,0,1,0,0,0,0,0,0,0,1,0,0,0,Arms Trafficking,None,2019-12-19,Karnataka,0
0,25,0,1,0,0,0,4,0.138,0,2,1,0,0,0,0,0,1,0,0,0,0,0,0,0,0,0,0,0,0,1,0,Murder,None,2024-04-28,Karnataka,1
2,32,1,1,0,1,0,3,0.572,14,12,0,0,0,1,0,0,0,0,0,1,0,0,0,0,0,0,0,0,0,0,1,Kidnapping,Patang Syndicate,2021-11-05,Telangana,1
2,27,0,1,0,1,0,3,0.472,11,4,0,0,0,1,0,0,0,0,0,0,0,1,0,0,0,0,0,1,0,0,0,Arms Trafficking,None,2022-04-23,Maharashtra,0
0,25,0,0,0,1,1,0,0.226,17,1,0,1,0,0,0,0,0,0,0,0,1,0,0,0,0,0,1,0,0,0,0,Cybercrime,None,2018-07-06,Bihar,0
1,30,0,0,1,0,0,3,0.134,14,4,0,1,0,0,0,0,0,0,0,0,0,1,0,0,0,0,0,1,0,0,0,Drug Trafficking,None,2020-10-12,Karnataka,1
4,47,1,0,0,1,1,1,0.579,15,8,0,1,0,0,0,0,0,0,0,1,0,0,0,0,0,1,0,0,0,0,0,Money Laundering,Kaala Bichhoo Gang,2022-10-18,Kerala,0
0,28,0,0,0,1,0,0,0.346,15,3,0,0,1,0,0,0,0,0,1,0,0,0,1,0,0,0,0,0,0,0,0,Car Theft,None,2019-12-11,Tamil Nadu,0
0,41,0,1,0,0,0,3,0.239,0,0,0,0,1,0,0,0,1,0,0,0,0,0,0,0,1,0,0,0,0,0,0,Assault,None,2020-03-10,Telangana,0
0,27,0,1,0,1,0,3,0.261,4,1,0,1,0,0,0,0,0,0,0,0,1,0,0,0,0,0,0,0,1,0,0,Kidnapping,None,2019-12-07,Tamil Nadu,0
2,28,0,0,1,0,0,4,0.853,16,1,0,1,0,0,0,0,1,0,0,0,0,0,0,1,0,0,0,0,0,0,0,Assault,None,2020-07-12,Karnataka,0
2,44,0,0,1,1,1,1,0.102,9,4,0,0,0,0,1,0,0,0,0,1,0,0,0,0,0,0,1,0,0,0,0,Money Laundering,None,2023-03-17,Bihar,0
2,41,0,1,0,0,0,3,0.587,11,4,0,0,0,1,0,0,0,0,0,0,0,1,0,1,0,0,0,0,0,0,0,Arms Trafficking,None,2023-08-02,Haryana,1
0,16,0,0,0,1,1,0,0.129,8,2,0,0,0,0,0,1,0,0,0,0,1,0,0,0,0,0,1,0,0,0,0,Cybercrime,None,2020-07-18,Uttar Pradesh,0
0,19,0,1,0,1,1,0,0.424,23,3,0,1,0,0,0,0,0,1,0,0,0,0,1,0,0,0,0,0,0,0,0,Car Theft,None,2025-02-02,Uttar Pradesh,0
3,34,0,1,0,0,0,5,0.646,14,1,1,0,0,0,0,0,1,0,0,0,0,0,0,0,1,0,0,0,0,0,0,Murder,None,2020-01-17,Uttar Pradesh,1
0,23,0,1,0,0,0,0,0.77,20,1,1,0,0,0,0,0,0,1,0,0,0,0,1,0,0,0,0,0,0,0,0,Burglary,None,2022-11-22,Punjab,0
0,16,0,0,0,1,1,1,0.293,0,1,1,0,0,0,0,0,0,0,1,0,0,0,0,0,0,1,0,0,0,0,0,Car Theft,None,2021-11-20,Bihar,0
0,27,0,0,0,1,0,0,0.253,2,0,1,0,0,0,0,0,0,0,0,1,0,0,1,0,0,0,0,0,0,0,0,Burglary,None,2023-12-01,Rajasthan,1
1,24,0,0,1,0,0,2,0.643,4,1,0,0,1,0,0,0,0,1,0,0,0,0,0,1,0,0,0,0,0,0,0,Vandalism,None,2020-12-15,Bihar,0
2,24,0,1,0,0,0,3,0.177,15,1,1,0,0,0,0,0,1,0,0,0,0,0,0,0,1,0,0,0,0,0,0,Assault,None,2021-08-25,Tamil Nadu,0
3,26,0,1,0,0,1,4,0.572,2,4,0,0,0,0,0,1,1,0,0,0,0,0,0,0,0,0,0,0,1,0,0,Kidnapping,None,2022-01-02,Delhi,0
1,35,0,0,0,1,1,0,0.192,18,3,0,0,0,0,1,0,0,0,0,1,0,0,0,0,0,1,0,0,0,0,0,Money Laundering,None,2018-09-02,Madhya Pradesh,0
0,28,0,0,1,1,0,0,0.195,16,4,1,0,0,0,0,0,0,0,0,0,0,1,0,0,0,0,0,1,0,0,0,Drug Trafficking,None,2023-03-23,Bihar,0
0,27,0,1,0,1,0,0,0.577,22,1,1,0,0,0,0,0,0,0,1,0,0,0,0,1,0,0,0,0,0,0,0,Car Theft,None,2018-02-14,Rajasthan,0
1,38,0,1,0,0,0,3,0.636,23,1,0,0,1,0,0,0,1,0,0,0,0,0,0,0,1,0,0,0,0,0,0,Assault,None,2019-09-15,Tamil Nadu,0
0,20,0,1,0,1,0,0,0.409,12,6,0,0,0,1,0,0,0,0,0,0,0,1,0,0,0,0,0,1,0,0,0,Arms Trafficking,None,2019-05-08,Tamil Nadu,0
3,18,0,0,0,1,0,0,0.596,22,1,0,0,1,0,0,0,0,0,1,0,0,0,1,0,0,0,0,0,0,0,0,Car Theft,None,2022-06-24,Bihar,1
0,17,1,0,0,0,1,0,0.653,18,7,0,0,0,0,0,1,0,0,0,1,0,0,0,0,0,0,1,0,0,0,0,Cybercrime,Neela Saanp Syndicate,2019-07-20,West Bengal,1
1,20,0,0,0,0,0,0,0.171,3,3,0,0,1,0,0,0,0,1,0,0,0,0,1,0,0,0,0,0,0,0,0,Vandalism,None,2023-03-24,Rajasthan,0
1,41,0,0,0,0,0,0,0.343,10,4,0,1,0,0,0,0,0,0,0,1,0,0,0,0,0,1,0,0,0,0,0,Fraud,None,2019-01-22,Rajasthan,0
0,31,1,0,1,1,0,0,0.495,21,1,1,0,0,0,0,0,0,1,0,0,0,0,0,0,0,0,0,0,0,1,0,Arson,Kaali Billi Crew,2021-10-12,Haryana,0
0,19,0,1,0,0,0,0,0.561,18,7,1,0,0,0,0,0,1,0,0,0,0,0,0,0,0,0,0,0,1,0,0,Kidnapping,None,2022-06-21,Karnataka,0
1,33,0,0,0,0,0,2,0.719,16,2,1,0,0,0,0,0,1,0,0,0,0,0,0,0,1,0,0,0,0,0,0,Assault,None,2020-09-03,Telangana,0
1,31,1,1,0,1,1,2,0.898,8,10,0,0,0,0,0,1,0,0,0,0,0,1,0,0,0,0,0,0,0,0,1,Extortion,Patang Syndicate,2024-05-22,Telangana,0
1,33,0,1,0,0,1,0,0.671,20,6,0,0,1,0,0,0,1,0,0,0,0,0,0,0,0,0,0,0,0,0,1,Kidnapping,None,2018-03-02,West Bengal,1
2,17,1,0,0,1,0,2,0.777,11,2,0,0,0,0,0,1,0,1,0,0,0,0,1,0,0,0,0,0,0,0,0,Burglary,Kaali Billi Crew,2025-01-26,Haryana,1
7,18,1,0,1,0,0,2,0.508,14,5,0,0,1,0,0,0,0,1,0,0,0,0,0,0,0,0,0,0,0,1,0,Vandalism,Kaali Billi Crew,2023-10-23,Madhya Pradesh,1
2,43,1,1,0,0,0,4,0.317,9,3,0,0,1,0,0,0,1,0,0,0,0,0,0,0,1,0,0,0,0,0,0,Murder,Teen Talwar Gang,2023-08-06,Tamil Nadu,0
1,27,0,0,0,0,0,4,0.523,3,0,0,0,1,0,0,0,1,0,0,0,0,0,0,0,1,0,0,0,0,0,0,Assault,None,2024-05-01,Bihar,0
1,18,1,0,0,1,0,5,0.714,20,5,1,0,0,0,0,0,0,0,1,0,0,0,1,0,0,0,0,0,0,0,0,Car Theft,Kaali Billi Crew,2020-05-09,Haryana,1
2,55,1,0,0,1,1,4,0.604,17,24,0,0,1,0,0,0,1,0,0,0,0,0,0,0,0,0,0,0,1,0,0,Human Trafficking,Patang Syndicate,2022-09-19,Punjab,1
2,25,0,0,0,1,0,1,0.334,23,5,0,0,1,0,0,0,0,0,0,1,0,0,0,0,1,0,0,0,0,0,0,Robbery,None,2021-11-11,Maharashtra,1
2,17,1,0,0,0,0,3,0.473,19,3,1,0,0,0,0,0,0,1,0,0,0,0,1,0,0,0,0,0,0,0,0,Burglary,Lal Toofan Crew,2018-11-26,Rajasthan,1
4,34,0,1,0,1,0,3,0.74,23,1,0,0,1,0,0,0,0,0,0,1,0,0,0,0,0,0,0,0,1,0,0,Kidnapping,None,2019-01-13,Uttar Pradesh,1
1,21,1,1,0,1,0,2,0.708,19,3,0,0,0,0,1,0,0,1,0,0,0,0,0,0,1,0,0,0,0,0,0,Robbery,Lal Toofan Crew,2024-03-26,Rajasthan,1
2,48,0,0,0,1,0,0,0.447,14,2,0,1,0,0,0,0,0,0,0,1,0,0,0,0,0,1,0,0,0,0,0,Fraud,None,2018-01-05,Uttar Pradesh,1
0,20,0,0,0,0,0,2,0.487,21,2,0,0,1,0,0,0,0,0,1,0,0,0,1,0,0,0,0,0,0,0,0,Car Theft,None,2022-03-21,Uttar Pradesh,0
2,16,1,0,0,1,0,1,0.597,1,2,0,0,1,0,0,0,0,0,1,0,0,0,1,0,0,0,0,0,0,0,0,Car Theft,Lal Toofan Crew,2025-11-08,Rajasthan,1
2,43,0,0,1,0,0,5,0.557,3,0,0,0,0,1,0,0,1,0,0,0,0,0,0,1,0,0,0,0,0,0,0,Murder,None,2019-10-17,Karnataka,1
1,42,0,0,0,1,0,0,0.095,19,5,1,0,0,0,0,0,0,0,0,1,0,0,0,0,0,0,1,0,0,0,0,Fraud,None,2020-05-15,West Bengal,0
1,25,0,1,0,0,0,0,0.193,1,1,1,0,0,0,0,0,0,1,0,0,0,0,1,0,0,0,0,0,0,0,0,Burglary,None,2023-01-09,West Bengal,0
0,34,0,0,1,1,0,2,0.562,23,4,1,0,0,0,0,0,0,0,0,0,0,1,0,0,0,0,0,1,0,0,0,Drug Trafficking,None,2023-09-16,Telangana,0
3,53,1,0,0,1,1,1,0.525,12,3,0,1,0,0,0,0,0,0,0,1,0,0,0,0,0,1,0,0,0,0,0,Money Laundering,Kaala Bichhoo Gang,2021-03-14,Maharashtra,1
3,16,1,1,0,1,0,7,0.805,18,10,0,0,0,1,0,0,1,0,0,0,0,0,0,0,0,0,0,0,1,0,0,Kidnapping,Neela Saanp Syndicate,2021-03-22,Karnataka,1
5,43,1,0,0,1,1,2,0.51,16,4,0,1,0,0,0,0,0,0,0,1,0,0,0,0,0,1,0,0,0,0,0,Money Laundering,Kaala Bichhoo Gang,2023-07-15,Maharashtra,0
0,30,0,1,1,1,0,0,0.024,19,5,0,0,0,1,0,0,0,0,0,0,0,1,0,0,0,0,0,0,0,0,1,Drug Trafficking,None,2022-10-22,Telangana,1
2,21,0,0,0,0,0,0,0.67,4,4,0,1,0,0,0,0,0,1,0,0,0,0,0,0,0,0,1,0,0,0,0,Vandalism,None,2019-02-08,Maharashtra,1
1,21,0,0,1,0,0,3,0.285,2,2,1,0,0,0,0,0,1,0,0,0,0,0,0,0,1,0,0,0,0,0,0,Assault,None,2021-01-06,Gujarat,1
1,35,0,0,0,1,0,2,0.624,3,3,1,0,0,0,0,0,0,0,0,1,0,0,0,0,0,0,0,0,0,0,1,Extortion,None,2025-10-21,Maharashtra,0
0,17,0,0,0,0,0,5,0.599,4,2,0,0,1,0,0,0,0,1,0,0,0,0,1,0,0,0,0,0,0,0,0,Vandalism,None,2019-10-02,Maharashtra,0
1,41,0,0,1,1,0,1,0.328,2,4,0,0,1,0,0,0,0,0,0,0,0,1,0,0,0,0,0,1,0,0,0,Drug Trafficking,None,2024-03-11,Rajasthan,0
4,25,1,0,0,0,1,1,0.373,10,7,0,0,0,0,1,0,0,0,0,0,1,0,0,0,0,1,0,0,0,0,0,Cybercrime,Neela Saanp Syndicate,2019-04-16,West Bengal,1
0,28,0,1,0,1,0,2,0.547,23,6,0,0,1,0,0,0,0,0,0,0,0,1,0,0,0,0,0,1,0,0,0,Arms Trafficking,None,2025-04-16,Karnataka,0
1,29,0,0,0,1,0,0,0.186,9,2,0,0,1,0,0,0,0,0,1,0,0,0,1,0,0,0,0,0,0,0,0,Car Theft,None,2024-04-21,Maharashtra,0
5,34,1,1,0,0,0,4,0.647,1,6,0,0,0,1,0,0,1,0,0,0,0,0,0,0,0,0,0,0,0,1,0,Murder,Teen Talwar Gang,2019-07-03,Tamil Nadu,0
1,20,0,0,1,0,0,5,0.478,4,0,0,0,1,0,0,0,1,0,0,0,0,0,0,0,1,0,0,0,0,0,0,Assault,None,2025-11-29,Madhya Pradesh,1
1,32,0,0,1,1,0,1,0.54,13,6,0,0,1,0,0,0,0,0,0,0,0,1,0,0,0,0,0,1,0,0,0,Drug Trafficking,None,2025-01-02,Delhi,0
2,16,1,0,0,1,0,3,0.443,23,5,0,0,1,0,0,0,1,0,0,0,0,0,0,1,0,0,0,0,0,0,0,Robbery,Lal Toofan Crew,2023-10-05,Delhi,1
0,33,1,0,1,1,0,1,0.7,0,5,1,0,0,0,0,0,0,0,0,0,0,1,0,0,0,0,0,0,0,0,1,Drug Trafficking,Kaala Bichhoo Gang,2024-12-01,Kerala,1
2,35,1,1,1,0,0,4,0.852,0,8,0,1,0,0,0,0,0,0,0,0,0,1,0,0,0,0,0,1,0,0,0,Arms Trafficking,Kaala Bichhoo Gang,2019-12-21,Maharashtra,1
3,36,0,1,1,0,0,0,0.341,16,4,0,0,1,0,0,0,0,0,0,0,0,1,0,0,0,0,0,1,0,0,0,Drug Trafficking,None,2020-11-18,Gujarat,1
5,27,1,0,0,0,1,2,0.728,13,9,0,0,0,0,0,1,0,0,0,0,1,0,0,0,0,0,1,0,0,0,0,Cybercrime,Neela Saanp Syndicate,2019-09-08,West Bengal,1
0,36,0,0,0,1,0,0,0.351,4,2,1,0,0,0,0,0,0,0,1,0,0,0,0,0,1,0,0,0,0,0,0,Car Theft,None,2023-04-04,Maharashtra,0
1,28,0,0,0,0,0,1,0.066,3,2,1,0,0,0,0,0,0,0,1,0,0,0,1,0,0,0,0,0,0,0,0,Car Theft,None,2020-01-23,Madhya Pradesh,0
1,25,0,0,0,1,0,0,0.548,1,4,0,0,0,0,1,0,0,1,0,0,0,0,1,0,0,0,0,0,0,0,0,Burglary,None,2020-02-20,Delhi,0
2,39,1,0,0,1,1,3,0.776,19,12,0,0,0,0,1,0,0,0,0,1,0,0,0,0,0,1,0,0,0,0,0,Money Laundering,Neela Saanp Syndicate,2020-07-19,West Bengal,1
2,26,0,1,0,0,0,0,0.296,2,2,0,1,0,0,0,0,0,0,1,0,0,0,1,0,0,0,0,0,0,0,0,Car Theft,None,2022-04-13,Kerala,0
1,16,1,0,0,0,0,3,0.646,10,4,0,0,0,0,0,1,0,1,0,0,0,0,0,0,0,0,0,0,0,1,0,Vandalism,Kaali Billi Crew,2018-12-07,Madhya Pradesh,0
0,26,0,0,0,1,1,1,0.221,8,1,0,0,0,0,0,1,0,0,0,0,1,0,0,0,0,1,0,0,0,0,0,Cybercrime,None,2025-11-08,Delhi,0
0,17,0,0,0,0,0,0,0.332,2,3,0,1,0,0,0,0,0,0,1,0,0,0,0,0,0,0,0,0,0,1,0,Vandalism,None,2022-03-31,Maharashtra,0
4,44,1,0,0,0,0,2,0.685,21,11,0,0,1,0,0,0,0,0,0,0,0,1,0,0,0,0,0,1,0,0,0,Assault,Patang Syndicate,2021-01-01,Telangana,0
0,30,0,0,0,1,0,0,0.531,15,4,0,1,0,0,0,0,0,0,0,1,0,0,0,0,0,0,0,0,0,0,1,Extortion,None,2024-03-25,Maharashtra,0
3,43,0,0,0,1,1,1,0.307,14,2,0,0,0,0,0,1,0,0,0,1,0,0,0,0,0,1,0,0,0,0,0,Fraud,None,2019-05-11,Uttar Pradesh,0
0,44,0,0,0,1,0,0,0.338,15,0,0,1,0,0,0,0,0,0,0,0,1,0,0,0,0,1,0,0,0,0,0,Fraud,None,2019-01-31,Rajasthan,0
2,16,1,0,0,1,0,0,0.36,10,2,0,1,0,0,0,0,0,0,0,1,0,0,1,0,0,0,0,0,0,0,0,Burglary,Kaali Billi Crew,2021-01-06,Haryana,1
3,57,1,0,1,1,1,1,0.482,23,7,0,0,1,0,0,0,1,0,0,0,0,0,0,0,0,0,0,0,0,0,1,Human Trafficking,Patang Syndicate,2019-01-31,Punjab,0
0,27,0,1,0,1,0,2,0.356,1,6,0,0,1,0,0,0,0,0,0,0,0,1,0,0,0,0,0,1,0,0,0,Arms Trafficking,None,2019-11-06,Karnataka,0
1,37,0,0,0,1,0,0,0.315,11,2,0,0,0,0,0,1,0,0,0,1,0,0,0,0,0,1,0,0,0,0,0,Fraud,None,2024-11-28,Uttar Pradesh,0
2,27,0,0,0,0,1,2,0.345,23,1,1,0,0,0,0,0,1,0,0,0,0,0,0,0,1,0,0,0,0,0,0,Assault,None,2018-12-01,Bihar,1
0,23,0,0,1,0,0,1,0.499,1,5,1,0,0,0,0,0,0,0,1,0,0,0,0,0,0,0,0,1,0,0,0,Drug Trafficking,None,2024-10-27,Rajasthan,0
4,36,0,1,1,0,0,6,0.632,20,1,0,1,0,0,0,0,1,0,0,0,0,0,0,0,1,0,0,0,0,0,0,Murder,None,2023-01-06,Bihar,1
0,16,0,0,0,0,0,2,0.256,0,1,1,0,0,0,0,0,0,1,0,0,0,0,0,0,0,0,0,0,0,1,0,Arson,None,2020-06-25,West Bengal,1
1,41,1,1,0,1,1,4,0.299,19,12,0,0,1,0,0,0,1,0,0,0,0,0,0,0,0,0,0,0,1,0,0,Kidnapping,Patang Syndicate,2018-12-11,Punjab,0
3,28,0,0,0,1,1,0,0.13,0,2,0,0,1,0,0,0,0,0,0,0,1,0,0,0,0,0,1,0,0,0,0,Cybercrime,None,2021-02-06,Maharashtra,0
1,21,0,0,0,1,1,0,0.195,18,2,0,0,0,0,0,1,0,0,0,1,0,0,0,0,0,0,1,0,0,0,0,Cybercrime,None,2019-09-09,Karnataka,0
0,16,1,0,0,1,0,2,0.615,23,11,0,0,0,0,1,0,0,0,0,1,0,0,0,1,0,0,0,0,0,0,0,Robbery,Lal Toofan Crew,2023-03-25,Rajasthan,1
1,36,1,1,0,1,1,1,0.673,18,5,0,1,0,0,0,0,1,0,0,0,0,0,0,0,0,0,0,0,0,0,1,Extortion,Teen Talwar Gang,2019-12-03,Gujarat,0
1,30,0,0,1,0,0,1,0.174,10,1,0,0,1,0,0,0,1,0,0,0,0,0,0,0,1,0,0,0,0,0,0,Assault,None,2023-04-11,Maharashtra,0
5,32,1,1,1,1,0,3,0.701,17,8,0,0,0,1,0,0,0,0,0,0,0,1,0,0,0,0,0,1,0,0,0,Drug Trafficking,Kaala Bichhoo Gang,2019-07-27,Kerala,1
2,29,1,1,0,0,0,2,0.681,2,11,0,0,0,1,0,0,1,0,0,0,0,0,0,0,1,0,0,0,0,0,0,Kidnapping,Patang Syndicate,2019-05-29,Telangana,1
3,42,1,1,0,1,0,6,0.459,20,7,0,0,1,0,0,0,1,0,0,0,0,0,0,0,0,0,0,0,0,0,1,Kidnapping,Patang Syndicate,2022-06-18,Telangana,1
1,26,1,0,1,1,0,4,0.448,1,3,0,0,1,0,0,0,0,0,0,0,0,1,0,0,0,0,0,1,0,0,0,Drug Trafficking,Lal Toofan Crew,2018-10-29,Rajasthan,1
1,26,1,0,0,0,1,1,0.428,4,14,0,1,0,0,0,0,0,0,0,1,0,0,0,0,0,0,1,0,0,0,0,Cybercrime,Neela Saanp Syndicate,2020-12-24,West Bengal,1
0,24,0,0,0,1,0,0,0.319,20,1,0,1,0,0,0,0,0,0,0,1,0,0,1,0,0,0,0,0,0,0,0,Burglary,None,2021-09-21,Maharashtra,0
4,35,0,0,0,0,0,4,0.622,10,0,0,0,0,1,0,0,0,0,0,1,0,0,0,0,1,0,0,0,0,0,0,Assault,None,2020-03-12,Telangana,0
1,22,1,1,0,1,0,3,0.585,1,3,0,0,1,0,0,0,0,0,0,1,0,0,0,0,1,0,0,0,0,0,0,Robbery,Lal Toofan Crew,2024-12-27,Rajasthan,1
3,47,1,1,0,0,0,3,0.61,16,8,0,0,1,0,0,0,1,0,0,0,0,0,0,0,1,0,0,0,0,0,0,Assault,Teen Talwar Gang,2022-01-05,Tamil Nadu,1
2,44,0,0,0,1,1,0,0.144,10,2,0,1,0,0,0,0,0,0,0,1,0,0,1,0,0,0,0,0,0,0,0,Fraud,None,2024-06-22,Bihar,1
3,44,1,0,1,1,1,3,0.431,19,11,1,0,0,0,0,0,1,0,0,0,0,0,0,0,0,1,0,0,0,0,0,Human Trafficking,Patang Syndicate,2020-03-03,Telangana,1
2,34,0,0,0,1,0,2,0.528,20,4,0,0,1,0,0,0,1,0,0,0,0,0,0,0,0,0,0,0,1,0,0,Kidnapping,None,2024-10-28,Bihar,0
1,18,0,0,0,1,0,2,0.158,4,2,1,0,0,0,0,0,0,1,0,0,0,0,1,0,0,0,0,0,0,0,0,Burglary,None,2019-11-12,Uttar Pradesh,0
2,29,0,0,1,0,0,1,0.215,4,0,0,0,1,0,0,0,0,1,0,0,0,0,1,0,0,0,0,0,0,0,0,Vandalism,None,2023-01-24,Uttar Pradesh,0
0,29,0,0,0,0,0,1,0.62,13,6,0,0,0,0,1,0,1,0,0,0,0,0,0,0,0,0,0,0,1,0,0,Kidnapping,None,2019-07-14,Uttar Pradesh,1
1,30,0,1,1,1,0,0,0.539,13,2,1,0,0,0,0,0,0,0,0,0,0,1,0,0,0,1,0,0,0,0,0,Drug Trafficking,None,2021-10-23,Uttar Pradesh,0
1,19,0,1,0,1,0,4,0.767,3,0,0,1,0,0,0,0,1,0,0,0,0,0,0,0,1,0,0,0,0,0,0,Assault,None,2022-01-26,West Bengal,1
4,33,0,0,0,0,0,3,0.535,13,2,1,0,0,0,0,0,0,1,0,0,0,0,0,0,1,0,0,0,0,0,0,Assault,None,2022-02-19,Rajasthan,1
0,27,1,0,0,1,1,0,0.489,22,16,0,0,1,0,0,0,0,0,0,0,1,0,0,0,0,1,0,0,0,0,0,Human Trafficking,Patang Syndicate,2019-10-15,Punjab,1
3,39,1,1,0,1,0,3,0.644,18,14,0,0,0,1,0,0,0,0,0,1,0,0,0,0,0,0,0,0,1,0,0,Human Trafficking,Patang Syndicate,2019-01-24,Telangana,0
0,21,0,1,0,1,0,3,0.655,17,4,0,0,1,0,0,0,0,1,0,0,0,0,0,0,0,0,0,0,1,0,0,Kidnapping,None,2025-08-16,Madhya Pradesh,0
2,27,0,1,0,1,1,1,0.545,18,2,0,0,0,1,0,0,0,0,0,1,0,0,0,0,1,0,0,0,0,0,0,Robbery,None,2018-09-10,Bihar,0
1,16,0,0,0,0,0,0,0.191,2,1,0,0,0,0,1,0,0,1,0,0,0,0,1,0,0,0,0,0,0,0,0,Burglary,None,2024-11-18,Maharashtra,0
2,22,0,0,0,0,0,1,0.773,22,1,0,0,1,0,0,0,0,0,1,0,0,0,1,0,0,0,0,0,0,0,0,Car Theft,None,2019-04-27,Maharashtra,0
2,35,0,1,0,0,0,3,0.473,14,4,0,0,1,0,0,0,1,0,0,0,0,0,0,0,0,0,0,0,1,0,0,Kidnapping,None,2020-07-13,Maharashtra,1
3,23,0,1,0,1,0,0,0.855,3,3,0,0,1,0,0,0,0,0,0,1,0,0,0,1,0,0,0,0,0,0,0,Robbery,None,2020-03-08,West Bengal,1
0,26,0,0,0,0,0,1,0.458,16,4,1,0,0,0,0,0,0,1,0,0,0,0,1,0,0,0,0,0,0,0,0,Burglary,None,2022-07-07,Delhi,0
0,23,1,0,0,1,1,1,0.672,9,10,0,0,0,0,0,1,0,0,0,0,1,0,0,0,0,0,1,0,0,0,0,Cybercrime,Neela Saanp Syndicate,2019-09-22,West Bengal,1
0,28,0,1,0,0,0,1,0.442,23,0,1,0,0,0,0,0,1,0,0,0,0,0,0,0,1,0,0,0,0,0,0,Assault,None,2021-12-11,Madhya Pradesh,0
1,32,0,0,0,1,0,3,0.699,8,3,0,1,0,0,0,0,1,0,0,0,0,0,0,0,0,0,0,0,0,0,1,Extortion,None,2019-02-21,Maharashtra,0
1,16,1,0,0,0,0,3,0.428,22,3,0,0,1,0,0,0,0,0,0,1,0,0,0,0,0,0,0,0,0,1,0,Vandalism,Kaali Billi Crew,2023-01-20,Madhya Pradesh,1
1,52,0,0,0,1,0,0,0.129,8,0,0,0,1,0,0,0,0,0,0,1,0,0,0,0,0,1,0,0,0,0,0,Fraud,None,2023-10-12,Tamil Nadu,0
0,16,0,0,0,0,0,0,0.258,21,1,0,1,0,0,0,0,0,1,0,0,0,0,0,0,0,0,0,0,0,1,0,Vandalism,None,2025-02-26,Uttar Pradesh,0
2,25,0,1,1,0,0,1,0.402,0,3,0,0,0,1,0,0,0,0,0,0,0,1,0,0,0,0,0,1,0,0,0,Arms Trafficking,None,2019-10-19,Uttar Pradesh,1
3,21,0,1,0,0,0,3,0.454,3,5,0,0,0,1,0,0,1,0,0,0,0,0,0,0,0,0,0,0,1,0,0,Kidnapping,None,2023-07-27,Rajasthan,1
6,30,0,0,1,1,0,3,0.207,22,6,0,0,1,0,0,0,0,0,0,0,0,1,0,0,0,0,0,1,0,0,0,Drug Trafficking,None,2020-05-14,West Bengal,1
4,22,1,0,0,1,0,0,0.72,20,1,1,0,0,0,0,0,0,0,0,1,0,0,0,0,0,0,0,1,0,0,0,Burglary,Kaali Billi Crew,2020-11-28,Haryana,0
4,28,0,0,0,0,0,1,0.178,23,3,0,0,1,0,0,0,0,0,1,0,0,0,1,0,0,0,0,0,0,0,0,Car Theft,None,2025-11-02,Uttar Pradesh,0
1,31,0,1,0,0,0,0,0.471,10,0,1,0,0,0,0,0,1,0,0,0,0,0,0,0,1,0,0,0,0,0,0,Assault,None,2025-08-19,Telangana,0
5,43,1,0,0,1,0,3,0.465,2,14,0,0,1,0,0,0,1,0,0,0,0,0,0,0,0,1,0,0,0,0,0,Human Trafficking,Patang Syndicate,2025-06-01,Punjab,1
3,40,1,1,0,1,1,9,0.731,18,6,0,0,0,0,0,1,0,0,0,1,0,0,0,0,0,0,0,0,0,0,1,Extortion,Teen Talwar Gang,2023-09-12,Gujarat,1
3,26,0,0,0,1,1,0,0.174,22,3,0,0,1,0,0,0,0,0,1,0,0,0,0,0,0,1,0,0,0,0,0,Car Theft,None,2025-02-21,Bihar,0
6,50,1,0,0,1,0,0,0.469,18,8,0,0,0,0,0,1,0,0,0,1,0,0,0,0,0,1,0,0,0,0,0,Money Laundering,Kaala Bichhoo Gang,2019-06-26,Maharashtra,1
1,55,1,1,0,0,0,4,0.699,22,5,0,1,0,0,0,0,0,0,0,0,1,0,0,1,0,0,0,0,0,0,0,Murder,Teen Talwar Gang,2019-09-16,Gujarat,0
3,21,1,0,0,1,0,4,0.449,15,3,0,1,0,0,0,0,0,1,0,0,0,0,0,0,0,0,0,0,0,1,0,Arson,Kaali Billi Crew,2024-10-17,Madhya Pradesh,1
6,32,1,0,0,0,0,8,0.428,1,4,0,0,0,1,0,0,1,0,0,0,0,0,0,1,0,0,0,0,0,0,0,Assault,Kaala Bichhoo Gang,2018-08-16,Maharashtra,1
1,30,1,0,0,1,0,1,0.734,17,0,1,0,0,0,0,0,0,0,0,1,0,0,1,0,0,0,0,0,0,0,0,Burglary,Lal Toofan Crew,2023-02-27,Rajasthan,0
1,31,1,1,1,1,0,0,0.709,20,12,1,0,0,0,0,0,0,0,0,0,0,1,0,0,0,0,0,1,0,0,0,Drug Trafficking,Kaala Bichhoo Gang,2024-06-25,Maharashtra,1
1,17,0,0,0,1,0,0,0.753,1,0,0,0,0,0,0,1,0,0,1,0,0,0,1,0,0,0,0,0,0,0,0,Car Theft,None,2025-12-02,Tamil Nadu,0
1,37,0,1,0,1,1,0,0.441,9,1,0,1,0,0,0,0,0,0,0,1,0,0,0,0,0,0,1,0,0,0,0,Fraud,None,2023-08-03,Uttar Pradesh,1
0,22,0,0,1,0,0,2,0.234,0,7,0,0,0,1,0,0,0,0,0,0,0,1,0,0,0,0,0,1,0,0,0,Drug Trafficking,None,2018-10-30,Gujarat,0
1,24,0,0,0,1,0,0,0.235,23,0,0,0,0,0,1,0,0,0,0,1,0,0,0,0,0,0,1,0,0,0,0,Burglary,None,2020-01-27,Karnataka,1
1,40,0,1,0,1,0,6,0.505,1,1,0,1,0,0,0,0,0,0,0,1,0,0,0,0,0,0,1,0,0,0,0,Robbery,None,2022-04-09,Uttar Pradesh,1
1,25,0,1,1,0,0,0,0.469,10,1,1,0,0,0,0,0,1,0,0,0,0,0,0,0,1,0,0,0,0,0,0,Assault,None,2018-07-16,Maharashtra,0
1,42,1,0,0,1,1,0,0.729,19,10,0,0,0,0,0,1,0,0,0,1,0,0,0,0,0,0,1,0,0,0,0,Fraud,Neela Saanp Syndicate,2025-08-19,Karnataka,0
2,35,0,0,0,1,1,0,0.048,11,3,0,0,0,0,0,1,0,0,0,1,0,0,1,0,0,0,0,0,0,0,0,Fraud,None,2019-06-17,Uttar Pradesh,0
1,43,0,0,0,1,1,0,0.384,19,1,0,0,0,0,0,1,0,0,0,1,0,0,0,0,0,1,0,0,0,0,0,Fraud,None,2021-12-29,Bihar,0
0,33,0,0,1,0,0,1,0.47,16,1,0,0,0,1,0,0,0,0,0,0,0,1,0,0,0,0,0,1,0,0,0,Drug Trafficking,None,2022-04-26,Maharashtra,0
3,41,0,0,0,1,1,1,0.168,23,1,0,0,0,0,1,0,0,0,0,1,0,0,0,0,0,1,0,0,0,0,0,Fraud,None,2018-11-28,Bihar,1
1,20,0,1,1,1,0,1,0.079,1,6,1,0,0,0,0,0,0,0,0,0,0,1,0,0,0,0,0,1,0,0,0,Drug Trafficking,None,2025-08-09,Gujarat,1
0,24,0,0,1,1,1,2,0.741,4,3,0,0,1,0,0,0,0,0,0,0,0,1,0,0,0,0,0,1,0,0,0,Drug Trafficking,None,2023-12-20,Uttar Pradesh,0
1,20,0,0,0,1,0,0,0.109,9,3,0,1,0,0,0,0,0,0,1,0,0,0,1,0,0,0,0,0,0,0,0,Car Theft,None,2022-07-28,Haryana,1
1,42,1,1,0,1,0,1,0.559,8,6,0,0,0,1,0,0,0,0,0,1,0,0,0,0,0,0,1,0,0,0,0,Fraud,Kaala Bichhoo Gang,2020-01-11,Kerala,1
3,32,1,1,1,1,0,4,0.398,23,9,0,0,1,0,0,0,0,0,0,0,0,1,0,0,0,1,0,0,0,0,0,Drug Trafficking,Kaala Bichhoo Gang,2021-01-14,Kerala,1
0,32,0,0,0,1,1,0,0.167,10,3,0,0,0,0,0,1,0,0,0,1,0,0,0,0,0,0,1,0,0,0,0,Cybercrime,None,2021-04-20,Gujarat,0
0,16,1,1,1,1,0,0,0.613,2,4,1,0,0,0,0,0,0,1,0,0,0,0,1,0,0,0,0,0,0,0,0,Burglary,Kaali Billi Crew,2020-12-28,Madhya Pradesh,0
0,22,0,0,0,0,1,0,0.438,1,2,0,0,0,0,0,1,0,0,0,0,1,0,0,0,0,0,1,0,0,0,0,Cybercrime,None,2024-06-16,Uttar Pradesh,0
3,43,1,0,1,1,0,1,0.441,12,17,0,0,0,1,0,0,0,0,0,0,0,1,0,0,0,0,0,1,0,0,0,Drug Trafficking,Kaala Bichhoo Gang,2024-04-01,Maharashtra,1
3,27,1,1,1,1,0,2,0.474,20,8,0,0,0,1,0,0,0,0,0,0,0,1,0,0,0,0,0,1,0,0,0,Drug Trafficking,Kaala Bichhoo Gang,2018-10-07,Maharashtra,1
3,22,1,0,1,1,0,4,0.322,17,5,0,0,0,1,0,0,0,0,0,0,0,1,0,0,0,0,0,1,0,0,0,Drug Trafficking,Kaala Bichhoo Gang,2023-09-05,Maharashtra,1
1,35,0,0,1,1,1,0,0.244,12,2,0,0,0,1,0,0,0,0,1,0,0,0,0,0,0,1,0,0,0,0,0,Fraud,None,2022-08-05,Maharashtra,0
1,37,0,0,0,0,1,0,0.849,3,4,0,0,0,0,0,1,0,0,0,0,1,0,0,0,0,0,1,0,0,0,0,Cybercrime,None,2020-09-19,Uttar Pradesh,1
1,16,1,0,0,0,0,0,0.52,4,0,0,0,1,0,0,0,0,1,0,0,0,0,0,0,0,0,0,0,0,1,0,Vandalism,Kaali Billi Crew,2024-07-19,Madhya Pradesh,1
1,19,1,0,0,0,0,0,0.652,1,5,0,0,1,0,0,0,0,1,0,0,0,0,0,0,0,0,0,0,0,1,0,Vandalism,Kaali Billi Crew,2018-04-29,Madhya Pradesh,0
1,23,1,0,0,0,1,0,0.872,18,13,0,0,0,0,0,1,0,0,0,0,1,0,0,0,0,0,1,0,0,0,0,Cybercrime,Neela Saanp Syndicate,2018-08-22,Karnataka,1
0,30,1,1,0,1,1,2,0.795,0,7,0,0,0,1,0,0,0,0,0,0,0,1,0,0,0,0,0,1,0,0,0,Arms Trafficking,Teen Talwar Gang,2019-07-15,Gujarat,1
1,26,0,1,0,1,1,4,0.471,0,1,0,0,1,0,0,0,0,0,0,1,0,0,0,0,1,0,0,0,0,0,0,Robbery,None,2023-05-27,Haryana,1
6,16,1,1,1,0,0,4,0.774,22,4,0,0,1,0,0,0,0,0,1,0,0,0,0,1,0,0,0,0,0,0,0,Assault,Kaali Billi Crew,2018-04-08,Haryana,1
4,39,1,0,0,1,1,1,0.513,11,20,0,0,1,0,0,0,1,0,0,0,0,0,0,0,0,1,0,0,0,0,0,Human Trafficking,Patang Syndicate,2021-03-04,Telangana,1
2,35,1,1,0,1,0,1,0.602,22,13,0,0,1,0,0,0,1,0,0,0,0,0,0,0,0,1,0,0,0,0,0,Human Trafficking,Patang Syndicate,2025-07-22,Punjab,1
3,39,0,0,0,1,0,1,0.358,13,3,0,0,0,0,0,1,0,0,0,1,0,0,0,0,0,1,0,0,0,0,0,Fraud,None,2025-06-24,Karnataka,0
5,27,1,0,0,1,1,1,0.705,19,6,0,0,0,0,1,0,0,0,0,0,1,0,0,0,0,1,0,0,0,0,0,Cybercrime,Neela Saanp Syndicate,2022-05-22,West Bengal,1
1,28,0,0,0,0,0,0,0.05,1,3,0,1,0,0,0,0,0,1,0,0,0,0,0,0,0,1,0,0,0,0,0,Burglary,None,2021-05-30,Telangana,0
0,24,0,0,1,1,1,1,0.174,12,5,0,0,0,0,1,0,0,0,0,0,0,1,0,0,0,0,0,1,0,0,0,Drug Trafficking,None,2024-08-18,Tamil Nadu,0
1,35,0,1,0,1,0,0,0.66,19,3,0,0,1,0,0,0,0,0,0,1,0,0,0,1,0,0,0,0,0,0,0,Robbery,None,2023-09-24,Madhya Pradesh,0
0,35,0,0,1,0,0,2,0.505,0,2,0,1,0,0,0,0,1,0,0,0,0,0,0,0,1,0,0,0,0,0,0,Assault,None,2019-10-23,Uttar Pradesh,0
1,16,0,0,0,0,0,0,0.296,4,5,0,0,1,0,0,0,0,1,0,0,0,0,1,0,0,0,0,0,0,0,0,Car Theft,None,2019-07-25,Uttar Pradesh,0
2,23,0,0,0,0,0,0,0.706,3,3,0,0,1,0,0,0,0,0,1,0,0,0,0,0,0,1,0,0,0,0,0,Car Theft,None,2022-11-22,Uttar Pradesh,0
1,19,0,0,1,0,0,1,0.454,3,0,0,0,1,0,0,0,0,1,0,0,0,0,0,0,0,0,0,0,0,1,0,Vandalism,None,2021-07-19,West Bengal,0
3,39,1,1,0,1,1,4,0.348,21,8,0,1,0,0,0,0,0,0,0,1,0,0,0,1,0,0,0,0,0,0,0,Extortion,Teen Talwar Gang,2019-10-07,Tamil Nadu,1
0,29,0,0,0,1,0,0,0.236,12,3,0,0,0,0,1,0,0,1,0,0,0,0,0,0,0,1,0,0,0,0,0,Fraud,None,2021-11-16,Bihar,0
1,34,0,0,1,1,1,0,0.768,9,3,0,0,0,0,0,1,0,0,0,1,0,0,0,0,0,0,1,0,0,0,0,Cybercrime,None,2019-04-05,Karnataka,0
0,37,0,0,0,1,0,0,0.231,8,0,0,0,0,0,0,1,0,0,0,0,1,0,0,0,0,1,0,0,0,0,0,Fraud,None,2019-08-19,Uttar Pradesh,0
2,30,0,1,0,1,0,3,0.441,22,3,0,0,0,1,0,0,1,0,0,0,0,0,0,1,0,0,0,0,0,0,0,Murder,None,2024-07-31,Haryana,0
0,26,0,0,0,0,0,2,0.379,14,4,1,0,0,0,0,0,0,1,0,0,0,0,0,0,1,0,0,0,0,0,0,Assault,None,2023-02-21,Tamil Nadu,0
0,33,0,1,0,0,0,3,0.714,10,3,0,0,1,0,0,0,1,0,0,0,0,0,0,0,0,0,0,0,1,0,0,Kidnapping,None,2022-09-20,Kerala,0
5,29,0,1,0,1,0,2,0.483,3,4,1,0,0,0,0,0,1,0,0,0,0,0,0,1,0,0,0,0,0,0,0,Robbery,None,2021-03-07,Rajasthan,1
0,30,0,0,0,1,0,0,0.258,2,2,0,0,1,0,0,0,0,0,1,0,0,0,1,0,0,0,0,0,0,0,0,Car Theft,None,2025-04-08,Madhya Pradesh,1
0,20,0,1,0,1,0,1,0.517,0,3,0,0,1,0,0,0,1,0,0,0,0,0,0,0,1,0,0,0,0,0,0,Robbery,None,2023-07-23,Telangana,1
3,21,1,1,0,1,0,6,0.746,1,5,1,0,0,0,0,0,0,0,0,1,0,0,0,0,0,0,0,0,1,0,0,Robbery,Lal Toofan Crew,2019-12-19,Delhi,1
2,38,1,0,0,1,1,0,0.59,1,14,1,0,0,0,0,0,0,0,0,1,0,0,1,0,0,0,0,0,0,0,0,Burglary,Patang Syndicate,2024-09-09,Telangana,0
1,35,0,0,0,0,0,2,0.531,0,1,0,0,1,0,0,0,1,0,0,0,0,0,0,0,1,0,0,0,0,0,0,Assault,None,2023-01-26,Rajasthan,0
2,25,0,1,0,1,0,4,0.566,2,2,0,0,0,1,0,0,0,0,0,1,0,0,0,0,1,0,0,0,0,0,0,Robbery,None,2024-12-06,Delhi,0
0,16,1,0,0,0,0,1,0.823,21,2,0,0,1,0,0,0,0,1,0,0,0,0,0,0,0,0,0,0,0,1,0,Vandalism,Kaali Billi Crew,2025-07-12,Haryana,0
1,21,0,0,0,0,0,1,0.28,23,3,1,0,0,0,0,0,0,0,1,0,0,0,0,0,0,0,0,0,0,1,0,Arson,None,2018-04-25,Maharashtra,0
2,43,0,1,0,1,0,2,0.469,0,6,0,0,0,1,0,0,0,0,0,0,0,1,0,0,0,0,0,1,0,0,0,Arms Trafficking,None,2019-11-30,Uttar Pradesh,0
0,23,0,0,0,1,0,1,0.232,9,5,0,0,1,0,0,0,1,0,0,0,0,0,0,0,0,0,0,0,1,0,0,Kidnapping,None,2018-02-18,Uttar Pradesh,0
1,34,0,1,1,0,0,0,0.282,0,1,0,1,0,0,0,0,0,0,0,0,0,1,0,0,0,0,0,1,0,0,0,Drug Trafficking,None,2023-10-30,Maharashtra,1
3,27,1,1,0,1,1,0,0.465,22,3,0,0,1,0,0,0,0,0,1,0,0,0,0,0,0,0,1,0,0,0,0,Car Theft,Lal Toofan Crew,2025-07-07,Delhi,0
3,39,1,1,0,1,0,1,0.858,23,7,0,1,0,0,0,0,0,0,0,1,0,0,0,1,0,0,0,0,0,0,0,Extortion,Teen Talwar Gang,2023-07-26,Gujarat,0
0,26,0,0,0,1,1,0,0.452,19,5,0,0,0,0,1,0,0,0,0,1,0,0,0,0,0,1,0,0,0,0,0,Fraud,None,2022-11-09,Uttar Pradesh,1
0,45,0,1,0,1,0,0,0.462,2,5,0,0,1,0,0,0,0,0,1,0,0,0,0,0,0,0,0,0,1,0,0,Kidnapping,None,2019-06-06,Rajasthan,0
2,17,1,0,0,1,0,2,0.357,9,4,0,0,0,1,0,0,0,1,0,0,0,0,1,0,0,0,0,0,0,0,0,Burglary,Lal Toofan Crew,2022-09-04,Rajasthan,1
2,38,1,0,1,0,0,3,0.259,9,9,0,0,0,1,0,0,0,0,0,0,0,1,0,0,0,0,0,1,0,0,0,Drug Trafficking,Kaala Bichhoo Gang,2021-08-02,Kerala,1
1,20,0,0,1,1,0,0,0.532,1,3,1,0,0,0,0,0,0,1,0,0,0,0,1,0,0,0,0,0,0,0,0,Burglary,None,2020-04-26,Gujarat,0
5,31,1,0,1,0,0,3,0.388,13,15,0,0,0,1,0,0,1,0,0,0,0,0,0,0,0,1,0,0,0,0,0,Human Trafficking,Patang Syndicate,2021-12-20,Telangana,1
0,20,0,0,0,1,1,0,0.254,22,2,0,0,1,0,0,0,0,0,1,0,0,0,1,0,0,0,0,0,0,0,0,Car Theft,None,2020-01-16,Kerala,0
1,44,0,0,0,1,0,0,0.427,20,2,0,0,0,0,0,1,0,0,0,1,0,0,0,0,0,1,0,0,0,0,0,Fraud,None,2022-12-20,Tamil Nadu,1
4,25,0,0,0,0,0,3,0.529,3,2,0,1,0,0,0,0,1,0,0,0,0,0,0,0,1,0,0,0,0,0,0,Assault,None,2018-02-15,Delhi,0
3,25,0,1,0,0,0,5,0.331,1,0,1,0,0,0,0,0,1,0,0,0,0,0,0,0,1,0,0,0,0,0,0,Assault,None,2022-10-31,Karnataka,1
3,26,0,1,0,1,0,5,0.545,16,2,1,0,0,0,0,0,0,1,0,0,0,0,0,0,1,0,0,0,0,0,0,Assault,None,2024-09-12,Kerala,1
0,26,0,0,0,1,0,4,0.709,3,4,0,1,0,0,0,0,0,1,0,0,0,0,0,1,0,0,0,0,0,0,0,Robbery,None,2024-06-06,Rajasthan,1
2,32,0,1,0,1,0,3,0.491,4,5,0,0,0,1,0,0,0,0,0,0,0,1,0,0,0,0,0,1,0,0,0,Arms Trafficking,None,2022-12-01,Maharashtra,0
0,26,0,0,0,0,0,1,0.401,4,2,0,0,1,0,0,0,0,0,0,0,0,1,1,0,0,0,0,0,0,0,0,Vandalism,None,2023-09-30,Gujarat,0
0,19,0,0,0,1,1,0,0.147,2,6,0,0,0,0,0,1,0,0,0,0,1,0,0,0,0,0,1,0,0,0,0,Cybercrime,None,2024-11-26,Tamil Nadu,1
1,19,0,0,0,1,0,0,0.65,1,0,0,1,0,0,0,0,0,0,1,0,0,0,0,0,0,1,0,0,0,0,0,Car Theft,None,2025-07-01,Tamil Nadu,0
1,30,0,0,0,1,0,1,0.328,23,0,1,0,0,0,0,0,0,0,1,0,0,0,0,0,0,0,1,0,0,0,0,Car Theft,None,2018-07-04,Bihar,0
0,22,0,0,0,1,1,0,0.351,16,3,0,0,0,0,0,1,0,0,0,0,1,0,0,0,0,0,1,0,0,0,0,Cybercrime,None,2024-07-29,Haryana,0
1,37,0,1,0,1,0,0,0.558,4,4,0,0,1,0,0,0,1,0,0,0,0,0,0,0,1,0,0,0,0,0,0,Murder,None,2019-01-21,Madhya Pradesh,0
1,41,0,0,0,1,0,0,0.105,16,3,0,0,0,0,1,0,0,1,0,0,0,0,0,0,0,1,0,0,0,0,0,Fraud,None,2018-02-04,Bihar,0
1,26,0,0,0,0,0,0,0.753,10,1,0,0,1,0,0,0,1,0,0,0,0,0,0,0,0,0,1,0,0,0,0,Assault,None,2023-06-24,Uttar Pradesh,0
0,32,0,0,0,1,0,0,0.462,10,5,0,0,1,0,0,0,0,0,1,0,0,0,1,0,0,0,0,0,0,0,0,Car Theft,None,2022-07-30,Delhi,0
0,30,1,0,1,1,0,3,0.383,9,9,0,1,0,0,0,0,0,0,0,0,0,1,0,0,0,0,0,1,0,0,0,Drug Trafficking,Kaala Bichhoo Gang,2021-03-21,Kerala,1
0,24,0,1,0,1,1,0,0.459,3,6,0,0,0,1,0,0,1,0,0,0,0,0,0,1,0,0,0,0,0,0,0,Robbery,None,2018-09-15,Rajasthan,0
0,33,0,1,0,0,0,1,0.663,8,6,1,0,0,0,0,0,1,0,0,0,0,0,0,0,0,0,0,0,1,0,0,Kidnapping,None,2022-09-22,Tamil Nadu,1
3,47,1,1,1,1,0,3,0.714,2,6,0,1,0,0,0,0,0,0,0,1,0,0,0,0,0,0,0,0,0,0,1,Extortion,Teen Talwar Gang,2020-05-05,Tamil Nadu,1
2,16,1,0,0,1,0,0,0.621,15,4,1,0,0,0,0,0,0,1,0,0,0,0,1,0,0,0,0,0,0,0,0,Burglary,Lal Toofan Crew,2022-01-29,Rajasthan,1
2,29,0,0,0,0,0,3,0.394,22,2,0,0,1,0,0,0,1,0,0,0,0,0,0,0,1,0,0,0,0,0,0,Assault,None,2023-11-13,West Bengal,1
3,36,1,1,0,0,0,2,0.698,21,5,0,1,0,0,0,0,0,0,0,1,0,0,0,0,0,0,0,0,0,0,1,Extortion,Teen Talwar Gang,2025-08-20,Tamil Nadu,1
3,38,1,1,1,1,0,5,0.407,8,11,0,1,0,0,0,0,0,0,0,1,0,0,0,0,0,0,0,0,0,0,1,Extortion,Patang Syndicate,2020-06-14,Punjab,1
1,44,1,1,0,1,0,3,0.477,23,8,0,0,0,0,1,0,0,0,0,1,0,0,0,0,0,1,0,0,0,0,0,Money Laundering,Kaala Bichhoo Gang,2021-06-17,Kerala,0
1,28,0,1,0,1,0,3,0.685,13,6,0,0,1,0,0,0,0,0,1,0,0,0,0,1,0,0,0,0,0,0,0,Robbery,None,2022-05-03,Uttar Pradesh,0
1,26,0,1,0,1,0,3,0.637,20,4,1,0,0,0,0,0,1,0,0,0,0,0,0,0,0,0,0,0,0,0,1,Kidnapping,None,2019-07-23,Tamil Nadu,0
2,29,0,0,0,1,0,2,0.817,18,4,1,0,0,0,0,0,1,0,0,0,0,0,0,0,0,0,0,0,1,0,0,Kidnapping,None,2020-07-05,Bihar,0
1,22,0,0,0,1,0,1,0.808,19,3,1,0,0,0,0,0,1,0,0,0,0,0,0,0,0,0,0,0,1,0,0,Kidnapping,None,2023-03-24,Rajasthan,0
2,40,1,1,0,1,1,5,0.51,20,14,0,0,0,1,0,0,1,0,0,0,0,0,0,0,0,0,0,0,1,0,0,Kidnapping,Patang Syndicate,2021-10-05,Telangana,1
0,29,0,0,0,1,1,0,0.056,4,4,0,0,0,0,0,1,0,0,0,1,0,0,0,0,0,1,0,0,0,0,0,Fraud,None,2020-08-24,Bihar,0
3,39,0,0,0,1,0,0,0.248,9,4,0,0,0,0,1,0,0,0,0,1,0,0,0,0,0,1,0,0,0,0,0,Money Laundering,None,2018-10-29,Gujarat,1
1,22,0,0,0,1,0,0,0.33,22,1,1,0,0,0,0,0,0,1,0,0,0,0,0,0,1,0,0,0,0,0,0,Burglary,None,2023-09-30,Uttar Pradesh,0
6,36,1,1,0,1,0,5,0.624,4,5,0,1,0,0,0,0,1,0,0,0,0,0,0,0,1,0,0,0,0,0,0,Murder,Teen Talwar Gang,2020-10-09,Tamil Nadu,1
0,28,0,0,1,1,0,1,0.464,22,4,0,0,0,1,0,0,0,1,0,0,0,0,0,0,0,0,0,0,1,0,0,Robbery,None,2025-11-10,West Bengal,0
4,28,0,0,1,1,0,2,0.31,21,5,0,0,1,0,0,0,0,0,0,0,0,1,0,0,0,0,0,1,0,0,0,Drug Trafficking,None,2023-06-16,Uttar Pradesh,1
2,32,0,0,0,0,0,1,0.113,0,1,1,0,0,0,0,0,0,0,0,0,1,0,0,0,0,1,0,0,0,0,0,Car Theft,None,2021-09-18,Bihar,0
1,28,0,1,0,1,0,4,0.042,4,6,0,0,0,1,0,0,1,0,0,0,0,0,0,0,0,0,0,0,0,0,1,Human Trafficking,None,2022-09-29,Tamil Nadu,0
5,33,0,0,0,1,0,8,0.849,16,2,0,1,0,0,0,0,0,0,1,0,0,0,0,0,0,0,1,0,0,0,0,Extortion,None,2021-06-25,Uttar Pradesh,1
0,28,0,0,0,1,0,0,0.356,23,1,0,0,1,0,0,0,0,0,1,0,0,0,1,0,0,0,0,0,0,0,0,Car Theft,None,2021-12-23,Gujarat,0
0,24,0,0,0,0,0,1,0.489,19,1,0,0,0,1,0,0,0,0,0,1,0,0,0,0,1,0,0,0,0,0,0,Assault,None,2024-08-10,Madhya Pradesh,0
1,33,1,1,0,1,0,3,0.688,21,12,0,0,0,1,0,0,0,0,0,0,0,1,0,0,0,0,0,1,0,0,0,Arms Trafficking,Teen Talwar Gang,2018-12-05,Tamil Nadu,0
0,16,0,1,0,1,0,0,0.122,20,1,0,1,0,0,0,0,0,1,0,0,0,0,1,0,0,0,0,0,0,0,0,Burglary,None,2019-07-03,Bihar,0
1,26,0,0,0,1,0,0,0.45,23,6,0,0,0,1,0,0,1,0,0,0,0,0,0,0,0,0,0,0,1,0,0,Kidnapping,None,2021-02-03,Bihar,0
2,24,0,1,0,1,0,1,0.416,14,1,0,0,1,0,0,0,0,0,0,1,0,0,0,0,1,0,0,0,0,0,0,Robbery,None,2019-08-31,Kerala,0
0,22,1,0,0,1,1,2,0.481,4,6,0,1,0,0,0,0,0,0,0,1,0,0,0,0,0,0,1,0,0,0,0,Cybercrime,Neela Saanp Syndicate,2022-05-05,Karnataka,1
1,35,0,1,0,1,0,1,0.339,13,2,0,0,1,0,0,0,1,0,0,0,0,0,0,1,0,0,0,0,0,0,0,Robbery,None,2021-05-16,Haryana,0
1,31,0,1,0,1,0,1,0.268,21,4,0,0,1,0,0,0,0,0,0,0,0,1,0,0,0,0,0,1,0,0,0,Arms Trafficking,None,2024-07-05,Maharashtra,1
0,20,0,1,0,0,0,4,0.755,2,3,0,0,0,1,0,0,1,0,0,0,0,0,0,0,0,0,0,0,1,0,0,Kidnapping,None,2025-06-10,Tamil Nadu,1
0,18,0,0,0,0,0,1,0.125,23,2,0,1,0,0,0,0,0,1,0,0,0,0,0,0,0,0,1,0,0,0,0,Burglary,None,2024-07-06,Bihar,0
2,29,1,0,0,1,0,6,0.421,19,2,0,0,1,0,0,0,0,1,0,0,0,0,0,0,0,0,0,0,0,1,0,Arson,Kaali Billi Crew,2024-10-03,Haryana,1
2,19,0,0,0,0,0,1,0.282,3,1,1,0,0,0,0,0,0,1,0,0,0,0,0,0,0,0,0,0,0,1,0,Arson,None,2021-08-29,Uttar Pradesh,0
1,30,0,0,0,0,0,4,0.4,23,1,0,0,1,0,0,0,1,0,0,0,0,0,0,0,1,0,0,0,0,0,0,Assault,None,2018-07-12,West Bengal,1
1,33,0,1,1,1,1,2,0.676,1,3,0,0,0,1,0,0,1,0,0,0,0,0,0,0,0,0,0,0,1,0,0,Kidnapping,None,2024-07-27,Tamil Nadu,0
0,34,0,0,0,1,0,0,0.331,8,2,0,0,0,0,1,0,0,0,0,0,1,0,0,0,0,1,0,0,0,0,0,Fraud,None,2021-07-24,Kerala,0
5,30,1,0,0,0,0,1,0.722,3,7,0,0,1,0,0,0,0,0,1,0,0,0,1,0,0,0,0,0,0,0,0,Car Theft,Lal Toofan Crew,2024-03-04,Delhi,0
3,46,0,0,0,1,1,2,0.276,16,2,0,0,0,0,1,0,0,0,0,1,0,0,0,0,0,1,0,0,0,0,0,Fraud,None,2025-03-22,Telangana,0
2,16,1,1,0,0,0,2,0.531,17,1,0,0,1,0,0,0,0,0,0,0,0,1,1,0,0,0,0,0,0,0,0,Car Theft,Lal Toofan Crew,2025-07-18,Delhi,1
3,25,0,1,0,0,0,5,0.361,22,1,0,1,0,0,0,0,0,1,0,0,0,0,0,0,0,0,0,0,0,1,0,Arson,None,2024-01-09,Haryana,1
3,40,0,0,0,1,1,0,0.15,8,3,0,1,0,0,0,0,0,0,0,1,0,0,0,0,0,1,0,0,0,0,0,Fraud,None,2018-11-06,Uttar Pradesh,0
3,28,0,0,0,0,0,4,0.41,22,0,0,0,1,0,0,0,1,0,0,0,0,0,0,0,1,0,0,0,0,0,0,Assault,None,2025-07-17,Uttar Pradesh,1
0,16,0,0,1,1,0,2,0.392,1,8,1,0,0,0,0,0,0,0,0,0,0,1,0,0,0,0,0,1,0,0,0,Drug Trafficking,None,2021-03-24,Bihar,0
0,43,0,0,0,0,0,1,0.54,14,1,1,0,0,0,0,0,1,0,0,0,0,0,0,1,0,0,0,0,0,0,0,Kidnapping,None,2022-05-13,Delhi,0
3,29,0,1,0,1,0,2,0.719,4,3,0,0,0,1,0,0,0,0,0,0,0,1,0,0,0,0,0,1,0,0,0,Arms Trafficking,None,2018-10-10,Delhi,0
0,37,0,1,0,0,0,2,0.34,0,1,1,0,0,0,0,0,1,0,0,0,0,0,0,0,0,0,0,0,1,0,0,Kidnapping,None,2023-03-04,Uttar Pradesh,0
1,17,0,0,0,1,1,1,0.327,23,4,0,0,1,0,0,0,0,0,1,0,0,0,0,0,0,0,1,0,0,0,0,Car Theft,None,2025-05-15,Karnataka,0
2,37,1,1,0,1,1,4,0.408,17,8,0,1,0,0,0,0,0,0,0,1,0,0,0,0,0,0,0,0,0,0,1,Extortion,Patang Syndicate,2020-02-05,Telangana,0
1,27,0,0,0,1,0,2,0.102,22,7,0,0,0,1,0,0,0,0,0,0,0,1,0,0,0,0,0,1,0,0,0,Drug Trafficking,None,2024-07-04,Bihar,0
1,34,0,1,0,1,0,4,0.546,20,6,0,1,0,0,0,0,0,0,0,0,0,1,0,0,0,0,0,1,0,0,0,Arms Trafficking,None,2020-05-05,Gujarat,0
1,22,0,0,0,0,0,1,0.622,3,1,1,0,0,0,0,0,0,1,0,0,0,0,0,0,1,0,0,0,0,0,0,Assault,None,2024-07-08,Tamil Nadu,1
0,29,0,1,0,0,0,3,0.391,20,2,0,0,1,0,0,0,1,0,0,0,0,0,0,0,1,0,0,0,0,0,0,Assault,None,2020-03-07,Karnataka,0
2,35,0,1,0,0,0,2,0.771,1,4,1,0,0,0,0,0,1,0,0,0,0,0,0,1,0,0,0,0,0,0,0,Murder,None,2019-02-25,Telangana,0
3,29,1,0,0,0,0,1,0.357,23,3,0,0,1,0,0,0,0,0,1,0,0,0,1,0,0,0,0,0,0,0,0,Car Theft,Lal Toofan Crew,2021-05-04,Rajasthan,0
0,19,0,1,0,1,0,0,0.664,0,3,1,0,0,0,0,0,0,0,0,0,0,1,0,0,0,0,0,1,0,0,0,Arms Trafficking,None,2022-09-06,Maharashtra,0
1,25,1,1,0,1,0,5,0.435,2,6,0,0,1,0,0,0,0,0,0,0,0,1,0,0,1,0,0,0,0,0,0,Robbery,Lal Toofan Crew,2025-07-23,Delhi,1
1,24,0,0,0,1,0,2,0.23,19,1,1,0,0,0,0,0,0,1,0,0,0,0,0,0,0,0,0,0,0,1,0,Arson,None,2022-05-01,Uttar Pradesh,0
2,37,0,0,0,1,0,1,0.198,8,0,1,0,0,0,0,0,0,0,0,1,0,0,0,0,0,0,1,0,0,0,0,Fraud,None,2023-10-23,Uttar Pradesh,0
2,26,0,0,0,0,0,3,0.36,23,0,0,0,1,0,0,0,0,1,0,0,0,0,0,0,1,0,0,0,0,0,0,Assault,None,2022-12-11,Bihar,1
2,16,1,0,0,1,0,1,0.685,4,3,1,0,0,0,0,0,0,1,0,0,0,0,1,0,0,0,0,0,0,0,0,Burglary,Kaali Billi Crew,2025-02-03,Madhya Pradesh,0
0,39,0,1,0,0,0,1,0.566,21,0,1,0,0,0,0,0,0,0,0,1,0,0,0,0,0,0,0,0,0,0,1,Assault,None,2021-11-01,Uttar Pradesh,0
4,29,1,0,0,1,0,1,0.604,20,2,1,0,0,0,0,0,0,1,0,0,0,0,1,0,0,0,0,0,0,0,0,Burglary,Lal Toofan Crew,2020-04-30,Rajasthan,0
1,29,1,1,1,0,0,2,0.406,2,15,0,0,1,0,0,0,0,0,0,0,0,1,0,0,0,0,0,1,0,0,0,Drug Trafficking,Kaala Bichhoo Gang,2025-10-19,Kerala,1
2,32,0,0,1,0,1,0,0.639,19,1,0,0,0,0,0,1,0,0,0,0,1,0,0,0,0,0,1,0,0,0,0,Cybercrime,None,2022-04-14,Karnataka,1
2,42,1,1,1,1,0,2,0.726,12,5,0,0,0,1,0,0,1,0,0,0,0,0,0,0,0,0,0,0,1,0,0,Human Trafficking,Kaala Bichhoo Gang,2020-10-18,Kerala,0
3,34,0,1,0,0,0,4,0.408,20,8,0,0,0,1,0,0,0,0,0,0,0,1,0,0,1,0,0,0,0,0,0,Arms Trafficking,None,2019-09-02,Tamil Nadu,1
3,23,0,1,1,1,1,3,0.517,8,8,0,0,0,1,0,0,1,0,0,0,0,0,0,1,0,0,0,0,0,0,0,Kidnapping,None,2025-03-20,Karnataka,1
0,24,1,1,0,1,1,3,0.505,2,9,0,0,0,1,0,0,0,0,0,1,0,0,0,0,0,0,0,1,0,0,0,Arms Trafficking,Neela Saanp Syndicate,2019-06-03,Karnataka,1
1,35,1,0,1,1,1,1,0.479,11,9,0,0,0,1,0,0,1,0,0,0,0,0,0,0,0,0,0,0,0,0,1,Human Trafficking,Patang Syndicate,2022-08-01,Punjab,0
1,31,0,1,1,0,0,2,0.308,19,1,0,0,0,1,0,0,1,0,0,0,0,0,0,1,0,0,0,0,0,0,0,Assault,None,2019-10-31,Gujarat,0
1,31,1,0,1,1,0,3,0.657,2,13,1,0,0,0,0,0,0,0,0,0,0,1,0,0,0,0,0,1,0,0,0,Drug Trafficking,Kaala Bichhoo Gang,2022-07-21,Maharashtra,0
1,25,0,0,0,0,0,3,0.342,3,3,0,1,0,0,0,0,1,0,0,0,0,0,0,1,0,0,0,0,0,0,0,Assault,None,2024-12-06,Haryana,0
3,37,1,1,0,1,0,3,0.569,23,14,0,0,0,1,0,0,0,0,0,0,0,1,0,0,0,0,0,1,0,0,0,Arms Trafficking,Kaala Bichhoo Gang,2018-05-29,Maharashtra,1
0,35,0,0,0,1,0,0,0.674,16,2,1,0,0,0,0,0,0,0,0,1,0,0,0,0,0,1,0,0,0,0,0,Fraud,None,2020-10-07,West Bengal,0
2,35,1,0,0,1,0,2,0.849,18,17,1,0,0,0,0,0,0,0,0,1,0,0,0,0,0,0,0,0,0,0,1,Extortion,Patang Syndicate,2021-06-02,Telangana,0
3,43,1,1,0,1,0,2,0.581,22,3,0,0,0,1,0,0,0,0,0,0,0,1,0,0,0,0,0,1,0,0,0,Arms Trafficking,Kaala Bichhoo Gang,2018-05-11,Kerala,1
4,37,0,0,1,1,0,2,0.061,3,6,0,0,0,1,0,0,0,0,0,0,0,1,0,0,0,0,0,0,0,0,1,Drug Trafficking,None,2025-06-20,Gujarat,1
1,30,0,1,0,0,0,2,0.676,2,4,0,0,1,0,0,0,1,0,0,0,0,0,0,0,1,0,0,0,0,0,0,Assault,None,2022-03-01,Maharashtra,0
1,34,0,0,0,1,1,1,0.457,1,0,0,0,1,0,0,0,0,0,1,0,0,0,1,0,0,0,0,0,0,0,0,Car Theft,None,2023-03-22,Punjab,0
0,27,0,1,0,1,0,3,0.436,2,3,0,0,1,0,0,0,0,0,0,1,0,0,0,1,0,0,0,0,0,0,0,Robbery,None,2021-11-17,Delhi,0
0,23,0,0,0,1,0,0,0.233,22,2,0,1,0,0,0,0,1,0,0,0,0,0,1,0,0,0,0,0,0,0,0,Burglary,None,2019-08-02,Haryana,0
1,24,0,0,0,1,0,1,0.536,1,2,1,0,0,0,0,0,0,1,0,0,0,0,0,0,0,1,0,0,0,0,0,Burglary,None,2022-09-21,West Bengal,0
2,40,0,0,1,1,1,0,0.073,22,8,0,0,0,1,0,0,1,0,0,0,0,0,0,0,0,0,0,1,0,0,0,Human Trafficking,None,2022-05-14,Uttar Pradesh,0
2,51,1,0,0,1,0,1,0.799,9,7,0,0,0,0,0,1,0,0,0,1,0,0,0,0,0,1,0,0,0,0,0,Money Laundering,Kaala Bichhoo Gang,2023-07-08,Kerala,1
1,24,0,0,0,1,0,5,0.851,3,1,0,0,0,1,0,0,1,0,0,0,0,0,0,0,0,0,0,0,1,0,0,Kidnapping,None,2025-09-30,Maharashtra,0
0,24,0,0,0,1,0,0,0.451,2,1,0,0,1,0,0,0,0,1,0,0,0,0,1,0,0,0,0,0,0,0,0,Burglary,None,2023-11-27,Delhi,0
0,49,1,1,0,0,0,5,0.655,0,5,1,0,0,0,0,0,1,0,0,0,0,0,0,0,1,0,0,0,0,0,0,Murder,Teen Talwar Gang,2020-11-25,Gujarat,1
2,22,0,1,0,1,0,4,0.79,18,2,0,1,0,0,0,0,0,0,0,1,0,0,0,1,0,0,0,0,0,0,0,Robbery,None,2021-06-08,Telangana,1
4,37,1,1,0,1,0,4,0.372,21,9,0,0,1,0,0,0,0,0,0,0,1,0,0,0,0,1,0,0,0,0,0,Human Trafficking,Patang Syndicate,2019-01-06,Punjab,1
3,22,1,1,0,1,0,3,0.67,22,15,0,0,1,0,0,0,0,0,0,1,0,0,0,0,1,0,0,0,0,0,0,Robbery,Neela Saanp Syndicate,2019-08-19,Karnataka,1
2,27,0,1,0,1,0,1,0.59,15,4,0,0,0,1,0,0,1,0,0,0,0,0,0,0,0,0,0,0,1,0,0,Human Trafficking,None,2020-04-12,Kerala,1
4,34,0,1,0,1,0,1,0.294,15,2,0,0,0,1,0,0,0,0,0,0,0,1,0,0,0,0,0,1,0,0,0,Arms Trafficking,None,2021-04-09,Maharashtra,1
3,25,0,0,0,0,0,3,0.392,15,1,1,0,0,0,0,0,1,0,0,0,0,0,0,0,1,0,0,0,0,0,0,Assault,None,2022-08-01,Haryana,1
0,22,0,0,1,1,0,0,0.14,11,5,0,1,0,0,0,0,0,0,0,0,0,1,0,0,0,0,0,1,0,0,0,Drug Trafficking,None,2024-09-18,Karnataka,0
0,21,0,0,0,1,0,0,0.262,3,1,0,0,0,1,0,0,0,0,0,1,0,0,0,0,0,0,0,0,0,0,1,Robbery,None,2018-06-16,Tamil Nadu,0
1,44,0,0,0,1,1,1,0.292,1,2,0,0,0,0,0,1,0,0,0,1,0,0,0,0,0,1,0,0,0,0,0,Fraud,None,2021-02-20,Uttar Pradesh,0
0,32,0,0,1,0,0,0,0.331,11,4,1,0,0,0,0,0,0,0,0,0,0,1,0,0,0,0,0,1,0,0,0,Drug Trafficking,None,2023-01-12,Bihar,0
0,19,0,1,0,1,0,0,0.416,4,0,1,0,0,0,0,0,0,1,0,0,0,0,0,0,1,0,0,0,0,0,0,Burglary,None,2018-12-10,Maharashtra,0
0,21,0,0,0,1,0,0,0.124,18,0,1,0,0,0,0,0,0,0,1,0,0,0,0,0,0,1,0,0,0,0,0,Car Theft,None,2023-05-14,Karnataka,0
2,38,0,1,0,0,0,3,0.599,11,1,0,0,1,0,0,0,1,0,0,0,0,0,0,0,1,0,0,0,0,0,0,Assault,None,2020-10-23,Uttar Pradesh,1
1,24,0,0,0,1,0,0,0.059,0,0,0,1,0,0,0,0,0,0,0,1,0,0,1,0,0,0,0,0,0,0,0,Burglary,None,2022-07-11,Rajasthan,0
2,45,1,0,0,1,1,2,0.592,17,12,0,0,0,0,0,1,1,0,0,0,0,0,0,0,0,1,0,0,0,0,0,Human Trafficking,Patang Syndicate,2023-09-28,Punjab,1
5,40,1,1,0,0,1,9,0.72,2,5,0,0,1,0,0,0,1,0,0,0,0,0,0,0,1,0,0,0,0,0,0,Murder,Teen Talwar Gang,2021-05-07,Gujarat,1
1,16,0,0,0,0,0,0,0.184,15,4,0,0,1,0,0,0,0,1,0,0,0,0,0,0,0,0,0,0,0,1,0,Vandalism,None,2021-09-13,Gujarat,0
2,43,0,1,0,0,0,3,0.588,18,2,0,0,1,0,0,0,1,0,0,0,0,0,0,1,0,0,0,0,0,0,0,Assault,None,2023-01-05,Rajasthan,0
0,24,0,0,0,0,0,2,0.508,22,6,0,0,0,0,1,0,0,0,0,1,0,0,0,0,0,0,0,0,0,0,1,Robbery,None,2022-08-19,Bihar,0
1,30,0,1,1,1,0,0,0.337,16,5,0,0,0,1,0,0,0,0,0,0,0,1,0,0,0,1,0,0,0,0,0,Drug Trafficking,None,2022-06-03,Punjab,0
1,53,0,1,1,1,1,0,0.619,2,5,0,0,0,0,1,0,0,0,0,1,0,0,0,0,0,1,0,0,0,0,0,Money Laundering,None,2019-12-24,Madhya Pradesh,1
2,37,0,0,0,1,0,0,0.18,1,0,1,0,0,0,0,0,0,0,0,1,0,0,0,0,0,1,0,0,0,0,0,Fraud,None,2020-01-24,Gujarat,0
1,30,1,1,0,0,0,1,0.795,19,9,0,0,0,1,0,0,1,0,0,0,0,0,0,1,0,0,0,0,0,0,0,Murder,Lal Toofan Crew,2025-12-20,Delhi,1
1,16,0,0,0,1,0,1,0.138,15,0,1,0,0,0,0,0,0,1,0,0,0,0,0,0,1,0,0,0,0,0,0,Burglary,None,2025-03-11,Rajasthan,1
1,43,0,0,0,1,0,0,0.221,11,0,0,0,0,0,1,0,0,0,0,1,0,0,0,0,0,1,0,0,0,0,0,Fraud,None,2020-10-22,Tamil Nadu,0
1,35,0,0,0,1,1,0,0.322,22,0,0,0,0,0,1,0,0,0,0,1,0,0,0,0,0,0,1,0,0,0,0,Fraud,None,2018-06-17,Haryana,1
1,23,0,0,0,1,0,0,0.171,13,1,0,1,0,0,0,0,0,1,0,0,0,0,1,0,0,0,0,0,0,0,0,Burglary,None,2023-01-29,Uttar Pradesh,0
1,30,0,1,0,0,0,1,0.422,12,7,1,0,0,0,0,0,1,0,0,0,0,0,0,0,0,0,0,0,1,0,0,Kidnapping,None,2019-05-27,Uttar Pradesh,1
1,32,0,0,0,1,1,0,0.306,1,3,0,0,0,0,0,1,0,0,0,1,0,0,0,0,0,0,0,0,0,0,1,Extortion,None,2023-12-03,Karnataka,0
5,47,1,0,0,1,1,0,0.509,12,14,0,1,0,0,0,0,0,0,0,1,0,0,0,0,0,1,0,0,0,0,0,Fraud,Neela Saanp Syndicate,2021-01-17,Karnataka,1
0,29,0,0,0,0,0,1,0.465,0,1,0,0,1,0,0,0,1,0,0,0,0,0,0,0,1,0,0,0,0,0,0,Assault,None,2018-06-19,West Bengal,0
3,38,1,0,1,1,1,1,0.595,14,9,0,0,0,0,1,0,0,0,0,1,0,0,0,0,0,1,0,0,0,0,0,Money Laundering,Neela Saanp Syndicate,2020-08-09,Karnataka,1
1,32,0,0,0,1,0,0,0.214,21,3,0,0,0,0,1,0,0,0,0,1,0,0,0,0,0,1,0,0,0,0,0,Fraud,None,2021-01-06,Gujarat,0
3,35,1,0,0,1,1,5,0.649,15,8,0,0,0,0,0,1,0,0,0,1,0,0,0,1,0,0,0,0,0,0,0,Extortion,Teen Talwar Gang,2020-10-13,Tamil Nadu,1
4,39,0,0,0,1,0,0,0.301,1,1,1,0,0,0,0,0,0,1,0,0,0,0,1,0,0,0,0,0,0,0,0,Burglary,None,2023-06-01,Gujarat,0
3,19,1,0,0,0,1,2,0.488,23,4,0,0,1,0,0,0,0,1,0,0,0,0,0,0,0,1,0,0,0,0,0,Car Theft,Lal Toofan Crew,2018-12-27,Rajasthan,0
2,43,1,0,0,1,0,1,0.453,20,9,0,1,0,0,0,0,1,0,0,0,0,0,0,0,0,0,1,0,0,0,0,Extortion,Patang Syndicate,2021-08-11,Telangana,1
0,17,0,0,0,1,1,0,0.178,14,5,0,0,0,0,1,0,0,0,0,1,0,0,0,0,0,0,1,0,0,0,0,Cybercrime,None,2024-12-23,Delhi,0
1,23,0,1,0,1,0,2,0.401,4,5,0,1,0,0,0,0,0,0,0,0,0,1,0,0,0,0,0,1,0,0,0,Arms Trafficking,None,2020-08-06,Rajasthan,1
1,25,1,0,0,1,1,0,0.287,10,10,1,0,0,0,0,0,0,0,0,0,1,0,0,0,0,0,1,0,0,0,0,Cybercrime,Neela Saanp Syndicate,2023-01-14,Karnataka,0
3,47,1,0,0,1,0,1,0.441,4,12,0,0,1,0,0,0,1,0,0,0,0,0,0,0,0,0,0,0,1,0,0,Kidnapping,Patang Syndicate,2025-02-16,Punjab,1
1,29,0,0,1,1,0,5,0.382,17,1,1,0,0,0,0,0,0,1,0,0,0,0,0,0,1,0,0,0,0,0,0,Robbery,None,2023-05-04,Maharashtra,1
1,38,0,1,0,0,0,4,0.686,17,2,0,0,0,1,0,0,1,0,0,0,0,0,0,1,0,0,0,0,0,0,0,Murder,None,2020-05-02,Karnataka,1
5,27,0,0,0,0,0,4,0.625,22,2,1,0,0,0,0,0,1,0,0,0,0,0,0,0,1,0,0,0,0,0,0,Murder,None,2020-03-16,Maharashtra,1
3,35,0,0,0,0,0,1,0.648,22,0,0,1,0,0,0,0,0,0,1,0,0,0,0,0,0,0,0,0,0,1,0,Arson,None,2023-05-24,Uttar Pradesh,0
2,34,0,0,1,1,0,1,0.5,23,2,0,0,1,0,0,0,1,0,0,0,0,0,0,0,1,0,0,0,0,0,0,Assault,None,2022-10-20,Maharashtra,0
0,16,1,0,0,1,1,0,0.447,15,5,0,0,0,0,0,1,0,0,0,0,1,0,0,0,0,0,1,0,0,0,0,Cybercrime,Neela Saanp Syndicate,2023-05-16,West Bengal,0
0,29,0,0,0,1,1,0,0.212,20,2,0,1,0,0,0,0,0,0,0,0,1,0,1,0,0,0,0,0,0,0,0,Fraud,None,2018-10-22,Madhya Pradesh,0
3,40,1,0,0,1,0,1,0.494,21,6,1,0,0,0,0,0,0,0,0,1,0,0,0,0,0,1,0,0,0,0,0,Fraud,Teen Talwar Gang,2019-10-10,Gujarat,0
0,29,0,0,0,0,0,1,0.318,12,1,1,0,0,0,0,0,0,1,0,0,0,0,0,0,1,0,0,0,0,0,0,Assault,None,2019-02-12,Telangana,0
4,51,1,1,0,1,0,4,0.637,21,5,0,1,0,0,0,0,0,0,0,1,0,0,0,1,0,0,0,0,0,0,0,Extortion,Teen Talwar Gang,2018-09-16,Tamil Nadu,1
3,20,1,0,0,1,1,3,0.457,14,12,0,1,0,0,0,0,0,0,0,1,0,0,0,0,0,0,1,0,0,0,0,Fraud,Neela Saanp Syndicate,2024-11-08,West Bengal,1
0,34,0,0,0,1,0,0,0.14,23,1,1,0,0,0,0,0,0,0,1,0,0,0,1,0,0,0,0,0,0,0,0,Car Theft,None,2020-03-20,Uttar Pradesh,0
1,22,0,1,0,0,0,1,0.504,2,0,1,0,0,0,0,0,0,0,1,0,0,0,1,0,0,0,0,0,0,0,0,Car Theft,None,2019-05-22,Uttar Pradesh,1
4,39,1,1,0,0,0,1,0.813,0,8,0,0,0,1,0,0,0,0,0,0,0,1,0,0,0,0,0,1,0,0,0,Arms Trafficking,Teen Talwar Gang,2023-09-04,Tamil Nadu,0
1,27,0,0,0,0,0,1,0.588,21,3,0,0,1,0,0,0,0,1,0,0,0,0,0,0,1,0,0,0,0,0,0,Assault,None,2021-11-12,Bihar,0
0,26,0,0,0,1,0,1,0.557,0,2,0,1,0,0,0,0,0,0,1,0,0,0,1,0,0,0,0,0,0,0,0,Car Theft,None,2022-05-14,Maharashtra,0
1,35,0,0,0,0,1,0,0.308,22,0,0,1,0,0,0,0,0,0,0,0,1,0,0,0,0,0,1,0,0,0,0,Cybercrime,None,2025-05-03,Maharashtra,0
1,38,0,0,0,0,0,1,0.215,12,2,1,0,0,0,0,0,1,0,0,0,0,0,0,0,1,0,0,0,0,0,0,Assault,None,2019-01-26,Maharashtra,1
2,36,1,0,1,1,0,3,0.393,3,11,0,0,1,0,0,0,0,0,0,0,0,1,0,0,0,1,0,0,0,0,0,Drug Trafficking,Kaala Bichhoo Gang,2025-03-05,Kerala,1
3,32,1,0,1,1,0,1,0.753,19,6,0,0,0,1,0,0,0,0,0,0,0,1,0,0,0,1,0,0,0,0,0,Drug Trafficking,Kaala Bichhoo Gang,2020-01-20,Maharashtra,1
0,25,0,0,0,0,0,0,0.431,21,3,0,0,1,0,0,0,0,0,0,1,0,0,0,1,0,0,0,0,0,0,0,Car Theft,None,2024-12-22,Bihar,0
1,20,0,0,0,0,0,0,0.41,1,0,0,1,0,0,0,0,0,1,0,0,0,0,1,0,0,0,0,0,0,0,0,Burglary,None,2022-12-06,Kerala,0
1,49,0,0,0,1,0,0,0.277,18,1,0,0,0,0,0,1,1,0,0,0,0,0,0,0,0,1,0,0,0,0,0,Fraud,None,2021-08-15,Uttar Pradesh,0
0,30,0,0,0,0,0,2,0.731,1,1,0,0,1,0,0,0,1,0,0,0,0,0,0,0,1,0,0,0,0,0,0,Assault,None,2022-12-23,Maharashtra,0
0,35,0,1,0,1,0,0,0.236,22,7,0,0,0,1,0,0,0,0,0,0,0,1,1,0,0,0,0,0,0,0,0,Drug Trafficking,None,2020-12-02,Uttar Pradesh,0
0,46,1,0,0,1,1,1,0.432,12,8,0,1,0,0,0,0,0,0,0,1,0,0,0,0,0,0,0,0,0,0,1,Money Laundering,Kaala Bichhoo Gang,2019-06-13,Kerala,0
7,39,0,1,0,0,0,5,0.499,2,1,1,0,0,0,0,0,1,0,0,0,0,0,0,1,0,0,0,0,0,0,0,Murder,None,2021-08-03,Maharashtra,1
2,42,0,0,0,1,1,0,0.348,19,2,0,0,0,0,1,0,0,0,0,1,0,0,0,0,0,1,0,0,0,0,0,Money Laundering,None,2020-07-24,Maharashtra,0
1,41,1,0,0,1,1,1,0.565,2,13,0,0,1,0,0,0,0,0,0,1,0,0,0,0,0,0,0,0,1,0,0,Human Trafficking,Patang Syndicate,2021-08-13,Telangana,0
0,38,0,1,0,1,1,1,0.443,14,2,0,0,0,1,0,0,0,0,0,0,0,1,0,0,0,0,0,1,0,0,0,Arms Trafficking,None,2018-04-25,Rajasthan,1
0,27,1,0,0,1,1,0,0.478,9,6,0,0,0,0,0,1,0,0,0,0,1,0,0,0,0,0,1,0,0,0,0,Cybercrime,Neela Saanp Syndicate,2021-04-14,Karnataka,0
1,33,1,1,1,1,0,2,0.445,20,14,0,0,1,0,0,0,0,0,0,0,0,1,0,0,0,1,0,0,0,0,0,Drug Trafficking,Kaala Bichhoo Gang,2020-04-01,Maharashtra,1
2,35,0,0,0,0,0,3,0.824,14,2,0,1,0,0,0,0,0,0,0,1,0,0,0,1,0,0,0,0,0,0,0,Robbery,None,2020-07-14,Bihar,1
0,16,1,0,0,0,0,1,0.488,23,3,0,0,1,0,0,0,0,1,0,0,0,0,0,0,0,0,0,0,0,1,0,Vandalism,Kaali Billi Crew,2022-04-14,Madhya Pradesh,0
3,36,1,1,0,1,0,2,0.773,0,3,0,0,0,1,0,0,0,0,0,0,0,1,0,0,0,0,0,1,0,0,0,Arms Trafficking,Teen Talwar Gang,2019-12-09,Tamil Nadu,0
4,18,1,0,0,0,0,0,0.328,20,3,0,1,0,0,0,0,0,1,0,0,0,0,1,0,0,0,0,0,0,0,0,Burglary,Kaali Billi Crew,2020-08-31,Madhya Pradesh,1
2,39,1,1,0,1,0,2,0.612,8,2,0,0,0,1,0,0,1,0,0,0,0,0,0,0,0,0,0,0,1,0,0,Murder,Teen Talwar Gang,2021-11-17,Gujarat,1
1,32,0,0,0,1,0,1,0.092,22,2,0,1,0,0,0,0,0,0,0,1,0,0,0,0,0,1,0,0,0,0,0,Burglary,None,2021-09-08,Kerala,0
2,40,1,0,0,1,0,1,0.315,18,14,0,0,0,0,0,1,1,0,0,0,0,0,0,1,0,0,0,0,0,0,0,Human Trafficking,Patang Syndicate,2022-02-17,Telangana,1
3,23,1,1,0,1,0,5,0.614,20,5,0,0,0,1,0,0,0,0,0,1,0,0,0,1,0,0,0,0,0,0,0,Robbery,Lal Toofan Crew,2024-11-28,Rajasthan,1
4,32,0,1,0,1,1,3,0.607,21,3,1,0,0,0,0,0,1,0,0,0,0,0,0,0,0,0,0,0,1,0,0,Kidnapping,None,2024-03-22,Maharashtra,1
3,30,1,1,0,1,0,2,0.736,9,10,0,1,0,0,0,0,0,0,0,1,0,0,0,1,0,0,0,0,0,0,0,Robbery,Patang Syndicate,2018-10-23,Telangana,1
3,26,0,1,0,1,0,1,0.189,21,3,0,1,0,0,0,0,0,0,0,1,0,0,0,1,0,0,0,0,0,0,0,Robbery,None,2022-10-03,Bihar,0
1,16,0,1,0,0,0,4,0.454,8,1,0,0,0,1,0,0,0,0,0,0,0,1,0,0,0,0,0,0,0,1,0,Murder,None,2019-01-20,Telangana,1
2,32,1,1,0,0,0,4,0.623,22,9,0,0,0,1,0,0,1,0,0,0,0,0,0,0,0,0,0,0,1,0,0,Kidnapping,Patang Syndicate,2018-07-12,Telangana,1
2,38,0,0,0,1,0,1,0.576,9,0,0,0,0,0,1,0,0,0,0,0,1,0,0,0,0,1,0,0,0,0,0,Fraud,None,2019-10-27,Madhya Pradesh,0
6,41,0,1,1,1,0,2,0.491,3,4,0,0,0,1,0,0,1,0,0,0,0,0,0,0,0,1,0,0,0,0,0,Human Trafficking,None,2025-05-11,Madhya Pradesh,1
6,49,0,0,0,1,0,6,0.286,14,2,0,0,0,0,1,0,1,0,0,0,0,0,0,0,0,0,0,0,1,0,0,Assault,None,2018-09-22,Bihar,1
0,35,0,0,0,1,0,1,0.383,4,1,0,0,1,0,0,0,0,0,1,0,0,0,1,0,0,0,0,0,0,0,0,Car Theft,None,2025-08-07,Maharashtra,0
1,17,0,0,0,1,0,0,0.102,23,1,0,0,1,0,0,0,1,0,0,0,0,0,1,0,0,0,0,0,0,0,0,Car Theft,None,2020-02-06,Bihar,0
1,16,0,0,0,1,0,1,0.406,14,9,0,1,0,0,0,0,0,0,0,1,0,0,0,0,0,0,0,0,0,0,1,Extortion,None,2024-05-14,Bihar,1
3,31,1,1,0,1,0,3,0.723,2,3,0,1,0,0,0,0,0,0,0,0,0,1,0,0,0,0,0,1,0,0,0,Arms Trafficking,Lal Toofan Crew,2020-06-10,Rajasthan,1
2,36,1,1,1,1,0,3,0.377,2,6,0,0,0,1,0,0,0,0,0,0,0,1,0,0,0,1,0,0,0,0,0,Drug Trafficking,Kaala Bichhoo Gang,2023-01-03,Maharashtra,1
0,37,0,0,0,1,1,0,0.222,4,5,0,1,0,0,0,0,0,0,0,1,0,0,0,0,0,1,0,0,0,0,0,Fraud,None,2022-02-24,Madhya Pradesh,0
2,39,0,0,0,1,0,0,0.123,9,3,0,0,0,0,1,0,0,0,0,1,0,0,0,0,0,1,0,0,0,0,0,Fraud,None,2021-10-09,Rajasthan,0
1,21,0,0,0,1,0,0,0.099,4,6,0,0,1,0,0,0,0,0,1,0,0,0,1,0,0,0,0,0,0,0,0,Car Theft,None,2024-07-31,Uttar Pradesh,1
2,23,1,1,0,1,0,1,0.482,23,5,0,0,1,0,0,0,0,0,1,0,0,0,1,0,0,0,0,0,0,0,0,Car Theft,Lal Toofan Crew,2021-01-02,Delhi,0
2,41,1,0,0,1,1,1,0.527,22,8,0,0,0,0,1,0,0,0,0,1,0,0,0,0,0,1,0,0,0,0,0,Money Laundering,Kaala Bichhoo Gang,2024-05-10,Kerala,0
2,39,1,1,0,1,1,2,0.877,14,6,0,0,0,1,0,0,0,0,0,0,0,1,0,0,0,0,0,1,0,0,0,Arms Trafficking,Teen Talwar Gang,2022-12-12,Gujarat,1
0,19,0,0,0,1,1,0,0.458,17,1,0,0,0,0,1,0,0,0,0,0,1,0,0,0,0,1,0,0,0,0,0,Cybercrime,None,2020-07-30,Maharashtra,0
1,24,0,0,0,0,0,1,0.475,20,2,0,0,1,0,0,0,0,0,1,0,0,0,0,0,0,0,0,0,0,1,0,Vandalism,None,2025-09-18,Tamil Nadu,0
1,37,0,0,0,1,0,0,0.073,12,3,0,1,0,0,0,0,0,1,0,0,0,0,0,0,1,0,0,0,0,0,0,Burglary,None,2018-05-16,Karnataka,0
3,24,1,0,0,1,0,2,0.678,14,6,0,0,0,0,0,1,0,0,0,0,1,0,0,0,0,0,1,0,0,0,0,Cybercrime,Neela Saanp Syndicate,2022-06-13,Karnataka,0
1,19,0,0,0,1,0,0,0.645,23,3,0,0,1,0,0,0,0,0,1,0,0,0,0,0,0,0,1,0,0,0,0,Car Theft,None,2023-10-11,Bihar,0
1,34,0,0,0,1,1,0,0.62,18,4,0,1,0,0,0,0,0,0,0,1,0,0,0,0,0,0,1,0,0,0,0,Money Laundering,None,2022-01-28,Bihar,1
0,26,0,0,1,0,0,1,0.618,21,8,0,0,0,1,0,0,0,0,0,0,0,1,0,0,0,1,0,0,0,0,0,Drug Trafficking,None,2024-01-13,Uttar Pradesh,0
4,23,1,1,0,1,0,4,0.795,2,6,0,0,1,0,0,0,0,1,0,0,0,0,0,1,0,0,0,0,0,0,0,Robbery,Lal Toofan Crew,2020-05-24,Rajasthan,1
1,22,0,1,0,0,0,2,0.552,8,0,0,0,1,0,0,0,1,0,0,0,0,0,0,0,1,0,0,0,0,0,0,Assault,None,2020-04-20,West Bengal,1
1,28,0,0,0,0,0,1,0.478,23,1,1,0,0,0,0,0,1,0,0,0,0,0,0,0,1,0,0,0,0,0,0,Assault,None,2025-05-02,Rajasthan,0
2,26,0,0,0,0,0,4,0.508,1,3,1,0,0,0,0,0,0,0,0,0,1,0,0,0,0,0,0,0,1,0,0,Kidnapping,None,2023-08-19,Delhi,0
3,30,1,1,0,1,0,0,0.37,18,4,0,1,0,0,0,0,0,1,0,0,0,0,1,0,0,0,0,0,0,0,0,Burglary,Lal Toofan Crew,2022-06-03,Rajasthan,1
1,17,1,0,0,1,1,1,0.541,14,11,0,1,0,0,0,0,0,0,0,0,1,0,0,0,0,0,1,0,0,0,0,Cybercrime,Neela Saanp Syndicate,2019-07-14,Karnataka,1
4,34,0,0,0,1,1,0,0.301,13,3,1,0,0,0,0,0,0,0,0,1,0,0,0,0,0,1,0,0,0,0,0,Fraud,None,2023-10-23,Madhya Pradesh,1
0,30,0,0,1,1,0,0,0.438,16,1,0,1,0,0,0,0,0,0,0,0,0,1,0,0,0,0,0,1,0,0,0,Drug Trafficking,None,2024-12-01,Madhya Pradesh,0
1,34,0,1,1,1,0,4,0.679,16,3,0,0,1,0,0,0,1,0,0,0,0,0,0,1,0,0,0,0,0,0,0,Murder,None,2020-06-11,Rajasthan,1
0,40,0,0,0,1,0,0,0.435,10,5,0,0,0,0,1,0,0,0,0,1,0,0,0,0,0,1,0,0,0,0,0,Fraud,None,2021-04-06,Maharashtra,1
2,41,0,1,0,1,1,2,0.462,13,7,0,0,1,0,0,0,0,0,0,0,0,1,0,0,1,0,0,0,0,0,0,Arms Trafficking,None,2020-10-23,Maharashtra,1
1,31,0,0,0,0,0,0,0.17,0,5,0,0,1,0,0,0,1,0,0,0,0,0,0,0,0,0,0,0,1,0,0,Kidnapping,None,2023-12-18,Karnataka,1
3,38,0,0,0,1,1,3,0.51,16,10,0,0,0,1,0,0,0,0,0,1,0,0,0,0,0,0,0,0,1,0,0,Human Trafficking,None,2021-06-05,Rajasthan,1
0,29,0,0,0,1,0,0,0.538,22,2,0,1,0,0,0,0,0,1,0,0,0,0,0,0,0,0,0,0,0,0,1,Arson,None,2022-01-20,Bihar,0
1,18,1,0,0,1,1,0,0.84,9,10,0,0,0,0,1,0,0,0,0,0,1,0,0,0,0,0,1,0,0,0,0,Cybercrime,Neela Saanp Syndicate,2020-11-24,West Bengal,1
1,30,0,1,0,1,0,2,0.405,14,5,0,0,1,0,0,0,1,0,0,0,0,0,0,0,0,0,0,0,1,0,0,Kidnapping,None,2025-04-29,Uttar Pradesh,0
1,41,0,1,1,1,1,1,0.802,16,3,0,1,0,0,0,0,0,0,0,0,0,1,0,0,0,1,0,0,0,0,0,Arms Trafficking,None,2025-11-19,Bihar,0
5,23,0,1,0,1,0,5,0.566,11,5,1,0,0,0,0,0,0,0,0,0,0,1,0,0,0,0,1,0,0,0,0,Arms Trafficking,None,2018-12-12,Maharashtra,1
0,24,0,0,0,1,0,0,0.315,21,1,0,0,0,0,0,1,0,0,0,0,1,0,0,0,0,0,1,0,0,0,0,Cybercrime,None,2022-12-05,Madhya Pradesh,0
0,20,0,1,0,0,0,3,0.611,23,4,0,1,0,0,0,0,0,0,0,0,0,1,0,0,0,0,0,1,0,0,0,Arms Trafficking,None,2023-08-28,Bihar,0
1,29,1,0,0,0,0,1,0.635,0,2,1,0,0,0,0,0,0,0,1,0,0,0,0,0,0,0,0,0,1,0,0,Car Theft,Lal Toofan Crew,2024-09-24,Delhi,0
0,54,0,0,0,1,0,0,0.471,8,2,0,0,1,0,0,0,0,0,0,0,1,0,0,0,0,1,0,0,0,0,0,Fraud,None,2021-10-19,Rajasthan,0
0,29,0,0,0,0,0,0,0.216,1,2,1,0,0,0,0,0,0,1,0,0,0,0,0,0,1,0,0,0,0,0,0,Assault,None,2018-09-26,Tamil Nadu,0
0,24,0,1,0,1,0,2,0.588,3,4,0,0,0,0,0,1,0,0,0,1,0,0,0,0,0,0,0,0,0,0,1,Extortion,None,2022-07-13,Karnataka,0
1,16,1,0,0,1,0,2,0.8,11,2,1,0,0,0,0,0,0,1,0,0,0,0,1,0,0,0,0,0,0,0,0,Burglary,Kaali Billi Crew,2022-02-09,Madhya Pradesh,0
0,31,0,0,1,1,0,1,0.082,1,5,0,0,0,1,0,0,0,0,0,0,0,1,0,0,0,0,0,1,0,0,0,Drug Trafficking,None,2024-03-17,Delhi,0
3,34,0,0,0,0,0,1,0.289,1,1,0,0,1,0,0,0,0,0,0,0,1,0,0,0,0,0,1,0,0,0,0,Car Theft,None,2025-06-29,Punjab,0
3,38,0,0,0,1,0,0,0.458,0,1,0,0,0,0,0,1,0,0,0,1,0,0,0,0,0,1,0,0,0,0,0,Fraud,None,2020-06-03,Maharashtra,1
2,38,0,0,0,1,1,0,0.125,8,7,0,1,0,0,0,0,0,0,0,1,0,0,0,0,0,1,0,0,0,0,0,Fraud,None,2018-08-27,Uttar Pradesh,0
3,25,0,0,0,1,0,5,0.628,22,4,0,1,0,0,0,0,0,1,0,0,0,0,0,0,0,0,0,0,0,0,1,Robbery,None,2021-10-09,Maharashtra,1
5,22,1,0,0,1,0,0,0.534,0,2,0,0,0,0,1,0,0,1,0,0,0,0,1,0,0,0,0,0,0,0,0,Burglary,Lal Toofan Crew,2025-01-14,Rajasthan,0
1,22,0,1,0,0,0,3,0.442,3,7,0,0,1,0,0,0,1,0,0,0,0,0,0,0,0,0,0,0,1,0,0,Kidnapping,None,2018-08-21,Bihar,0
0,26,0,1,0,1,0,0,0.686,2,5,0,0,0,1,0,0,0,0,0,0,0,1,0,0,0,0,0,1,0,0,0,Arms Trafficking,None,2025-12-07,Delhi,0
3,16,1,0,0,1,1,1,0.498,4,12,0,0,0,0,0,1,0,0,0,1,0,0,0,0,0,0,1,0,0,0,0,Cybercrime,Neela Saanp Syndicate,2023-12-13,Karnataka,1
1,22,0,0,0,1,1,1,0.085,18,3,0,0,0,0,0,1,0,0,0,1,0,0,0,0,0,0,0,1,0,0,0,Cybercrime,None,2022-01-19,Kerala,1
3,35,1,1,0,0,0,4,0.808,3,6,1,0,0,0,0,0,1,0,0,0,0,0,0,1,0,0,0,0,0,0,0,Murder,Teen Talwar Gang,2021-11-25,Tamil Nadu,0
2,29,0,1,0,0,0,1,0.574,8,2,1,0,0,0,0,0,1,0,0,0,0,0,0,0,1,0,0,0,0,0,0,Assault,None,2024-08-22,Maharashtra,0
0,44,1,1,0,1,0,4,0.748,9,7,0,1,0,0,0,0,0,0,0,0,0,1,0,0,0,0,0,1,0,0,0,Arms Trafficking,Teen Talwar Gang,2020-01-13,Gujarat,1
0,24,0,0,0,0,0,2,0.3,22,1,0,1,0,0,0,0,0,1,0,0,0,0,0,0,0,0,0,0,0,1,0,Vandalism,None,2020-10-18,Tamil Nadu,0
3,31,1,1,0,1,0,4,0.717,15,5,0,1,0,0,0,0,0,0,0,0,0,1,0,0,0,0,0,1,0,0,0,Arms Trafficking,Teen Talwar Gang,2019-11-20,Gujarat,1
0,29,0,0,0,1,1,0,0.468,22,1,1,0,0,0,0,0,0,1,0,0,0,0,0,1,0,0,0,0,0,0,0,Burglary,None,2022-02-06,Rajasthan,0
2,16,0,0,1,0,0,1,0.272,1,2,0,0,1,0,0,0,0,0,1,0,0,0,0,0,0,0,0,0,0,1,0,Vandalism,None,2022-11-03,Bihar,1
0,23,0,0,0,1,0,0,0.186,1,4,0,0,1,0,0,0,0,0,1,0,0,0,0,0,0,0,0,0,1,0,0,Car Theft,None,2025-09-13,West Bengal,0
6,33,1,0,0,1,0,0,0.598,12,10,0,0,0,1,0,0,1,0,0,0,0,0,0,0,0,1,0,0,0,0,0,Human Trafficking,Patang Syndicate,2022-05-15,Telangana,1
2,47,1,0,1,1,1,5,0.774,3,11,1,0,0,0,0,0,1,0,0,0,0,0,0,0,0,1,0,0,0,0,0,Human Trafficking,Patang Syndicate,2020-06-02,Telangana,1
0,40,0,0,0,0,0,0,0.121,15,7,0,0,1,0,0,0,1,0,0,0,0,0,0,0,0,0,0,0,1,0,0,Human Trafficking,None,2021-06-04,Rajasthan,0
0,18,0,0,0,1,0,2,0.409,1,2,0,0,0,0,0,1,0,0,1,0,0,0,1,0,0,0,0,0,0,0,0,Car Theft,None,2021-09-12,West Bengal,0
2,16,0,0,0,0,0,0,0.57,4,1,0,1,0,0,0,0,0,1,0,0,0,0,1,0,0,0,0,0,0,0,0,Burglary,None,2020-08-13,Karnataka,0
0,29,0,0,0,0,0,0,0.62,1,1,0,1,0,0,0,0,0,1,0,0,0,0,0,0,0,0,0,0,0,1,0,Arson,None,2018-08-28,Tamil Nadu,0
0,36,0,1,0,1,0,3,0.58,20,4,0,1,0,0,0,0,0,0,0,1,0,0,0,0,1,0,0,0,0,0,0,Murder,None,2024-01-10,Rajasthan,0
2,32,1,1,1,0,0,5,0.786,4,5,0,0,0,1,0,0,0,1,0,0,0,0,0,0,1,0,0,0,0,0,0,Murder,Teen Talwar Gang,2023-03-18,Gujarat,1
0,18,1,0,0,1,1,2,0.583,2,3,0,0,1,0,0,0,0,0,1,0,0,0,1,0,0,0,0,0,0,0,0,Car Theft,Kaali Billi Crew,2023-09-13,Madhya Pradesh,1
2,37,0,0,0,0,0,3,0.799,14,2,0,0,0,1,0,0,1,0,0,0,0,0,0,1,0,0,0,0,0,0,0,Kidnapping,None,2018-12-28,Maharashtra,1
5,45,1,0,0,1,1,0,0.557,8,13,0,0,0,0,1,0,0,0,0,0,1,0,1,0,0,0,0,0,0,0,0,Money Laundering,Kaala Bichhoo Gang,2021-08-01,Kerala,1
1,30,0,0,0,0,0,0,0.318,21,2,0,0,0,0,0,1,0,1,0,0,0,0,1,0,0,0,0,0,0,0,0,Vandalism,None,2022-06-03,Uttar Pradesh,0
3,20,0,0,0,1,0,1,0.257,1,1,0,1,0,0,0,0,0,0,1,0,0,0,1,0,0,0,0,0,0,0,0,Car Theft,None,2018-06-29,Punjab,1
0,24,0,1,0,1,0,1,0.657,1,6,0,1,0,0,0,0,0,0,0,0,0,1,0,0,0,0,0,1,0,0,0,Arms Trafficking,None,2018-11-12,Madhya Pradesh,0
1,23,0,0,0,1,0,0,0.355,19,1,0,0,1,0,0,0,0,0,1,0,0,0,0,0,1,0,0,0,0,0,0,Car Theft,None,2021-11-29,Uttar Pradesh,1
5,28,0,0,0,0,0,2,0.548,16,0,0,1,0,0,0,0,1,0,0,0,0,0,0,0,0,0,0,0,0,0,1,Assault,None,2023-06-08,Uttar Pradesh,0
1,38,0,0,0,1,0,1,0.379,2,5,0,0,0,1,0,0,0,0,0,0,0,1,0,0,0,0,0,1,0,0,0,Arms Trafficking,None,2025-07-07,West Bengal,1
3,41,1,1,0,1,0,3,0.715,17,13,0,0,0,1,0,0,0,0,0,0,0,1,0,0,0,0,0,1,0,0,0,Arms Trafficking,Teen Talwar Gang,2019-10-02,Gujarat,1
2,30,1,1,0,1,0,4,0.746,18,4,0,1,0,0,0,0,0,0,0,0,0,1,0,0,0,0,0,1,0,0,0,Arms Trafficking,Teen Talwar Gang,2022-05-26,Tamil Nadu,1
3,39,0,0,0,1,0,0,0.09,11,8,0,0,0,0,1,0,0,0,0,1,0,0,0,0,0,1,0,0,0,0,0,Money Laundering,None,2023-10-27,Telangana,1
7,39,1,0,0,1,0,3,0.323,20,2,0,1,0,0,0,0,0,1,0,0,0,0,0,0,0,1,0,0,0,0,0,Burglary,Lal Toofan Crew,2025-06-13,Delhi,1
4,20,1,0,0,1,0,3,0.687,23,1,1,0,0,0,0,0,0,0,0,1,0,0,0,0,1,0,0,0,0,0,0,Burglary,Kaali Billi Crew,2025-06-02,Madhya Pradesh,1
3,42,1,0,0,1,1,2,0.32,19,8,0,0,1,0,0,0,1,0,0,0,0,0,0,0,0,0,1,0,0,0,0,Human Trafficking,Patang Syndicate,2020-03-24,Punjab,0
2,43,0,0,1,1,0,0,0.329,22,8,1,0,0,0,0,0,0,0,0,0,0,1,0,0,0,0,0,1,0,0,0,Drug Trafficking,None,2025-06-30,Rajasthan,0
1,28,0,1,1,0,0,3,0.515,10,0,1,0,0,0,0,0,0,1,0,0,0,0,0,0,1,0,0,0,0,0,0,Assault,None,2019-03-12,West Bengal,0
2,27,1,0,0,1,0,0,0.649,8,2,0,1,0,0,0,0,0,1,0,0,0,0,1,0,0,0,0,0,0,0,0,Burglary,Lal Toofan Crew,2019-01-22,Delhi,1
1,18,1,0,0,1,0,2,0.439,2,0,1,0,0,0,0,0,0,1,0,0,0,0,1,0,0,0,0,0,0,0,0,Burglary,Kaali Billi Crew,2018-07-02,Madhya Pradesh,1
1,52,1,0,0,0,0,1,0.577,13,13,0,0,0,1,0,0,1,0,0,0,0,0,0,0,0,1,0,0,0,0,0,Human Trafficking,Patang Syndicate,2025-03-22,Punjab,1
1,16,0,0,0,0,0,1,0.487,8,3,0,1,0,0,0,0,0,0,1,0,0,0,0,0,0,0,0,0,0,1,0,Arson,None,2020-12-03,Madhya Pradesh,0
1,50,0,0,0,1,1,0,0.046,3,6,0,0,0,0,1,0,0,0,0,1,0,0,0,0,0,1,0,0,0,0,0,Money Laundering,None,2018-04-04,Uttar Pradesh,0
3,32,0,1,0,1,1,2,0.335,18,9,0,0,0,0,0,1,1,0,0,0,0,0,0,0,0,0,1,0,0,0,0,Human Trafficking,None,2020-08-10,Maharashtra,1
0,23,0,0,0,1,0,0,0.558,3,2,1,0,0,0,0,0,0,1,0,0,0,0,1,0,0,0,0,0,0,0,0,Burglary,None,2025-10-28,Rajasthan,0
1,33,0,1,1,0,1,0,0.073,1,9,1,0,0,0,0,0,0,0,0,0,0,1,0,0,0,0,0,1,0,0,0,Drug Trafficking,None,2021-10-15,Bihar,0
5,31,1,0,0,1,1,1,0.36,4,11,0,0,0,0,0,1,0,0,0,0,1,0,0,0,0,0,1,0,0,0,0,Cybercrime,Neela Saanp Syndicate,2019-05-30,West Bengal,1
4,31,1,0,1,1,0,3,0.2,8,14,0,0,0,1,0,0,0,0,0,0,0,1,0,0,0,0,0,1,0,0,0,Drug Trafficking,Kaala Bichhoo Gang,2022-09-21,Kerala,1
2,27,1,0,0,1,1,1,0.714,14,9,0,0,1,0,0,0,0,0,0,1,0,0,0,1,0,0,0,0,0,0,0,Cybercrime,Neela Saanp Syndicate,2021-03-16,West Bengal,1
2,28,0,1,0,0,0,2,0.29,14,2,0,0,1,0,0,0,1,0,0,0,0,0,0,1,0,0,0,0,0,0,0,Murder,None,2018-07-31,Uttar Pradesh,0
2,32,0,0,0,1,1,3,0.562,4,4,0,0,0,1,0,0,1,0,0,0,0,0,0,0,0,0,0,0,1,0,0,Human Trafficking,None,2024-03-07,Uttar Pradesh,0
6,30,1,0,0,0,0,1,0.835,4,4,0,0,1,0,0,0,0,0,1,0,0,0,1,0,0,0,0,0,0,0,0,Car Theft,Lal Toofan Crew,2018-06-24,Rajasthan,1
1,40,0,0,0,0,0,2,0.495,20,2,0,0,1,0,0,0,0,1,0,0,0,0,0,0,0,0,0,0,0,1,0,Arson,None,2024-12-22,Gujarat,0
1,30,0,0,1,1,0,4,0.641,11,7,0,0,1,0,0,0,0,0,0,0,0,1,0,0,0,0,0,1,0,0,0,Drug Trafficking,None,2024-03-19,Madhya Pradesh,1
1,20,0,0,0,0,0,0,0.305,16,3,1,0,0,0,0,0,0,1,0,0,0,0,0,0,0,0,0,0,0,1,0,Vandalism,None,2020-08-08,Uttar Pradesh,0
0,32,1,1,0,1,0,3,0.961,22,15,0,0,1,0,0,0,1,0,0,0,0,0,0,0,0,0,0,0,1,0,0,Kidnapping,Patang Syndicate,2021-01-22,Telangana,1
2,23,0,1,0,1,0,0,0.245,21,5,0,0,1,0,0,0,0,0,0,0,0,1,0,0,0,0,0,1,0,0,0,Arms Trafficking,None,2022-07-06,Tamil Nadu,1
2,38,1,1,1,0,0,3,0.529,4,3,0,0,1,0,0,0,1,0,0,0,0,0,0,0,1,0,0,0,0,0,0,Assault,Teen Talwar Gang,2022-05-24,Tamil Nadu,1
0,24,0,1,0,1,0,0,0.399,4,7,0,0,1,0,0,0,1,0,0,0,0,0,0,0,0,1,0,0,0,0,0,Human Trafficking,None,2018-09-16,Karnataka,1
0,36,0,1,0,0,0,2,0.274,23,2,0,0,0,0,1,0,1,0,0,0,0,0,0,0,0,0,0,0,0,0,1,Assault,None,2022-04-30,Uttar Pradesh,0
2,42,1,0,0,1,0,0,0.775,8,20,0,0,0,1,0,0,1,0,0,0,0,0,0,0,0,1,0,0,0,0,0,Human Trafficking,Patang Syndicate,2020-08-23,Telangana,1
2,33,0,1,1,1,0,2,0.591,19,6,1,0,0,0,0,0,0,0,0,0,0,1,0,0,0,0,0,1,0,0,0,Arms Trafficking,None,2025-11-04,West Bengal,1
1,16,1,0,0,0,0,2,0.41,1,2,1,0,0,0,0,0,0,0,1,0,0,0,0,0,0,1,0,0,0,0,0,Car Theft,Lal Toofan Crew,2025-03-02,Rajasthan,1
2,44,1,0,0,1,1,3,0.81,20,10,0,1,0,0,0,0,1,0,0,0,0,0,0,0,0,0,0,0,0,0,1,Extortion,Patang Syndicate,2019-07-06,Telangana,1
1,29,0,1,0,0,0,0,0.27,9,3,1,0,0,0,0,0,0,0,1,0,0,0,1,0,0,0,0,0,0,0,0,Car Theft,None,2025-07-21,West Bengal,1
0,33,0,0,1,1,0,0,0.42,22,6,0,0,0,1,0,0,0,0,0,0,0,1,0,0,0,0,0,1,0,0,0,Drug Trafficking,None,2018-08-20,Maharashtra,0
0,25,0,0,0,1,1,0,0.219,16,4,0,0,0,0,0,1,0,0,0,0,1,0,0,0,0,0,1,0,0,0,0,Cybercrime,None,2025-09-12,Tamil Nadu,0
5,36,1,0,0,1,0,1,0.289,11,14,0,0,0,0,1,0,0,0,0,1,0,0,0,0,0,1,0,0,0,0,0,Money Laundering,Neela Saanp Syndicate,2021-10-17,Karnataka,1
5,16,1,0,0,0,0,2,0.644,0,3,0,1,0,0,0,0,0,1,0,0,0,0,0,0,0,0,0,0,0,1,0,Vandalism,Kaali Billi Crew,2019-02-14,Madhya Pradesh,1
0,29,1,1,1,0,1,4,0.387,22,10,0,0,0,1,0,0,0,0,0,0,0,1,0,0,0,0,0,1,0,0,0,Drug Trafficking,Kaala Bichhoo Gang,2018-12-15,Kerala,1
0,31,0,0,1,1,0,1,0.077,0,9,0,0,1,0,0,0,0,0,0,0,0,1,0,0,0,0,0,1,0,0,0,Drug Trafficking,None,2025-01-22,Delhi,0
2,25,0,0,0,1,1,0,0.377,11,5,0,0,0,0,1,0,0,0,0,0,1,0,0,0,0,0,1,0,0,0,0,Cybercrime,None,2020-12-14,Gujarat,0
0,18,1,1,0,1,0,2,0.284,19,9,0,0,1,0,0,0,0,0,1,0,0,0,0,0,0,0,0,0,0,1,0,Car Theft,Lal Toofan Crew,2021-10-27,Delhi,1
0,35,0,0,0,0,0,1,0.782,23,0,0,0,1,0,0,0,0,0,1,0,0,0,1,0,0,0,0,0,0,0,0,Car Theft,None,2020-04-07,Gujarat,0
2,29,0,1,1,0,0,2,0.721,9,5,0,0,1,0,0,0,0,0,0,1,0,0,0,1,0,0,0,0,0,0,0,Robbery,None,2025-02-05,West Bengal,1
0,33,0,0,0,1,1,0,0.185,9,4,0,1,0,0,0,0,0,0,0,1,0,0,0,0,0,1,0,0,0,0,0,Fraud,None,2024-12-08,Bihar,0
2,29,0,1,0,0,0,2,0.68,12,4,0,1,0,0,0,0,0,0,0,0,0,1,0,1,0,0,0,0,0,0,0,Assault,None,2019-11-30,Bihar,0
1,26,1,1,1,1,0,4,0.767,19,12,0,0,0,1,0,0,0,0,0,0,0,1,0,0,0,0,0,1,0,0,0,Drug Trafficking,Kaala Bichhoo Gang,2024-07-02,Kerala,1
4,47,1,1,0,1,0,1,0.61,0,5,0,0,0,0,0,1,0,0,0,1,0,0,0,0,0,0,0,0,0,0,1,Extortion,Teen Talwar Gang,2025-07-09,Tamil Nadu,1
2,35,0,1,0,1,0,0,0.516,4,5,0,0,1,0,0,0,0,0,0,0,0,1,0,0,0,0,0,1,0,0,0,Arms Trafficking,None,2023-05-17,Tamil Nadu,1
0,30,0,0,0,0,0,3,0.33,1,0,1,0,0,0,0,0,0,0,0,0,0,1,0,0,0,0,0,0,0,0,1,Assault,None,2020-10-12,Tamil Nadu,1
0,30,0,0,0,1,1,0,0.197,16,2,0,0,1,0,0,0,0,0,1,0,0,0,1,0,0,0,0,0,0,0,0,Car Theft,None,2021-09-03,Haryana,0
1,19,1,1,0,1,0,3,0.585,23,5,1,0,0,0,0,0,0,0,0,1,0,0,1,0,0,0,0,0,0,0,0,Burglary,Lal Toofan Crew,2022-01-03,Delhi,1
0,34,0,1,0,1,0,4,0.558,1,2,0,1,0,0,0,0,0,0,0,1,0,0,0,0,0,0,0,0,0,0,1,Robbery,None,2020-04-18,Rajasthan,0
2,42,0,1,0,1,0,2,0.375,12,2,0,0,0,1,0,0,1,0,0,0,0,0,0,0,0,1,0,0,0,0,0,Human Trafficking,None,2023-03-19,Bihar,1
2,32,0,0,0,0,0,1,0.316,23,1,0,0,1,0,0,0,1,0,0,0,0,0,0,0,1,0,0,0,0,0,0,Assault,None,2024-03-27,Maharashtra,0
1,23,0,0,1,0,0,2,0.301,23,2,0,0,0,1,0,0,0,0,0,0,0,1,0,0,0,1,0,0,0,0,0,Drug Trafficking,None,2021-01-26,Maharashtra,0
4,32,1,1,0,1,0,5,0.533,1,7,0,0,1,0,0,0,1,0,0,0,0,0,0,1,0,0,0,0,0,0,0,Robbery,Lal Toofan Crew,2023-07-07,Rajasthan,1
3,45,0,0,0,1,1,0,0.152,15,5,0,0,0,0,0,1,0,0,0,1,0,0,0,0,0,1,0,0,0,0,0,Money Laundering,None,2021-08-21,Madhya Pradesh,0
1,25,1,0,0,0,1,0,0.649,13,11,0,0,0,0,0,1,0,0,0,1,0,0,0,0,0,0,1,0,0,0,0,Cybercrime,Neela Saanp Syndicate,2024-10-26,West Bengal,1
2,36,0,0,0,0,0,3,0.236,13,0,0,1,0,0,0,0,0,1,0,0,0,0,0,0,0,0,0,0,0,1,0,Arson,None,2024-08-15,Uttar Pradesh,0
1,16,1,0,0,0,0,2,0.35,1,4,0,0,1,0,0,0,0,1,0,0,0,0,0,0,0,0,0,0,0,1,0,Vandalism,Kaali Billi Crew,2019-10-13,Haryana,1
0,31,0,0,0,1,1,0,0.518,9,2,0,0,1,0,0,0,0,0,0,1,0,0,0,0,0,1,0,0,0,0,0,Fraud,None,2021-11-19,Delhi,0
2,28,0,0,0,1,0,0,0.355,21,2,1,0,0,0,0,0,0,1,0,0,0,0,1,0,0,0,0,0,0,0,0,Burglary,None,2019-03-06,Bihar,0
5,27,0,1,0,1,1,2,0.663,21,2,0,0,1,0,0,0,0,0,0,1,0,0,0,1,0,0,0,0,0,0,0,Robbery,None,2023-08-21,Rajasthan,1
2,28,0,0,0,0,0,1,0.218,20,1,0,1,0,0,0,0,0,0,1,0,0,0,1,0,0,0,0,0,0,0,0,Car Theft,None,2021-05-20,Uttar Pradesh,0
3,23,0,1,1,1,0,2,0.348,11,5,0,0,0,0,0,1,0,0,0,1,0,0,0,0,0,0,0,0,0,0,1,Extortion,None,2019-11-24,Delhi,0
2,55,0,0,1,1,1,1,0.433,4,1,0,1,0,0,0,0,0,0,0,1,0,0,0,0,0,1,0,0,0,0,0,Money Laundering,None,2024-09-17,Karnataka,0
0,26,0,1,0,1,1,2,0.355,21,3,0,1,0,0,0,0,0,0,0,1,0,0,0,1,0,0,0,0,0,0,0,Extortion,None,2023-02-24,Tamil Nadu,1
7,33,1,0,0,1,0,3,0.423,12,12,0,0,0,0,1,0,0,0,0,0,1,0,0,0,0,0,1,0,0,0,0,Fraud,Neela Saanp Syndicate,2020-09-08,Karnataka,1
0,38,0,0,1,1,1,1,0.192,1,6,0,0,0,1,0,0,1,0,0,0,0,0,0,0,0,0,0,0,1,0,0,Human Trafficking,None,2022-12-18,Madhya Pradesh,0
2,16,1,0,0,0,0,1,0.618,9,10,0,0,1,0,0,0,0,0,1,0,0,0,1,0,0,0,0,0,0,0,0,Car Theft,Neela Saanp Syndicate,2023-05-24,Karnataka,1
2,31,1,1,0,1,0,1,0.295,21,6,0,0,0,0,0,1,0,0,1,0,0,0,0,0,0,1,0,0,0,0,0,Car Theft,Lal Toofan Crew,2018-12-09,Rajasthan,1
1,43,0,1,1,1,0,4,0.615,17,3,1,0,0,0,0,0,0,0,0,1,0,0,0,0,0,0,0,0,0,0,1,Extortion,None,2018-01-13,Bihar,0
2,32,0,0,0,0,0,1,0.666,18,4,0,0,0,1,0,0,0,0,0,0,0,1,0,0,1,0,0,0,0,0,0,Assault,None,2021-05-08,Uttar Pradesh,0
0,33,0,1,0,1,0,1,0.726,3,2,0,0,1,0,0,0,1,0,0,0,0,0,0,0,0,0,0,0,1,0,0,Kidnapping,None,2023-11-05,Uttar Pradesh,0
3,32,1,0,0,1,0,1,0.506,21,4,0,1,0,0,0,0,0,1,0,0,0,0,0,0,1,0,0,0,0,0,0,Burglary,Lal Toofan Crew,2021-06-25,Delhi,1
1,24,1,0,1,1,1,0,0.474,8,3,0,1,0,0,0,0,0,0,0,0,1,0,0,0,0,0,0,1,0,0,0,Drug Trafficking,Kaala Bichhoo Gang,2022-09-11,Maharashtra,1
2,30,0,0,0,1,0,4,0.206,14,5,0,0,0,0,1,0,0,0,0,0,1,0,0,0,0,0,1,0,0,0,0,Fraud,None,2023-05-16,Maharashtra,1
5,36,1,0,0,1,1,2,0.634,14,7,0,0,0,0,0,1,0,0,0,1,0,0,0,0,0,0,0,0,0,0,1,Extortion,Teen Talwar Gang,2023-01-15,Tamil Nadu,1
0,40,0,0,0,0,1,0,0.137,9,2,0,0,0,0,1,0,0,0,0,1,0,0,0,0,0,1,0,0,0,0,0,Fraud,None,2020-05-21,Gujarat,0
3,47,0,1,0,1,1,4,0.572,9,7,0,1,0,0,0,0,0,0,0,0,0,1,0,0,0,0,0,1,0,0,0,Arms Trafficking,None,2019-02-16,Uttar Pradesh,1
0,25,1,0,0,1,0,1,0.507,19,0,1,0,0,0,0,0,0,1,0,0,0,0,0,0,0,0,0,0,0,1,0,Arson,Kaali Billi Crew,2025-05-15,Haryana,0
2,30,1,1,0,1,1,4,0.389,19,12,0,0,0,0,0,1,0,0,0,1,0,0,0,0,0,0,0,0,0,0,1,Extortion,Patang Syndicate,2025-01-17,Punjab,1
2,35,0,0,1,0,0,1,0.152,11,5,0,0,0,1,0,0,0,0,0,0,0,1,0,0,0,0,0,1,0,0,0,Drug Trafficking,None,2023-09-22,Uttar Pradesh,1
1,17,0,1,0,1,0,6,0.298,21,3,0,0,0,0,1,0,0,0,1,0,0,0,0,0,1,0,0,0,0,0,0,Robbery,None,2020-04-24,Gujarat,1
1,28,0,1,0,0,1,3,0.451,4,4,0,0,1,0,0,0,1,0,0,0,0,0,0,0,0,0,0,0,1,0,0,Kidnapping,None,2021-08-03,Maharashtra,0
4,28,1,1,0,0,0,5,0.73,4,9,0,1,0,0,0,0,0,0,0,0,1,0,0,0,0,0,0,0,1,0,0,Robbery,Lal Toofan Crew,2019-09-06,Rajasthan,1
5,18,1,0,1,1,0,4,0.445,16,1,1,0,0,0,0,0,0,1,0,0,0,0,1,0,0,0,0,0,0,0,0,Burglary,Kaali Billi Crew,2018-10-10,Haryana,1
1,24,0,0,0,1,1,4,0.288,4,3,0,0,0,0,0,1,1,0,0,0,0,0,0,0,0,0,0,0,0,0,1,Extortion,None,2020-11-25,West Bengal,1
0,19,0,0,0,1,0,2,0.658,2,3,1,0,0,0,0,0,0,0,0,1,0,0,1,0,0,0,0,0,0,0,0,Burglary,None,2023-01-27,West Bengal,0
2,38,0,1,0,1,0,4,0.305,23,3,0,1,0,0,0,0,0,0,0,1,0,0,0,1,0,0,0,0,0,0,0,Robbery,None,2023-04-17,Delhi,0
1,17,1,1,0,1,0,1,0.494,21,4,1,0,0,0,0,0,0,1,0,0,0,0,1,0,0,0,0,0,0,0,0,Burglary,Lal Toofan Crew,2021-10-03,Delhi,1
0,26,0,0,0,0,0,1,0.459,10,2,0,0,1,0,0,0,0,0,0,1,0,0,0,0,1,0,0,0,0,0,0,Robbery,None,2021-10-07,Karnataka,0
2,16,0,0,0,1,1,0,0.352,19,4,0,0,0,0,1,0,0,0,0,1,0,0,0,0,0,0,1,0,0,0,0,Cybercrime,None,2023-02-14,Delhi,0
3,30,0,0,0,1,1,0,0.631,9,3,0,0,0,0,0,1,0,0,0,1,0,0,0,0,0,1,0,0,0,0,0,Fraud,None,2021-08-19,Karnataka,0
0,25,0,1,0,0,0,2,0.722,4,0,0,0,1,0,0,0,1,0,0,0,0,0,0,0,1,0,0,0,0,0,0,Assault,None,2025-06-06,Tamil Nadu,1
0,16,0,0,1,0,0,0,0.129,11,0,0,0,1,0,0,0,0,0,1,0,0,0,0,0,0,0,0,0,0,1,0,Vandalism,None,2018-06-19,Punjab,0
4,41,1,0,0,1,1,3,0.551,3,5,0,0,1,0,0,0,1,0,0,0,0,0,0,0,0,0,0,0,1,0,0,Kidnapping,Patang Syndicate,2022-11-04,Punjab,1
2,46,1,0,0,1,1,0,0.616,11,4,0,0,0,0,0,1,0,0,0,1,0,0,0,0,0,1,0,0,0,0,0,Money Laundering,Neela Saanp Syndicate,2018-07-19,Karnataka,0
3,38,1,1,0,1,0,1,0.873,4,14,0,0,0,1,0,0,1,0,0,0,0,0,0,0,0,1,0,0,0,0,0,Human Trafficking,Patang Syndicate,2023-03-23,Punjab,1
0,29,0,0,0,1,0,0,0.358,22,0,0,0,0,0,1,0,0,0,0,1,0,0,1,0,0,0,0,0,0,0,0,Burglary,None,2024-11-22,Uttar Pradesh,0
3,54,1,1,1,1,1,4,0.848,20,10,0,1,0,0,0,0,0,1,0,0,0,0,0,1,0,0,0,0,0,0,0,Extortion,Teen Talwar Gang,2022-01-04,Tamil Nadu,1
2,30,0,0,1,1,0,0,0.475,19,5,1,0,0,0,0,0,0,0,0,0,0,1,0,0,0,0,0,1,0,0,0,Drug Trafficking,None,2024-05-27,West Bengal,0
2,23,0,0,0,1,0,0,0.547,15,6,0,1,0,0,0,0,0,0,1,0,0,0,1,0,0,0,0,0,0,0,0,Car Theft,None,2025-07-03,Tamil Nadu,1
1,16,0,1,0,1,0,1,0.196,14,1,0,1,0,0,0,0,0,1,0,0,0,0,1,0,0,0,0,0,0,0,0,Burglary,None,2024-10-19,Kerala,0
2,33,0,0,0,1,0,1,0.276,0,2,0,0,1,0,0,0,0,0,1,0,0,0,1,0,0,0,0,0,0,0,0,Car Theft,None,2021-01-28,Haryana,1
1,26,0,0,0,1,0,0,0.509,1,2,1,0,0,0,0,0,0,1,0,0,0,0,1,0,0,0,0,0,0,0,0,Burglary,None,2021-03-06,Tamil Nadu,0
0,27,0,1,0,1,0,0,0.14,10,4,1,0,0,0,0,0,0,0,1,0,0,0,0,0,0,0,0,0,0,1,0,Car Theft,None,2018-12-05,Uttar Pradesh,0
0,34,0,0,1,1,0,1,0.508,12,5,0,0,0,1,0,0,0,0,0,0,0,1,0,0,0,0,0,1,0,0,0,Drug Trafficking,None,2024-07-06,Tamil Nadu,1
4,26,1,0,0,1,0,2,0.565,23,6,0,0,0,0,1,0,0,0,1,0,0,0,1,0,0,0,0,0,0,0,0,Car Theft,Teen Talwar Gang,2020-08-14,Gujarat,1
2,19,1,0,0,1,0,1,0.573,2,7,0,0,1,0,0,0,0,0,1,0,0,0,0,0,0,0,1,0,0,0,0,Car Theft,Lal Toofan Crew,2019-03-08,Delhi,1
1,26,0,1,0,1,0,0,0.682,16,9,0,1,0,0,0,0,0,0,0,0,0,1,0,0,0,0,0,1,0,0,0,Arms Trafficking,None,2020-09-25,Rajasthan,1
3,39,0,0,0,1,1,3,0.701,17,6,1,0,0,0,0,0,0,0,0,1,0,0,0,0,0,0,0,0,0,0,1,Extortion,None,2018-02-14,Bihar,0
1,28,0,0,1,1,0,5,0.391,22,5,0,0,0,1,0,0,0,0,0,0,0,1,0,0,0,0,0,1,0,0,0,Arms Trafficking,None,2021-11-10,Madhya Pradesh,1
1,24,0,1,0,1,1,1,0.381,1,4,0,0,1,0,0,0,0,0,0,0,0,1,0,0,0,1,0,0,0,0,0,Arms Trafficking,None,2021-06-30,Kerala,0
2,35,0,1,0,1,0,2,0.294,3,2,0,1,0,0,0,0,0,1,0,0,0,0,0,1,0,0,0,0,0,0,0,Robbery,None,2024-12-16,Madhya Pradesh,1
1,23,0,0,0,0,0,1,0.26,23,2,1,0,0,0,0,0,1,0,0,0,0,0,0,0,1,0,0,0,0,0,0,Assault,None,2023-12-14,Karnataka,0
1,40,0,0,0,1,0,0,0.053,11,4,0,0,0,0,1,0,0,0,0,1,0,0,0,0,0,1,0,0,0,0,0,Money Laundering,None,2019-06-15,Uttar Pradesh,0
2,28,0,1,0,0,0,2,0.551,23,4,0,0,1,0,0,0,1,0,0,0,0,0,0,0,1,0,0,0,0,0,0,Assault,None,2019-01-30,Bihar,0
0,40,0,0,0,1,0,1,0.397,18,4,0,0,0,0,1,0,0,0,0,1,0,0,0,0,0,0,0,0,0,0,1,Extortion,None,2021-02-27,Telangana,0
1,26,0,0,0,1,1,2,0.562,0,3,0,0,0,0,1,0,0,0,1,0,0,0,1,0,0,0,0,0,0,0,0,Car Theft,None,2022-04-08,Rajasthan,1
2,28,0,0,0,1,0,0,0.409,23,3,1,0,0,0,0,0,0,0,0,1,0,0,1,0,0,0,0,0,0,0,0,Burglary,None,2023-07-03,Karnataka,0
2,35,0,1,0,1,0,3,0.437,12,4,0,0,0,0,0,1,0,0,0,1,0,0,0,0,0,0,0,0,0,0,1,Extortion,None,2018-03-31,Rajasthan,0
1,23,0,0,0,0,0,0,0.474,2,3,0,0,1,0,0,0,0,1,0,0,0,0,0,0,0,0,0,0,1,0,0,Vandalism,None,2019-09-29,Karnataka,0
4,42,1,1,0,0,0,6,0.594,13,7,0,0,1,0,0,0,1,0,0,0,0,0,0,0,1,0,0,0,0,0,0,Murder,Kaala Bichhoo Gang,2023-11-05,Maharashtra,1
1,35,0,0,0,1,0,2,0.328,0,3,0,0,1,0,0,0,0,1,0,0,0,0,0,0,0,0,0,0,0,1,0,Arson,None,2023-08-11,Uttar Pradesh,1
3,34,0,1,0,0,0,4,0.416,14,2,0,0,0,0,1,0,1,0,0,0,0,0,0,0,0,0,0,0,0,1,0,Murder,None,2022-07-11,Bihar,1
0,28,0,0,0,1,1,0,0.153,11,3,0,0,0,0,0,1,0,0,0,0,1,0,0,0,0,0,1,0,0,0,0,Cybercrime,None,2020-06-26,Karnataka,0
1,31,0,1,0,0,0,2,0.364,10,6,0,0,0,1,0,0,0,0,0,0,0,1,0,0,0,0,0,1,0,0,0,Arms Trafficking,None,2024-08-18,Uttar Pradesh,1
0,27,0,0,0,1,0,2,0.626,21,1,0,0,0,0,1,0,0,1,0,0,0,0,1,0,0,0,0,0,0,0,0,Burglary,None,2023-11-16,Punjab,0
1,28,0,0,0,1,1,1,0.455,16,2,0,0,0,0,0,1,0,0,0,0,1,0,0,0,0,1,0,0,0,0,0,Cybercrime,None,2022-04-18,Maharashtra,1
5,26,0,1,0,0,0,1,0.541,9,1,0,0,0,0,1,0,1,0,0,0,0,0,0,1,0,0,0,0,0,0,0,Murder,None,2021-09-22,Rajasthan,1
3,32,0,1,0,1,0,2,0.578,17,2,0,0,0,1,0,0,1,0,0,0,0,0,0,0,0,0,0,0,1,0,0,Kidnapping,None,2018-02-24,Haryana,0
0,25,0,0,0,1,0,0,0.091,20,4,1,0,0,0,0,0,0,0,1,0,0,0,1,0,0,0,0,0,0,0,0,Car Theft,None,2018-12-15,Maharashtra,0
1,46,0,0,0,1,1,0,0.526,10,2,0,0,0,0,0,1,0,0,0,1,0,0,0,0,0,1,0,0,0,0,0,Fraud,None,2022-03-18,Tamil Nadu,0
4,34,0,1,0,0,0,4,0.61,17,1,0,0,0,1,0,0,1,0,0,0,0,0,0,0,1,0,0,0,0,0,0,Murder,None,2020-09-12,Tamil Nadu,1
1,34,0,1,0,0,0,2,0.194,21,1,0,0,1,0,0,0,1,0,0,0,0,0,0,0,1,0,0,0,0,0,0,Assault,None,2025-07-29,Gujarat,0
0,28,0,1,1,0,0,2,0.629,11,3,0,0,1,0,0,0,0,0,0,0,0,1,0,0,0,0,0,1,0,0,0,Drug Trafficking,None,2019-12-02,Bihar,1
2,34,0,1,0,0,0,5,0.445,19,4,1,0,0,0,0,0,1,0,0,0,0,0,0,0,0,0,0,0,0,1,0,Murder,None,2023-11-13,Maharashtra,1
2,54,0,0,0,1,0,0,0.579,11,2,0,0,0,0,1,0,0,0,0,1,0,0,0,0,0,0,0,0,0,0,1,Fraud,None,2018-06-23,Haryana,0
2,27,0,0,0,1,0,0,0.459,15,6,1,0,0,0,0,0,1,0,0,0,0,0,0,0,0,0,0,0,1,0,0,Kidnapping,None,2022-01-15,Delhi,1
2,26,0,0,0,1,1,0,0.446,3,4,0,1,0,0,0,0,0,0,0,1,0,0,0,0,1,0,0,0,0,0,0,Burglary,None,2022-05-09,Bihar,1
1,48,1,0,0,1,0,2,0.751,18,1,0,0,0,0,1,0,0,0,0,1,0,0,0,0,0,0,1,0,0,0,0,Fraud,Lal Toofan Crew,2025-03-06,Rajasthan,0
1,35,0,0,0,0,0,2,0.457,23,0,0,0,1,0,0,0,0,0,0,1,0,0,0,1,0,0,0,0,0,0,0,Assault,None,2019-11-30,Tamil Nadu,0
6,25,1,0,0,1,1,1,0.637,15,9,0,0,0,0,0,1,0,0,0,0,1,0,1,0,0,0,0,0,0,0,0,Cybercrime,Neela Saanp Syndicate,2018-11-25,West Bengal,1
3,30,0,0,0,1,0,1,0.397,8,4,0,0,0,0,0,1,0,0,0,1,0,0,0,0,0,1,0,0,0,0,0,Fraud,None,2022-11-26,Kerala,0
1,16,0,0,0,1,1,0,0.184,17,2,0,0,0,0,0,1,0,0,0,1,0,0,0,0,0,0,1,0,0,0,0,Cybercrime,None,2022-07-22,Tamil Nadu,1
2,30,0,0,0,1,0,2,0.452,2,1,1,0,0,0,0,0,0,0,0,0,0,1,1,0,0,0,0,0,0,0,0,Car Theft,None,2018-08-22,West Bengal,0
4,27,0,1,0,0,0,0,0.099,23,9,1,0,0,0,0,0,0,0,0,0,0,1,0,0,0,0,0,1,0,0,0,Arms Trafficking,None,2023-05-30,Maharashtra,1
2,32,0,0,0,1,0,0,0.579,16,2,0,0,0,0,1,0,0,0,0,1,0,0,0,0,0,1,0,0,0,0,0,Money Laundering,None,2019-04-02,Uttar Pradesh,0
1,24,0,0,0,1,0,1,0.371,4,2,0,1,0,0,0,0,0,0,0,1,0,0,1,0,0,0,0,0,0,0,0,Burglary,None,2020-07-01,Bihar,0
0,23,0,0,0,1,0,0,0.065,22,1,1,0,0,0,0,0,0,1,0,0,0,0,1,0,0,0,0,0,0,0,0,Burglary,None,2019-02-05,West Bengal,0
0,29,0,0,0,0,0,2,0.541,2,3,0,0,1,0,0,0,1,0,0,0,0,0,0,1,0,0,0,0,0,0,0,Robbery,None,2024-07-17,West Bengal,0
1,21,0,0,0,0,0,2,0.561,14,1,0,0,1,0,0,0,0,1,0,0,0,0,0,0,1,0,0,0,0,0,0,Assault,None,2022-10-11,West Bengal,1
1,32,0,0,1,1,0,2,0.162,12,6,1,0,0,0,0,0,0,0,0,0,0,1,0,0,0,0,0,1,0,0,0,Drug Trafficking,None,2021-08-22,Maharashtra,1
2,37,0,1,0,1,0,3,0.783,11,8,0,1,0,0,0,0,0,0,0,1,0,0,0,1,0,0,0,0,0,0,0,Extortion,None,2025-10-17,Tamil Nadu,1
3,31,1,0,0,1,1,0,0.612,10,6,0,0,0,0,0,1,0,0,0,0,1,0,0,0,0,0,1,0,0,0,0,Cybercrime,Neela Saanp Syndicate,2018-11-05,West Bengal,1
0,30,0,0,0,1,1,3,0.103,0,4,1,0,0,0,0,0,0,0,0,0,0,1,0,0,0,0,0,1,0,0,0,Drug Trafficking,None,2019-06-27,Madhya Pradesh,0
3,26,1,0,0,0,0,0,0.463,18,4,0,0,1,0,0,0,0,0,1,0,0,0,1,0,0,0,0,0,0,0,0,Car Theft,Kaali Billi Crew,2025-10-18,Haryana,1
0,38,0,1,0,1,0,2,0.218,18,5,0,0,1,0,0,0,0,0,0,0,0,1,0,0,0,0,0,1,0,0,0,Arms Trafficking,None,2020-01-13,Kerala,0
0,30,0,1,0,0,0,1,0.22,16,4,0,0,0,1,0,0,1,0,0,0,0,0,0,0,0,0,0,0,1,0,0,Kidnapping,None,2023-09-13,Karnataka,0
2,16,1,0,0,0,0,2,0.601,23,3,0,1,0,0,0,0,0,1,0,0,0,0,1,0,0,0,0,0,0,0,0,Vandalism,Kaali Billi Crew,2022-08-20,Madhya Pradesh,1
1,35,0,1,1,1,0,4,0.313,4,4,1,0,0,0,0,0,0,0,0,0,0,1,1,0,0,0,0,0,0,0,0,Arms Trafficking,None,2024-11-02,Gujarat,0
2,28,0,1,0,0,0,3,0.311,12,4,0,1,0,0,0,0,0,0,0,1,0,0,0,1,0,0,0,0,0,0,0,Robbery,None,2025-01-19,Uttar Pradesh,0
0,27,0,0,1,0,0,0,0.428,14,5,0,0,1,0,0,0,0,1,0,0,0,0,1,0,0,0,0,0,0,0,0,Drug Trafficking,None,2023-07-07,West Bengal,0
3,26,0,1,0,1,0,2,0.787,4,4,0,1,0,0,0,0,0,0,0,1,0,0,0,1,0,0,0,0,0,0,0,Robbery,None,2022-10-31,Uttar Pradesh,0
2,35,0,1,0,1,0,4,0.604,15,3,0,0,1,0,0,0,1,0,0,0,0,0,0,0,1,0,0,0,0,0,0,Murder,None,2024-08-13,Uttar Pradesh,1
2,25,1,1,0,0,0,4,0.894,10,6,1,0,0,0,0,0,0,1,0,0,0,0,0,0,0,0,0,0,0,1,0,Arson,Kaali Billi Crew,2020-11-21,Haryana,1
5,42,1,1,0,1,0,3,0.513,23,10,0,0,0,1,0,0,0,0,0,0,0,1,0,0,0,0,0,1,0,0,0,Arms Trafficking,Teen Talwar Gang,2020-10-06,Tamil Nadu,1
2,34,1,0,0,0,0,3,0.77,9,9,1,0,0,0,0,0,1,0,0,0,0,0,0,0,1,0,0,0,0,0,0,Assault,Neela Saanp Syndicate,2025-08-30,West Bengal,1
4,43,0,0,0,0,0,1,0.437,9,2,1,0,0,0,0,0,0,1,0,0,0,0,1,0,0,0,0,0,0,0,0,Burglary,None,2021-09-27,Maharashtra,0
3,38,1,0,0,1,1,1,0.563,22,5,0,1,0,0,0,0,0,0,1,0,0,0,0,0,0,1,0,0,0,0,0,Money Laundering,Kaala Bichhoo Gang,2020-11-05,Kerala,1
4,42,0,1,0,0,0,4,0.48,4,2,1,0,0,0,0,0,0,0,0,1,0,0,0,0,0,0,0,0,0,1,0,Assault,None,2025-02-09,Telangana,0
0,38,0,0,1,1,1,1,0.44,17,2,0,1,0,0,0,0,0,0,0,1,0,0,0,0,0,1,0,0,0,0,0,Fraud,None,2018-10-07,Rajasthan,0
2,16,0,0,0,1,0,2,0.312,8,2,0,0,1,0,0,0,0,0,1,0,0,0,1,0,0,0,0,0,0,0,0,Car Theft,None,2018-10-14,Karnataka,1
0,18,0,0,0,0,0,2,0.32,4,2,0,1,0,0,0,0,0,0,1,0,0,0,0,0,0,0,1,0,0,0,0,Car Theft,None,2020-11-29,Gujarat,0
0,17,1,0,0,1,0,1,0.548,19,4,0,0,1,0,0,0,0,1,0,0,0,0,0,1,0,0,0,0,0,0,0,Robbery,Lal Toofan Crew,2021-11-16,Delhi,0
2,34,0,1,0,0,0,1,0.555,0,2,1,0,0,0,0,0,1,0,0,0,0,0,0,0,1,0,0,0,0,0,0,Assault,None,2021-01-06,Karnataka,1
1,37,0,1,0,0,0,1,0.27,17,2,1,0,0,0,0,0,1,0,0,0,0,0,0,0,1,0,0,0,0,0,0,Assault,None,2022-03-17,Maharashtra,0
3,26,1,0,1,1,0,0,0.566,20,6,0,1,0,0,0,0,0,1,0,0,0,0,0,0,0,0,0,1,0,0,0,Burglary,Lal Toofan Crew,2019-11-06,Delhi,0
0,25,0,0,1,1,0,2,0.022,22,1,0,1,0,0,0,0,0,0,0,0,0,1,0,0,0,1,0,0,0,0,0,Drug Trafficking,None,2020-07-05,Uttar Pradesh,1
3,27,1,1,1,1,0,0,0.502,3,1,0,1,0,0,0,0,0,0,0,1,0,0,0,0,1,0,0,0,0,0,0,Robbery,Lal Toofan Crew,2018-04-10,Rajasthan,1
1,35,0,0,0,0,0,0,0.393,11,2,0,0,0,0,1,0,0,0,0,1,0,0,0,0,0,1,0,0,0,0,0,Fraud,None,2022-12-24,Rajasthan,0
1,28,0,1,0,0,0,0,0.467,21,4,0,1,0,0,0,0,0,1,0,0,0,0,0,0,0,0,0,0,0,1,0,Arson,None,2019-05-24,Karnataka,0
4,39,0,0,0,1,0,1,0.355,20,2,1,0,0,0,0,0,0,0,0,1,0,0,0,0,0,0,0,0,1,0,0,Burglary,None,2021-06-08,West Bengal,0
2,22,1,0,0,1,0,2,0.444,20,5,0,0,1,0,0,0,0,0,1,0,0,0,1,0,0,0,0,0,0,0,0,Car Theft,Lal Toofan Crew,2020-06-14,Delhi,0
3,35,0,1,0,1,0,5,0.442,1,2,0,1,0,0,0,0,0,0,0,1,0,0,0,0,0,0,1,0,0,0,0,Extortion,None,2021-05-26,Tamil Nadu,0
0,34,0,1,0,1,0,2,0.856,3,6,0,0,0,1,0,0,0,0,0,1,0,0,0,0,0,0,0,0,0,0,1,Robbery,None,2025-03-04,Karnataka,0
3,32,0,0,1,1,0,3,0.059,1,5,0,0,0,0,0,1,0,0,0,0,0,1,0,0,0,0,0,1,0,0,0,Drug Trafficking,None,2025-07-30,Gujarat,1
3,31,0,0,0,1,0,2,0.353,4,10,0,0,0,1,0,0,1,0,0,0,0,0,0,0,1,0,0,0,0,0,0,Human Trafficking,None,2021-07-04,Uttar Pradesh,0
3,16,1,1,1,0,0,3,0.525,13,7,0,0,1,0,0,0,0,0,0,0,0,1,0,0,0,0,0,0,0,0,1,Drug Trafficking,Neela Saanp Syndicate,2020-11-10,West Bengal,1
1,37,0,1,0,1,1,2,0.244,20,9,1,0,0,0,0,0,1,0,0,0,0,0,0,0,0,1,0,0,0,0,0,Human Trafficking,None,2020-03-08,Uttar Pradesh,0
0,22,0,0,0,1,0,2,0.422,9,3,0,1,0,0,0,0,0,0,1,0,0,0,0,0,0,0,1,0,0,0,0,Car Theft,None,2023-03-29,Uttar Pradesh,0
2,42,0,0,0,1,0,0,0.06,10,2,0,1,0,0,0,0,0,0,0,0,1,0,0,0,0,1,0,0,0,0,0,Fraud,None,2020-02-04,Punjab,0
1,17,0,0,0,1,0,1,0.16,2,1,1,0,0,0,0,0,0,1,0,0,0,0,1,0,0,0,0,0,0,0,0,Burglary,None,2019-04-03,Uttar Pradesh,0
0,18,0,0,0,1,0,1,0.737,14,4,0,0,1,0,0,0,0,0,0,1,0,0,0,0,0,0,0,0,0,0,1,Robbery,None,2019-12-22,West Bengal,0
2,41,0,0,0,0,0,3,0.603,1,2,0,1,0,0,0,0,1,0,0,0,0,0,0,0,1,0,0,0,0,0,0,Assault,None,2024-06-22,Telangana,0
3,21,0,0,0,0,0,5,0.567,3,3,0,0,0,0,1,0,1,0,0,0,0,0,0,0,1,0,0,0,0,0,0,Assault,None,2018-07-23,Uttar Pradesh,1
6,37,0,0,0,1,0,6,0.608,16,4,0,0,0,1,0,0,1,0,0,0,0,0,0,0,0,0,0,0,1,0,0,Kidnapping,None,2020-11-25,Maharashtra,0
3,39,0,1,0,1,0,3,0.683,10,4,0,0,0,1,0,0,0,0,0,0,0,1,0,0,0,0,0,1,0,0,0,Arms Trafficking,None,2022-08-21,Haryana,1
0,24,0,0,1,1,1,1,0.036,10,6,0,0,0,1,0,0,0,0,0,0,0,1,0,0,0,0,0,1,0,0,0,Drug Trafficking,None,2019-06-18,Uttar Pradesh,0
2,25,0,0,0,0,0,6,0.397,0,2,0,0,0,1,0,0,1,0,0,0,0,0,0,0,1,0,0,0,0,0,0,Assault,None,2024-01-09,Tamil Nadu,0
1,28,0,1,0,1,0,0,0.159,12,2,1,0,0,0,0,0,0,0,1,0,0,0,0,0,0,0,1,0,0,0,0,Car Theft,None,2018-12-21,Uttar Pradesh,1
1,32,1,0,0,1,0,3,0.697,14,15,0,1,0,0,0,0,0,1,0,0,0,0,1,0,0,0,0,0,0,0,0,Burglary,Patang Syndicate,2024-03-18,Telangana,0
1,36,0,0,0,1,1,0,0.092,3,9,0,0,0,1,0,0,1,0,0,0,0,0,0,0,0,1,0,0,0,0,0,Human Trafficking,None,2020-09-28,Telangana,0
1,28,0,1,1,1,0,5,0.746,2,4,1,0,0,0,0,0,0,0,0,1,0,0,0,0,0,0,0,0,1,0,0,Arms Trafficking,None,2019-08-06,Uttar Pradesh,1
0,47,0,0,0,1,1,0,0.437,14,8,0,0,0,1,0,0,0,0,0,1,0,0,0,0,0,1,0,0,0,0,0,Money Laundering,None,2024-05-01,Maharashtra,0
0,34,0,0,0,1,0,0,0.12,3,1,1,0,0,0,0,0,0,1,0,0,0,0,0,0,0,0,0,1,0,0,0,Burglary,None,2019-09-17,Uttar Pradesh,0
2,25,0,0,1,1,0,2,0.223,15,10,0,0,0,1,0,0,0,0,0,0,0,1,0,0,0,0,0,1,0,0,0,Drug Trafficking,None,2021-10-12,Delhi,0
1,18,1,0,0,0,0,1,0.207,22,9,1,0,0,0,0,0,0,0,0,1,0,0,0,0,0,0,0,0,0,1,0,Vandalism,Kaala Bichhoo Gang,2022-08-04,Maharashtra,1
2,30,0,0,0,1,1,1,0.591,8,2,0,0,0,0,1,0,0,0,0,1,0,0,0,0,0,0,1,0,0,0,0,Cybercrime,None,2021-02-26,Bihar,0
0,30,0,0,0,1,1,0,0.233,22,1,0,0,0,0,1,0,0,0,0,0,1,0,0,0,0,1,0,0,0,0,0,Fraud,None,2022-09-18,Karnataka,0
2,30,0,0,0,0,0,5,0.4,8,2,0,0,1,0,0,0,1,0,0,0,0,0,0,0,0,0,0,0,0,0,1,Assault,None,2021-07-06,Karnataka,0
1,24,0,0,0,1,0,0,0.464,10,0,0,0,0,0,1,0,0,0,1,0,0,0,0,0,0,0,0,0,0,1,0,Car Theft,None,2024-03-10,Telangana,0
1,16,0,0,0,1,0,1,0.344,18,4,0,0,1,0,0,0,0,0,0,1,0,0,1,0,0,0,0,0,0,0,0,Burglary,None,2023-01-26,Maharashtra,0
1,18,0,1,1,1,1,3,0.343,11,5,0,0,0,1,0,0,0,0,0,0,0,1,0,0,0,0,0,1,0,0,0,Arms Trafficking,None,2025-12-02,Madhya Pradesh,1
1,23,0,0,0,0,0,3,0.252,2,1,1,0,0,0,0,0,0,0,1,0,0,0,0,0,0,1,0,0,0,0,0,Car Theft,None,2024-04-21,Karnataka,0
2,35,0,0,0,1,1,0,0.357,0,2,0,0,1,0,0,0,0,1,0,0,0,0,0,0,0,0,0,0,0,1,0,Vandalism,None,2023-08-20,West Bengal,0
1,22,0,0,0,1,0,0,0.55,21,3,1,0,0,0,0,0,0,0,0,1,0,0,0,0,0,0,1,0,0,0,0,Burglary,None,2020-07-24,Uttar Pradesh,0
0,31,1,0,0,0,1,1,0.285,8,8,0,0,0,0,0,1,0,0,0,1,0,0,0,0,0,0,1,0,0,0,0,Cybercrime,Neela Saanp Syndicate,2024-07-16,Karnataka,1
1,22,0,0,0,1,0,0,0.64,22,2,0,0,1,0,0,0,0,1,0,0,0,0,1,0,0,0,0,0,0,0,0,Car Theft,None,2020-12-20,Maharashtra,1
2,34,0,0,0,1,0,1,0.11,2,2,0,0,0,0,0,1,0,0,0,1,0,0,0,0,0,1,0,0,0,0,0,Burglary,None,2018-11-07,Haryana,0
3,24,0,0,0,0,0,1,0.535,21,4,1,0,0,0,0,0,1,0,0,0,0,0,0,0,0,0,0,0,1,0,0,Kidnapping,None,2025-05-24,Karnataka,0
0,33,0,0,0,1,0,0,0.141,0,4,0,0,1,0,0,0,0,0,1,0,0,0,1,0,0,0,0,0,0,0,0,Car Theft,None,2024-09-07,Tamil Nadu,1
1,36,0,0,0,1,0,1,0.382,23,4,1,0,0,0,0,0,0,0,0,1,0,0,0,0,0,0,1,0,0,0,0,Extortion,None,2019-01-30,Maharashtra,0
5,26,0,0,1,1,0,3,0.355,19,4,0,0,1,0,0,0,0,0,0,0,0,1,0,0,0,1,0,0,0,0,0,Drug Trafficking,None,2021-04-27,Uttar Pradesh,1
2,25,0,0,0,0,0,3,0.595,17,1,0,0,1,0,0,0,1,0,0,0,0,0,0,1,0,0,0,0,0,0,0,Assault,None,2024-07-26,Rajasthan,0
0,26,0,0,1,1,1,0,0.242,23,4,0,0,1,0,0,0,0,0,1,0,0,0,1,0,0,0,0,0,0,0,0,Car Theft,None,2021-01-21,Bihar,0
0,26,0,0,1,1,0,1,0.658,1,3,0,0,1,0,0,0,0,0,0,1,0,0,0,1,0,0,0,0,0,0,0,Robbery,None,2022-08-26,Madhya Pradesh,0
4,36,0,1,0,0,0,5,0.615,1,2,0,0,1,0,0,0,1,0,0,0,0,0,0,0,0,0,0,0,0,1,0,Assault,None,2025-04-18,Rajasthan,1
0,25,0,0,0,1,0,1,0.525,3,1,0,0,1,0,0,0,0,0,1,0,0,0,1,0,0,0,0,0,0,0,0,Car Theft,None,2019-02-11,Rajasthan,0
3,47,1,1,0,1,1,5,0.483,3,11,1,0,0,0,0,0,1,0,0,0,0,0,0,0,0,0,0,0,1,0,0,Kidnapping,Patang Syndicate,2019-03-12,Punjab,0
1,36,0,1,1,0,0,3,0.182,12,3,0,1,0,0,0,0,0,0,0,0,0,1,0,0,0,1,0,0,0,0,0,Drug Trafficking,None,2021-04-01,Uttar Pradesh,0
0,24,0,0,0,1,1,0,0.271,14,3,0,1,0,0,0,0,0,0,0,1,0,0,0,0,0,1,0,0,0,0,0,Fraud,None,2024-11-03,Uttar Pradesh,0
0,19,0,0,0,1,0,0,0.235,4,0,0,0,1,0,0,0,0,0,1,0,0,0,1,0,0,0,0,0,0,0,0,Car Theft,None,2018-02-15,Tamil Nadu,0
3,34,1,1,0,0,1,3,0.698,10,4,0,0,1,0,0,0,1,0,0,0,0,0,0,1,0,0,0,0,0,0,0,Murder,Teen Talwar Gang,2025-08-14,Gujarat,1
0,29,0,0,0,1,0,2,0.2,0,1,1,0,0,0,0,0,0,0,0,1,0,0,1,0,0,0,0,0,0,0,0,Burglary,None,2022-10-05,Kerala,0
4,32,0,1,0,1,0,4,0.565,20,5,0,0,1,0,0,0,0,0,0,0,0,1,0,0,0,0,0,1,0,0,0,Arms Trafficking,None,2019-03-28,West Bengal,1
0,16,1,1,0,0,0,1,0.428,22,5,0,1,0,0,0,0,0,0,0,1,0,0,0,0,0,0,0,0,0,0,1,Robbery,Lal Toofan Crew,2018-12-30,Delhi,1
3,28,0,0,0,0,0,1,0.588,0,5,0,0,0,1,0,0,1,0,0,0,0,0,0,1,0,0,0,0,0,0,0,Murder,None,2018-07-02,Punjab,0
2,16,1,1,0,1,0,1,0.77,2,1,0,0,1,0,0,0,0,1,0,0,0,0,0,0,0,0,0,0,0,1,0,Robbery,Lal Toofan Crew,2020-07-10,Delhi,1
1,30,0,0,1,0,1,1,0.657,20,6,0,0,1,0,0,0,0,1,0,0,0,0,0,0,1,0,0,0,0,0,0,Drug Trafficking,None,2023-04-05,Delhi,0
3,44,0,0,1,1,0,0,0.155,14,4,0,1,0,0,0,0,0,1,0,0,0,0,0,0,0,1,0,0,0,0,0,Money Laundering,None,2022-05-17,Haryana,0
0,39,0,0,0,1,0,0,0.22,23,2,0,0,0,0,1,0,0,0,0,1,0,0,0,0,0,1,0,0,0,0,0,Fraud,None,2022-01-16,Karnataka,0
2,26,1,1,1,1,0,3,0.491,21,9,0,0,1,0,0,0,1,0,0,0,0,0,0,0,0,0,0,1,0,0,0,Drug Trafficking,Kaala Bichhoo Gang,2024-06-10,Maharashtra,1
3,32,0,0,0,0,0,0,0.436,23,0,1,0,0,0,0,0,0,1,0,0,0,0,1,0,0,0,0,0,0,0,0,Burglary,None,2018-11-20,Karnataka,0
1,28,0,0,0,1,1,0,0.512,12,9,0,0,0,0,1,0,0,0,0,1,0,0,0,0,0,1,0,0,0,0,0,Money Laundering,None,2020-04-01,Bihar,0
0,19,0,0,0,0,0,1,0.279,17,0,0,1,0,0,0,0,0,1,0,0,0,0,1,0,0,0,0,0,0,0,0,Burglary,None,2020-09-29,Gujarat,0
1,33,0,0,0,0,0,0,0.138,22,2,0,1,0,0,0,0,0,1,0,0,0,0,1,0,0,0,0,0,0,0,0,Burglary,None,2022-10-09,Rajasthan,0
2,25,0,0,1,1,0,2,0.203,11,4,0,0,1,0,0,0,0,0,0,1,0,0,0,0,0,0,0,1,0,0,0,Drug Trafficking,None,2025-04-14,Maharashtra,1
3,35,0,0,0,0,0,4,0.641,22,4,1,0,0,0,0,0,1,0,0,0,0,0,0,0,1,0,0,0,0,0,0,Murder,None,2022-12-29,Uttar Pradesh,0
1,32,0,0,0,0,0,1,0.313,10,1,0,0,1,0,0,0,0,0,1,0,0,0,0,1,0,0,0,0,0,0,0,Car Theft,None,2023-07-24,Kerala,0
0,38,0,0,0,1,1,0,0.387,19,7,0,0,1,0,0,0,1,0,0,0,0,0,0,0,0,0,0,0,0,0,1,Human Trafficking,None,2021-05-15,West Bengal,0
2,30,0,1,0,1,0,2,0.681,16,4,0,1,0,0,0,0,1,0,0,0,0,0,0,0,1,0,0,0,0,0,0,Murder,None,2025-01-08,Madhya Pradesh,1
4,43,0,1,0,1,1,0,0.2,10,2,1,0,0,0,0,0,0,0,0,1,0,0,0,0,0,0,1,0,0,0,0,Fraud,None,2018-12-24,Uttar Pradesh,1
2,40,1,0,1,0,0,3,0.56,0,6,0,0,1,0,0,0,0,0,0,1,0,0,0,0,0,0,0,1,0,0,0,Drug Trafficking,Kaali Billi Crew,2018-03-27,Madhya Pradesh,1
0,28,0,0,0,0,0,1,0.495,16,4,0,0,1,0,0,0,1,0,0,0,0,0,0,0,1,0,0,0,0,0,0,Assault,None,2018-03-21,Karnataka,0
1,18,1,1,0,1,0,6,0.867,14,7,1,0,0,0,0,0,0,1,0,0,0,0,0,0,0,0,0,1,0,0,0,Robbery,Lal Toofan Crew,2019-07-01,Rajasthan,1
0,41,0,0,0,0,0,1,0.739,20,1,0,0,0,0,0,1,1,0,0,0,0,0,0,0,1,0,0,0,0,0,0,Assault,None,2019-07-07,Maharashtra,1
0,26,0,0,0,1,1,0,0.401,15,2,0,0,0,0,0,1,0,0,0,0,1,0,0,1,0,0,0,0,0,0,0,Cybercrime,None,2021-12-11,Rajasthan,0
1,39,0,0,0,0,0,3,0.218,22,4,0,0,1,0,0,0,0,1,0,0,0,0,1,0,0,0,0,0,0,0,0,Vandalism,None,2021-05-24,Madhya Pradesh,0
2,36,0,0,0,1,1,0,0.256,8,4,0,1,0,0,0,0,0,0,0,1,0,0,0,0,0,1,0,0,0,0,0,Money Laundering,None,2019-04-23,Maharashtra,1
1,33,0,1,0,0,0,1,0.801,20,2,1,0,0,0,0,0,1,0,0,0,0,0,0,0,1,0,0,0,0,0,0,Assault,None,2023-06-28,Rajasthan,1
1,24,0,1,0,1,0,3,0.513,16,6,0,0,0,1,0,0,1,0,0,0,0,0,0,0,0,0,0,0,1,0,0,Kidnapping,None,2021-02-07,Tamil Nadu,1
2,33,0,0,0,1,1,0,0.47,19,0,0,0,0,0,1,0,0,0,0,1,0,0,0,0,0,1,0,0,0,0,0,Fraud,None,2022-03-13,Haryana,0
1,31,0,0,0,1,0,0,0.264,2,1,0,0,0,0,0,1,0,0,0,1,0,0,1,0,0,0,0,0,0,0,0,Burglary,None,2023-04-10,Bihar,0
0,24,0,1,0,0,0,3,0.633,23,0,0,0,1,0,0,0,1,0,0,0,0,0,0,0,1,0,0,0,0,0,0,Assault,None,2021-06-20,Madhya Pradesh,1
2,28,1,0,1,1,0,0,0.476,2,1,1,0,0,0,0,0,0,0,0,1,0,0,1,0,0,0,0,0,0,0,0,Burglary,Kaali Billi Crew,2023-04-11,Haryana,1
0,23,0,0,0,1,0,2,0.143,19,2,0,0,1,0,0,0,0,0,1,0,0,0,1,0,0,0,0,0,0,0,0,Car Theft,None,2024-11-09,Maharashtra,0
1,34,0,0,0,0,0,3,0.384,13,1,0,0,1,0,0,0,1,0,0,0,0,0,0,0,1,0,0,0,0,0,0,Assault,None,2022-10-13,Rajasthan,0
0,26,0,0,0,1,0,0,0.088,17,0,0,0,1,0,0,0,0,0,1,0,0,0,0,0,0,1,0,0,0,0,0,Car Theft,None,2022-09-06,West Bengal,0
0,24,1,0,0,1,1,1,0.598,0,9,0,0,0,0,0,1,0,0,0,1,0,0,0,0,0,1,0,0,0,0,0,Cybercrime,Neela Saanp Syndicate,2023-07-21,Karnataka,0
2,31,0,0,0,1,0,3,0.696,10,3,0,0,0,1,0,0,1,0,0,0,0,0,0,0,0,0,0,0,1,0,0,Human Trafficking,None,2020-07-12,Uttar Pradesh,0
4,35,0,0,0,0,0,1,0.752,3,4,0,1,0,0,0,0,0,1,0,0,0,0,0,0,0,0,0,0,0,1,0,Vandalism,None,2019-02-16,Bihar,1
2,30,0,1,0,0,0,3,0.516,1,1,0,0,1,0,0,0,1,0,0,0,0,0,0,0,1,0,0,0,0,0,0,Assault,None,2018-01-26,Kerala,1
0,18,1,0,0,1,1,0,0.397,8,6,1,0,0,0,0,0,0,0,1,0,0,0,1,0,0,0,0,0,0,0,0,Car Theft,Lal Toofan Crew,2025-06-07,Rajasthan,0
3,19,1,0,1,1,0,2,0.35,21,4,0,1,0,0,0,0,0,0,1,0,0,0,1,0,0,0,0,0,0,0,0,Car Theft,Kaali Billi Crew,2021-11-26,Haryana,1
1,41,0,1,0,1,0,0,0.432,17,3,0,0,0,1,0,0,0,0,0,0,1,0,0,0,0,0,0,0,1,0,0,Kidnapping,None,2021-07-07,Rajasthan,0
2,16,0,0,0,1,0,1,0.46,3,0,0,1,0,0,0,0,0,0,1,0,0,0,1,0,0,0,0,0,0,0,0,Car Theft,None,2020-08-10,Uttar Pradesh,1
2,36,0,1,0,1,0,1,0.292,18,1,0,0,1,0,0,0,0,0,0,0,0,1,0,0,0,0,0,1,0,0,0,Arms Trafficking,None,2025-07-31,Maharashtra,1
0,25,0,0,0,1,0,0,0.371,18,1,0,1,0,0,0,0,0,1,0,0,0,0,0,0,1,0,0,0,0,0,0,Car Theft,None,2025-09-03,Uttar Pradesh,0
2,33,0,0,0,1,0,1,0.36,18,1,0,0,1,0,0,0,0,0,1,0,0,0,0,0,0,1,0,0,0,0,0,Car Theft,None,2018-05-03,Delhi,0
3,29,0,1,0,0,0,2,0.339,4,1,0,0,1,0,0,0,0,0,1,0,0,0,0,1,0,0,0,0,0,0,0,Murder,None,2019-05-28,Uttar Pradesh,1
3,36,0,0,0,1,0,1,0.171,4,3,1,0,0,0,0,0,1,0,0,0,0,0,1,0,0,0,0,0,0,0,0,Burglary,None,2024-10-20,Tamil Nadu,0
3,27,0,0,0,0,0,2,0.106,18,3,0,0,1,0,0,0,0,1,0,0,0,0,1,0,0,0,0,0,0,0,0,Vandalism,None,2020-09-08,Maharashtra,0
0,48,0,1,0,1,0,2,0.571,15,9,1,0,0,0,0,0,0,0,0,0,0,1,0,0,0,0,0,1,0,0,0,Arms Trafficking,None,2020-07-22,Uttar Pradesh,0
1,27,0,0,0,1,0,0,0.086,20,1,0,1,0,0,0,0,0,1,0,0,0,0,0,0,0,0,0,0,0,1,0,Vandalism,None,2025-05-06,Punjab,0
1,46,0,0,0,1,1,0,0.347,13,3,0,1,0,0,0,0,0,0,0,1,0,0,0,0,0,0,1,0,0,0,0,Fraud,None,2022-12-15,Rajasthan,0
0,16,0,0,0,1,1,0,0.168,4,2,0,0,0,0,1,0,0,0,1,0,0,0,0,0,0,1,0,0,0,0,0,Car Theft,None,2020-09-25,Maharashtra,0
0,19,0,1,1,1,0,0,0.468,20,1,0,0,0,1,0,0,0,0,0,0,0,1,0,0,0,0,0,1,0,0,0,Arms Trafficking,None,2022-01-06,Rajasthan,0
3,21,1,1,1,1,0,2,0.601,22,9,0,0,0,1,0,0,0,0,0,0,0,1,0,0,1,0,0,0,0,0,0,Drug Trafficking,Kaala Bichhoo Gang,2019-03-23,Maharashtra,1
3,33,0,1,0,0,0,5,0.529,4,0,0,0,0,1,0,0,1,0,0,0,0,0,0,0,1,0,0,0,0,0,0,Murder,None,2022-11-06,Gujarat,0
4,33,0,0,0,1,1,4,0.16,4,7,1,0,0,0,0,0,1,0,0,0,0,0,0,0,0,0,0,0,1,0,0,Human Trafficking,None,2022-05-25,Gujarat,1
3,24,0,0,0,0,1,1,0.268,12,2,0,0,1,0,0,0,0,0,1,0,0,0,1,0,0,0,0,0,0,0,0,Car Theft,None,2021-11-01,Haryana,1
0,22,0,0,0,1,0,0,0.309,2,2,1,0,0,0,0,0,0,1,0,0,0,0,1,0,0,0,0,0,0,0,0,Burglary,None,2025-06-11,Karnataka,0
0,52,1,0,0,1,1,1,0.454,8,12,0,0,0,0,1,0,1,0,0,0,0,0,0,0,0,1,0,0,0,0,0,Money Laundering,Kaala Bichhoo Gang,2020-01-22,Maharashtra,1
0,39,0,0,0,0,0,2,0.215,17,5,1,0,0,0,0,0,1,0,0,0,0,0,0,0,0,0,0,0,1,0,0,Kidnapping,None,2019-06-23,Kerala,0
0,27,0,0,0,1,1,0,0.032,9,3,0,0,0,0,0,1,0,0,0,1,0,0,0,0,0,0,1,0,0,0,0,Fraud,None,2020-02-07,Uttar Pradesh,0
1,26,0,1,0,1,0,1,0.69,17,6,1,0,0,0,0,0,1,0,0,0,0,0,0,0,0,0,0,0,1,0,0,Kidnapping,None,2020-01-20,Uttar Pradesh,1
0,19,1,0,0,1,0,1,0.44,20,1,0,1,0,0,0,0,0,0,1,0,0,0,0,0,0,0,0,0,0,1,0,Arson,Kaali Billi Crew,2019-04-18,Haryana,1
2,35,0,0,0,1,1,0,0.546,16,0,0,0,0,0,0,1,0,0,0,1,0,0,0,0,0,1,0,0,0,0,0,Fraud,None,2024-09-15,Delhi,0
0,18,0,0,0,0,0,3,0.482,3,2,1,0,0,0,0,0,1,0,0,0,0,0,0,0,1,0,0,0,0,0,0,Assault,None,2021-03-31,Uttar Pradesh,1
3,46,0,0,0,1,0,0,0.365,11,5,0,0,0,0,0,1,0,0,0,1,0,0,0,0,0,1,0,0,0,0,0,Money Laundering,None,2019-09-26,Tamil Nadu,0
1,21,1,0,0,1,1,1,0.468,2,13,0,0,0,0,0,1,0,0,0,0,1,0,0,0,0,0,0,0,0,1,0,Cybercrime,Neela Saanp Syndicate,2022-04-11,West Bengal,1
1,19,0,0,0,1,0,1,0.292,4,3,0,0,1,0,0,0,0,0,0,1,0,0,0,1,0,0,0,0,0,0,0,Robbery,None,2023-09-21,Bihar,0
0,21,0,1,0,0,0,1,0.554,18,4,0,0,1,0,0,0,1,0,0,0,0,0,0,0,1,0,0,0,0,0,0,Assault,None,2021-02-21,Uttar Pradesh,0
2,18,1,1,0,0,0,2,0.688,20,3,0,1,0,0,0,0,0,1,0,0,0,0,0,0,0,0,0,0,0,1,0,Arson,Kaali Billi Crew,2021-02-16,Madhya Pradesh,1
1,35,0,0,0,1,0,1,0.244,8,7,0,0,0,1,0,0,1,0,0,0,0,0,0,0,0,1,0,0,0,0,0,Human Trafficking,None,2023-12-06,Rajasthan,0
1,45,1,1,0,1,1,3,0.654,23,8,0,1,0,0,0,0,0,0,0,1,0,0,0,1,0,0,0,0,0,0,0,Extortion,Teen Talwar Gang,2024-02-14,Gujarat,0
3,32,0,1,1,1,0,0,0.253,18,11,0,1,0,0,0,0,0,0,0,0,0,1,0,1,0,0,0,0,0,0,0,Arms Trafficking,None,2021-12-09,Maharashtra,1
0,16,0,0,0,0,0,1,0.09,13,3,0,1,0,0,0,0,0,0,0,0,1,0,1,0,0,0,0,0,0,0,0,Car Theft,None,2019-12-08,Madhya Pradesh,0
0,39,0,1,1,1,0,2,0.75,11,1,0,0,0,1,0,0,0,1,0,0,0,0,0,0,0,0,0,1,0,0,0,Arms Trafficking,None,2020-08-30,Karnataka,0
3,45,0,0,0,1,0,0,0.387,14,2,0,0,0,0,0,1,0,0,0,1,0,0,0,0,0,1,0,0,0,0,0,Fraud,None,2022-02-22,Uttar Pradesh,0
1,40,0,1,0,1,0,2,0.336,9,4,0,0,0,1,0,0,0,0,0,1,0,0,0,0,0,0,0,1,0,0,0,Arms Trafficking,None,2022-02-12,Rajasthan,1
0,35,0,0,0,0,1,1,0.257,10,2,0,1,0,0,0,0,0,0,0,0,1,0,0,0,0,1,0,0,0,0,0,Fraud,None,2021-01-18,Bihar,1
1,49,1,0,0,1,1,1,0.72,11,12,0,0,0,1,0,0,1,0,0,0,0,0,0,0,0,1,0,0,0,0,0,Human Trafficking,Patang Syndicate,2021-07-26,Telangana,1
5,38,1,1,1,1,0,5,0.618,8,5,0,1,0,0,0,0,0,0,0,0,0,1,0,0,0,0,0,1,0,0,0,Drug Trafficking,Kaala Bichhoo Gang,2024-03-22,Kerala,1
4,32,1,1,0,1,1,5,0.571,16,11,0,0,0,0,0,1,0,0,0,1,0,0,0,0,0,0,0,0,0,0,1,Extortion,Teen Talwar Gang,2022-05-13,Gujarat,1
0,35,0,0,0,1,0,1,0.567,17,8,0,0,0,1,0,0,1,0,0,0,0,0,0,0,0,0,0,0,1,0,0,Human Trafficking,None,2025-04-07,Delhi,0
1,17,1,0,0,1,0,0,0.825,22,3,1,0,0,0,0,0,0,1,0,0,0,0,1,0,0,0,0,0,0,0,0,Burglary,Kaali Billi Crew,2025-03-14,Madhya Pradesh,0
3,40,1,0,0,1,1,6,0.438,13,11,0,0,0,1,0,0,1,0,0,0,0,0,0,0,0,0,0,0,1,0,0,Human Trafficking,Patang Syndicate,2023-05-27,Punjab,1
2,28,0,1,0,0,1,3,0.431,23,2,0,1,0,0,0,0,1,0,0,0,0,0,0,0,1,0,0,0,0,0,0,Murder,None,2022-12-07,Rajasthan,1
0,31,0,0,0,1,1,0,0.038,2,2,0,0,0,0,0,1,0,0,0,0,1,0,0,0,0,1,0,0,0,0,0,Fraud,None,2023-07-15,Maharashtra,0
0,34,0,1,0,0,0,2,0.769,21,0,1,0,0,0,0,0,1,0,0,0,0,0,0,0,1,0,0,0,0,0,0,Assault,None,2020-10-02,Rajasthan,1
5,16,1,1,0,1,0,5,0.298,16,7,0,0,1,0,0,0,0,1,0,0,0,0,0,0,1,0,0,0,0,0,0,Robbery,Lal Toofan Crew,2022-11-07,Rajasthan,1
2,39,1,1,0,1,0,1,0.56,2,4,0,1,0,0,0,0,0,0,1,0,0,0,0,0,0,0,0,1,0,0,0,Arms Trafficking,Kaala Bichhoo Gang,2023-04-18,Maharashtra,0
3,45,1,0,0,1,1,2,0.743,8,11,0,0,1,0,0,0,0,0,0,1,0,0,0,0,0,0,0,0,1,0,0,Human Trafficking,Patang Syndicate,2024-05-19,Punjab,1
1,32,0,0,0,0,0,0,0.434,11,1,0,0,0,0,0,1,0,0,0,0,1,0,0,0,0,0,1,0,0,0,0,Fraud,None,2024-08-23,West Bengal,0
1,42,0,0,0,1,1,0,0.711,10,3,0,1,0,0,0,0,0,0,0,1,0,0,0,0,0,1,0,0,0,0,0,Fraud,None,2025-01-13,Telangana,0
3,40,0,1,0,0,0,4,0.533,10,2,0,0,1,0,0,0,1,0,0,0,0,0,0,0,0,0,0,0,1,0,0,Kidnapping,None,2024-01-29,Uttar Pradesh,1
2,23,1,0,1,1,0,1,0.553,3,3,1,0,0,0,0,0,0,0,0,0,1,0,1,0,0,0,0,0,0,0,0,Burglary,Kaali Billi Crew,2019-12-08,Haryana,0
2,16,1,0,0,1,0,3,0.313,22,2,1,0,0,0,0,0,0,1,0,0,0,0,0,0,0,0,0,0,0,1,0,Arson,Kaali Billi Crew,2019-01-06,Haryana,1
3,42,0,0,0,1,0,0,0.206,3,3,0,0,0,0,1,0,0,0,0,1,0,0,0,0,0,1,0,0,0,0,0,Fraud,None,2021-01-29,Gujarat,0
3,37,0,0,0,1,0,3,0.513,2,2,0,0,1,0,0,0,1,0,0,0,0,0,0,0,0,0,0,0,1,0,0,Kidnapping,None,2022-01-21,Maharashtra,1
1,20,0,0,0,1,1,1,0.254,17,3,0,1,0,0,0,0,0,0,0,0,1,0,0,0,0,0,1,0,0,0,0,Cybercrime,None,2021-04-23,Uttar Pradesh,0
3,29,0,1,0,0,0,6,0.336,12,2,0,0,0,1,0,0,1,0,0,0,0,0,0,0,1,0,0,0,0,0,0,Murder,None,2019-03-28,Karnataka,1
1,46,0,0,0,1,1,1,0.342,14,0,0,0,0,0,0,1,0,0,0,0,1,0,0,0,0,1,0,0,0,0,0,Fraud,None,2020-07-16,Maharashtra,1
0,27,0,0,0,1,0,0,0.38,12,1,0,0,0,0,1,0,0,0,0,1,0,0,0,0,0,1,0,0,0,0,0,Fraud,None,2025-08-15,Madhya Pradesh,0
4,35,1,0,0,1,1,1,0.646,13,12,1,0,0,0,0,0,0,0,0,1,0,0,0,0,0,1,0,0,0,0,0,Fraud,Neela Saanp Syndicate,2023-07-29,West Bengal,0
8,38,1,1,0,1,1,1,0.782,8,5,0,1,0,0,0,0,0,0,0,1,0,0,0,0,0,0,0,0,0,0,1,Extortion,Patang Syndicate,2018-09-13,Telangana,1
2,47,0,1,0,1,0,0,0.638,10,0,0,0,1,0,0,0,1,0,0,0,0,0,0,0,0,0,0,0,1,0,0,Kidnapping,None,2023-04-28,Madhya Pradesh,1
0,27,0,1,1,1,1,0,0.338,2,5,1,0,0,0,0,0,0,0,0,1,0,0,0,0,0,0,0,1,0,0,0,Drug Trafficking,None,2025-11-04,Bihar,0
1,29,0,1,1,1,0,0,0.027,16,7,0,0,0,1,0,0,0,0,0,0,0,1,0,0,0,0,0,0,0,0,1,Drug Trafficking,None,2020-08-21,Bihar,0
0,22,0,0,0,1,0,2,0.328,21,0,0,0,1,0,0,0,0,0,1,0,0,0,0,0,0,1,0,0,0,0,0,Car Theft,None,2024-11-28,Uttar Pradesh,0
3,39,0,0,0,1,0,0,0.449,2,2,0,1,0,0,0,0,0,0,0,0,1,0,0,0,0,1,0,0,0,0,0,Fraud,None,2025-06-07,Uttar Pradesh,0
1,23,1,1,0,1,0,0,0.601,23,2,0,0,0,1,0,0,0,0,0,1,0,0,0,0,1,0,0,0,0,0,0,Robbery,Lal Toofan Crew,2018-08-26,Delhi,0
2,16,0,1,0,1,0,2,0.776,1,5,0,0,1,0,0,0,0,0,0,0,0,1,0,0,0,0,1,0,0,0,0,Arms Trafficking,None,2025-02-09,Kerala,1
1,24,0,0,0,0,0,1,0.497,10,3,0,1,0,0,0,0,1,0,0,0,0,0,0,0,0,0,0,0,0,0,1,Assault,None,2024-09-08,Gujarat,0
0,21,0,0,0,1,0,0,0.3,2,3,1,0,0,0,0,0,0,0,1,0,0,0,1,0,0,0,0,0,0,0,0,Car Theft,None,2021-11-04,Gujarat,0
1,46,0,0,0,1,1,0,0.343,14,0,1,0,0,0,0,0,0,0,0,1,0,0,0,0,0,0,1,0,0,0,0,Fraud,None,2019-09-22,Punjab,0
0,25,1,0,0,1,0,1,0.461,22,2,0,1,0,0,0,0,0,0,1,0,0,0,0,0,0,0,0,0,0,1,0,Arson,Kaali Billi Crew,2020-11-12,Haryana,0
1,35,0,0,0,1,1,1,0.678,13,4,0,0,0,0,1,0,0,0,0,1,0,0,0,0,0,1,0,0,0,0,0,Fraud,None,2021-03-08,Kerala,0
0,16,0,0,0,1,0,0,0.161,0,1,1,0,0,0,0,0,0,0,1,0,0,0,0,0,0,1,0,0,0,0,0,Car Theft,None,2024-10-13,Maharashtra,1
5,26,1,0,0,1,0,3,0.551,23,6,0,1,0,0,0,0,0,0,0,1,0,0,0,0,0,1,0,0,0,0,0,Fraud,Lal Toofan Crew,2022-04-09,Rajasthan,1
3,28,0,0,0,1,1,4,0.851,23,5,0,0,0,0,1,0,0,0,0,1,0,0,0,0,0,0,0,0,0,0,1,Extortion,None,2024-10-15,Gujarat,1
1,22,0,0,0,1,0,1,0.242,17,2,1,0,0,0,0,0,0,0,0,0,1,0,1,0,0,0,0,0,0,0,0,Burglary,None,2023-06-30,West Bengal,0
1,19,0,0,0,1,0,1,0.49,2,2,0,0,1,0,0,0,0,0,1,0,0,0,0,0,0,1,0,0,0,0,0,Car Theft,None,2021-07-12,Madhya Pradesh,0
4,20,1,1,0,1,0,0,0.661,14,3,0,0,0,0,1,0,0,0,0,1,0,0,0,1,0,0,0,0,0,0,0,Robbery,Lal Toofan Crew,2022-07-09,Delhi,0
0,23,0,0,0,1,1,0,0.453,18,3,0,1,0,0,0,0,0,0,0,1,0,0,1,0,0,0,0,0,0,0,0,Car Theft,None,2025-08-09,Telangana,0
2,37,0,0,0,0,0,1,0.643,23,2,0,1,0,0,0,0,0,1,0,0,0,0,0,0,0,0,0,0,0,1,0,Arson,None,2025-03-06,West Bengal,0
1,29,0,0,0,0,0,1,0.039,3,1,1,0,0,0,0,0,0,1,0,0,0,0,0,0,0,0,0,0,0,1,0,Arson,None,2018-11-07,Karnataka,0
2,35,0,1,1,1,0,4,0.732,4,5,0,0,0,0,0,1,0,0,0,1,0,0,0,0,0,0,0,0,0,0,1,Extortion,None,2023-11-01,Maharashtra,1
1,27,0,0,0,1,0,0,0.594,21,3,0,0,0,0,0,1,0,0,0,0,1,0,0,0,0,0,1,0,0,0,0,Cybercrime,None,2022-06-02,Uttar Pradesh,0
0,16,0,0,0,0,0,0,0.392,12,3,1,0,0,0,0,0,0,0,1,0,0,0,0,0,0,1,0,0,0,0,0,Car Theft,None,2018-04-11,West Bengal,0
0,16,0,0,0,1,1,1,0.233,1,2,1,0,0,0,0,0,0,1,0,0,0,0,1,0,0,0,0,0,0,0,0,Burglary,None,2023-02-08,Bihar,0
4,34,1,1,0,1,0,2,0.475,21,4,0,0,0,1,0,0,0,0,0,0,0,1,0,0,0,0,0,1,0,0,0,Arms Trafficking,Teen Talwar Gang,2025-04-22,Tamil Nadu,1
2,37,0,0,0,1,1,1,0.279,13,1,0,0,0,0,1,0,0,0,0,1,0,0,0,0,0,1,0,0,0,0,0,Fraud,None,2019-02-06,Punjab,0
1,25,0,0,1,0,0,1,0.356,23,3,1,0,0,0,0,0,1,0,0,0,0,0,0,0,1,0,0,0,0,0,0,Assault,None,2018-06-09,Uttar Pradesh,1
4,49,1,1,1,1,1,1,0.684,2,13,1,0,0,0,0,0,0,0,0,0,0,1,0,0,0,0,0,0,0,0,1,Drug Trafficking,Kaala Bichhoo Gang,2020-06-30,Kerala,1
1,39,0,0,0,1,1,0,0.078,17,3,0,1,0,0,0,0,0,0,0,1,0,0,0,0,0,1,0,0,0,0,0,Money Laundering,None,2019-01-17,Tamil Nadu,0
2,28,1,0,0,1,1,1,0.453,14,6,1,0,0,0,0,0,0,0,1,0,0,0,1,0,0,0,0,0,0,0,0,Car Theft,Lal Toofan Crew,2019-07-16,Rajasthan,0
2,25,0,0,1,0,0,1,0.601,0,3,1,0,0,0,0,0,1,0,0,0,0,0,0,0,1,0,0,0,0,0,0,Assault,None,2018-11-23,Gujarat,1
1,19,0,0,1,0,0,2,0.487,4,1,1,0,0,0,0,0,1,0,0,0,0,0,0,1,0,0,0,0,0,0,0,Assault,None,2021-08-15,Bihar,1
0,27,0,0,0,1,0,0,0.78,23,2,0,0,0,0,0,1,0,0,0,1,0,0,0,1,0,0,0,0,0,0,0,Robbery,None,2020-03-22,Bihar,0
2,42,0,0,0,1,1,0,0.281,23,0,0,0,0,0,1,0,0,0,0,1,0,0,0,0,0,0,1,0,0,0,0,Fraud,None,2024-06-30,Rajasthan,0
2,49,1,1,0,0,0,3,0.55,4,4,0,1,0,0,0,0,1,0,0,0,0,0,0,0,1,0,0,0,0,0,0,Murder,Teen Talwar Gang,2025-04-29,Tamil Nadu,0
3,40,0,0,0,0,0,4,0.273,16,2,0,0,1,0,0,0,1,0,0,0,0,0,0,0,0,0,0,0,0,1,0,Murder,None,2024-06-18,Tamil Nadu,0
1,24,0,0,0,1,1,5,0.602,18,5,0,0,0,0,1,0,1,0,0,0,0,0,0,0,0,0,0,0,1,0,0,Kidnapping,None,2025-08-03,Delhi,0
1,34,1,0,0,1,1,2,0.519,12,10,0,0,0,0,0,1,0,0,0,0,1,0,0,0,0,0,1,0,0,0,0,Cybercrime,Neela Saanp Syndicate,2018-12-12,Karnataka,0
3,30,0,0,1,1,1,0,0.148,3,7,0,1,0,0,0,0,0,0,0,0,0,1,0,0,0,0,0,1,0,0,0,Drug Trafficking,None,2022-04-19,Rajasthan,0
4,26,1,0,0,1,1,2,0.92,14,7,0,0,0,0,0,1,0,0,0,1,0,0,0,0,0,0,1,0,0,0,0,Cybercrime,Neela Saanp Syndicate,2023-02-22,Karnataka,0
1,33,0,1,0,1,0,4,0.686,8,3,0,1,0,0,0,0,0,0,0,0,1,0,0,0,0,0,0,1,0,0,0,Arms Trafficking,None,2021-06-23,Tamil Nadu,0
6,41,1,0,0,1,0,1,0.584,21,19,0,1,0,0,0,0,0,0,0,1,0,0,0,0,0,0,1,0,0,0,0,Money Laundering,Kaala Bichhoo Gang,2022-07-15,Kerala,1
0,22,0,0,0,1,0,0,0.033,1,4,0,1,0,0,0,0,0,0,0,1,0,0,1,0,0,0,0,0,0,0,0,Burglary,None,2020-05-12,Tamil Nadu,0
1,27,1,0,0,0,1,2,0.74,13,8,0,0,0,1,0,0,1,0,0,0,0,0,0,1,0,0,0,0,0,0,0,Kidnapping,Patang Syndicate,2019-09-02,Telangana,1
3,52,1,0,0,1,1,2,0.599,1,5,0,0,0,0,0,1,0,0,0,0,1,0,0,0,0,0,1,0,0,0,0,Extortion,Teen Talwar Gang,2022-02-26,Gujarat,1
0,31,0,0,0,0,1,1,0.539,9,2,0,1,0,0,0,0,0,0,0,0,1,0,0,0,0,0,1,0,0,0,0,Cybercrime,None,2025-10-22,Bihar,0
2,31,0,1,1,0,1,3,0.783,14,5,1,0,0,0,0,0,1,0,0,0,0,0,0,0,0,0,0,0,1,0,0,Kidnapping,None,2019-02-14,Karnataka,1
1,25,0,0,0,1,1,1,0.504,2,2,0,1,0,0,0,0,0,0,1,0,0,0,0,0,0,0,1,0,0,0,0,Car Theft,None,2023-03-01,Uttar Pradesh,0
2,32,0,0,0,0,0,3,0.508,23,2,0,0,1,0,0,0,1,0,0,0,0,0,0,0,1,0,0,0,0,0,0,Assault,None,2025-07-03,Uttar Pradesh,1
1,55,1,0,0,1,1,0,0.396,1,9,0,0,0,0,1,0,0,0,0,1,0,0,0,0,0,1,0,0,0,0,0,Money Laundering,Kaala Bichhoo Gang,2024-04-11,Kerala,0
4,47,0,0,0,1,1,0,0.229,16,3,0,0,0,0,0,1,0,0,0,1,0,0,0,0,0,1,0,0,0,0,0,Fraud,None,2025-05-08,Delhi,0
1,45,0,0,0,1,1,0,0.377,16,3,0,0,0,0,0,1,0,0,0,1,0,0,1,0,0,0,0,0,0,0,0,Fraud,None,2022-09-27,Uttar Pradesh,0
2,46,1,0,0,1,1,0,0.36,9,5,0,0,0,0,0,1,0,0,0,0,1,0,0,0,0,0,1,0,0,0,0,Cybercrime,Teen Talwar Gang,2019-12-02,Gujarat,0
1,21,0,0,0,1,0,1,0.568,1,0,0,0,1,0,0,0,0,0,1,0,0,0,0,0,0,0,1,0,0,0,0,Car Theft,None,2021-01-13,Rajasthan,0
1,30,0,0,0,0,0,1,0.18,15,3,0,0,0,0,1,0,0,0,1,0,0,0,0,0,0,1,0,0,0,0,0,Car Theft,None,2024-03-31,Tamil Nadu,0
4,35,1,1,0,0,0,5,0.746,9,4,0,1,0,0,0,0,0,0,0,1,0,0,0,0,0,0,0,0,0,0,1,Extortion,Teen Talwar Gang,2020-08-18,Gujarat,0
2,42,0,0,0,1,1,0,0.606,12,3,0,0,1,0,0,0,1,0,0,0,0,0,0,0,0,0,1,0,0,0,0,Money Laundering,None,2023-10-08,Bihar,0
0,21,0,0,0,0,0,1,0.188,23,1,0,0,1,0,0,0,0,0,1,0,0,0,0,0,0,1,0,0,0,0,0,Car Theft,None,2023-09-10,Tamil Nadu,0
2,36,0,1,0,1,0,2,0.5,12,2,0,0,1,0,0,0,1,0,0,0,0,0,0,0,0,0,0,0,1,0,0,Kidnapping,None,2020-02-27,Telangana,1
5,53,1,0,0,1,1,7,0.535,15,5,0,1,0,0,0,0,0,0,0,1,0,0,0,0,0,0,0,0,0,0,1,Extortion,Teen Talwar Gang,2023-11-17,Gujarat,1
0,20,0,0,0,1,0,0,0.649,17,4,0,0,0,0,0,1,0,0,0,1,0,0,0,0,0,1,0,0,0,0,0,Fraud,None,2020-03-21,Madhya Pradesh,0
0,43,0,1,0,1,0,2,0.599,11,4,1,0,0,0,0,0,0,0,0,0,0,1,0,0,0,0,0,1,0,0,0,Arms Trafficking,None,2019-05-03,Uttar Pradesh,1
5,25,1,0,0,0,0,1,0.688,14,6,1,0,0,0,0,0,0,0,0,0,0,1,0,0,0,0,0,0,0,1,0,Arson,Neela Saanp Syndicate,2025-05-14,Karnataka,1
0,26,0,1,1,1,1,1,0.734,4,2,0,0,0,1,0,0,1,0,0,0,0,0,0,0,0,0,0,0,0,0,1,Extortion,None,2025-08-17,Tamil Nadu,0
1,45,1,0,0,1,1,0,0.225,11,20,0,0,0,1,0,0,1,0,0,0,0,0,0,0,0,1,0,0,0,0,0,Human Trafficking,Patang Syndicate,2018-06-26,Telangana,1
0,34,1,0,1,1,0,1,0.908,16,10,0,0,1,0,0,0,0,0,0,1,0,0,0,0,0,0,0,0,0,0,1,Drug Trafficking,Kaala Bichhoo Gang,2019-04-18,Maharashtra,0
1,21,0,0,0,1,0,2,0.593,16,4,1,0,0,0,0,0,1,0,0,0,0,0,0,0,0,0,0,0,1,0,0,Kidnapping,None,2022-03-06,Karnataka,1
1,33,0,0,1,0,0,2,0.67,18,0,0,0,1,0,0,0,0,1,0,0,0,0,0,0,1,0,0,0,0,0,0,Assault,None,2018-10-01,Gujarat,1
1,18,0,0,0,1,0,0,0.362,21,1,0,0,1,0,0,0,0,1,0,0,0,0,1,0,0,0,0,0,0,0,0,Car Theft,None,2020-12-29,West Bengal,0
1,21,0,1,0,1,0,5,0.276,18,4,0,1,0,0,0,0,0,0,0,0,0,1,0,0,0,0,0,1,0,0,0,Arms Trafficking,None,2023-02-13,Gujarat,0
0,24,0,1,0,1,0,1,0.21,15,1,0,0,0,0,1,0,0,0,0,1,0,0,1,0,0,0,0,0,0,0,0,Burglary,None,2020-06-14,Maharashtra,1
2,47,1,1,1,1,0,2,0.717,1,9,1,0,0,0,0,0,0,0,0,0,0,1,0,0,0,0,0,1,0,0,0,Arms Trafficking,Kaala Bichhoo Gang,2022-10-18,Kerala,1
3,46,1,0,0,1,1,0,0.716,18,9,0,1,0,0,0,0,0,0,1,0,0,0,0,0,0,1,0,0,0,0,0,Money Laundering,Kaala Bichhoo Gang,2018-06-17,Kerala,1
1,44,0,0,0,1,1,0,0.116,9,6,0,0,0,0,0,1,0,0,0,1,0,0,0,0,0,1,0,0,0,0,0,Fraud,None,2018-05-20,Gujarat,0
6,49,0,0,0,1,0,0,0.141,17,2,0,0,0,0,1,0,0,0,0,1,0,0,0,0,0,1,0,0,0,0,0,Fraud,None,2019-05-21,Tamil Nadu,0
4,34,0,1,0,1,1,5,0.463,1,7,0,0,0,1,0,0,1,0,0,0,0,0,0,0,0,0,0,0,1,0,0,Kidnapping,None,2022-09-21,Kerala,1
2,26,1,0,0,0,0,5,0.494,0,2,0,0,1,0,0,0,1,0,0,0,0,0,0,1,0,0,0,0,0,0,0,Assault,Kaali Billi Crew,2018-08-18,Haryana,1
1,29,0,1,0,0,0,2,0.756,15,10,0,0,1,0,0,0,0,0,0,0,0,1,0,0,0,0,0,0,1,0,0,Arms Trafficking,None,2019-03-19,Madhya Pradesh,1
1,35,1,1,0,1,0,3,0.618,21,9,0,0,1,0,0,0,0,0,0,0,1,0,0,0,0,1,0,0,0,0,0,Arms Trafficking,Teen Talwar Gang,2021-08-09,Tamil Nadu,0
0,38,0,0,0,1,1,0,0.084,14,3,0,0,0,0,0,1,0,0,0,1,0,0,0,0,0,1,0,0,0,0,0,Money Laundering,None,2019-03-11,Telangana,0
2,32,0,0,0,1,0,3,0.358,19,3,1,0,0,0,0,0,1,0,0,0,0,0,0,0,0,0,0,0,1,0,0,Kidnapping,None,2018-10-21,Uttar Pradesh,1
0,26,0,1,0,1,0,0,0.584,4,3,0,1,0,0,0,0,0,0,0,1,0,0,0,1,0,0,0,0,0,0,0,Robbery,None,2025-05-04,Maharashtra,0
1,59,1,0,1,1,1,0,0.341,20,6,0,0,0,0,0,1,0,0,0,1,0,0,0,0,0,0,1,0,0,0,0,Money Laundering,Kaala Bichhoo Gang,2022-09-30,Kerala,0
1,26,0,0,1,1,0,0,0.306,20,6,1,0,0,0,0,0,0,0,0,0,0,1,0,0,0,0,0,1,0,0,0,Drug Trafficking,None,2021-05-10,West Bengal,1
2,39,0,0,0,0,0,2,0.269,20,1,0,1,0,0,0,0,1,0,0,0,0,0,0,0,0,0,0,0,0,0,1,Assault,None,2022-10-04,Tamil Nadu,1
1,35,0,0,0,1,0,0,0.218,11,4,0,0,0,0,0,1,0,0,0,1,0,0,0,0,0,0,1,0,0,0,0,Fraud,None,2018-11-08,Gujarat,0
0,34,0,0,0,1,0,2,0.408,21,2,0,0,1,0,0,0,0,0,1,0,0,0,1,0,0,0,0,0,0,0,0,Car Theft,None,2022-09-06,Bihar,0
0,39,1,1,1,1,0,3,0.65,4,11,0,1,0,0,0,0,0,0,0,0,0,1,0,0,0,0,0,1,0,0,0,Arms Trafficking,Teen Talwar Gang,2020-03-25,Tamil Nadu,1
1,39,0,0,0,1,1,0,0.532,16,5,0,0,0,1,0,0,0,0,0,1,0,0,0,0,0,1,0,0,0,0,0,Fraud,None,2019-08-25,West Bengal,0
2,31,0,0,0,1,1,0,0.503,1,4,0,0,0,1,0,0,1,0,0,0,0,0,0,0,1,0,0,0,0,0,0,Human Trafficking,None,2021-10-02,Maharashtra,0
0,19,0,1,0,1,1,1,0.402,3,6,0,0,0,1,0,0,1,0,0,0,0,0,0,0,0,1,0,0,0,0,0,Kidnapping,None,2022-01-14,Bihar,0
1,23,0,0,0,1,0,2,0.585,4,4,0,0,1,0,0,0,0,0,0,0,0,1,0,0,0,0,0,0,1,0,0,Kidnapping,None,2023-10-14,Tamil Nadu,0
0,16,0,0,0,1,1,0,0.115,23,3,0,0,1,0,0,0,0,0,1,0,0,0,1,0,0,0,0,0,0,0,0,Car Theft,None,2023-11-12,Uttar Pradesh,1
2,30,0,0,0,1,1,0,0.195,1,2,0,0,0,0,0,1,0,0,0,1,0,0,0,0,0,0,1,0,0,0,0,Cybercrime,None,2018-05-07,Tamil Nadu,0
0,23,0,0,0,1,1,0,0.242,2,3,1,0,0,0,0,0,0,0,0,1,0,0,1,0,0,0,0,0,0,0,0,Car Theft,None,2020-03-10,Delhi,0
4,19,1,0,1,0,0,2,0.653,3,6,0,0,1,0,0,0,0,0,0,0,0,1,0,0,0,0,0,1,0,0,0,Drug Trafficking,Lal Toofan Crew,2018-01-30,Rajasthan,1
4,49,0,0,0,1,1,0,0.426,14,0,0,0,0,0,0,1,0,0,0,1,0,0,0,0,0,1,0,0,0,0,0,Fraud,None,2021-04-25,Maharashtra,0
0,16,0,0,0,1,0,1,0.399,1,2,0,0,1,0,0,0,0,0,1,0,0,0,0,0,0,0,0,0,1,0,0,Car Theft,None,2020-09-13,West Bengal,0
1,22,0,0,1,0,0,3,0.563,19,1,0,0,1,0,0,0,1,0,0,0,0,0,0,0,1,0,0,0,0,0,0,Assault,None,2025-12-23,Rajasthan,1
0,19,0,0,0,1,1,1,0.325,1,2,1,0,0,0,0,0,0,0,0,1,0,0,1,0,0,0,0,0,0,0,0,Car Theft,None,2025-07-16,Uttar Pradesh,0
1,16,0,1,0,0,0,1,0.732,15,2,0,0,1,0,0,0,1,0,0,0,0,0,0,0,1,0,0,0,0,0,0,Assault,None,2023-09-26,Uttar Pradesh,0
0,26,0,1,0,0,0,5,0.29,8,3,0,0,1,0,0,0,1,0,0,0,0,0,0,0,0,0,0,0,0,0,1,Assault,None,2024-02-20,Uttar Pradesh,1
0,26,0,0,0,0,1,0,0.34,23,2,0,0,0,0,0,1,0,0,0,1,0,0,0,0,0,0,1,0,0,0,0,Cybercrime,None,2025-08-04,Rajasthan,0
3,24,1,1,1,1,0,1,0.834,8,10,0,0,0,1,0,0,0,0,0,1,0,0,0,0,0,0,0,1,0,0,0,Drug Trafficking,Kaala Bichhoo Gang,2023-11-18,Maharashtra,1
1,45,1,0,0,1,1,2,0.585,16,9,0,0,0,0,1,0,0,0,0,1,0,0,0,0,0,1,0,0,0,0,0,Money Laundering,Neela Saanp Syndicate,2020-09-15,Karnataka,0
1,25,0,0,0,0,0,4,0.126,12,1,0,1,0,0,0,0,0,0,1,0,0,0,0,0,0,0,0,0,0,1,0,Arson,None,2025-04-16,Bihar,0
1,28,0,1,0,1,0,4,0.852,3,0,0,1,0,0,0,0,0,0,0,0,0,1,0,1,0,0,0,0,0,0,0,Extortion,None,2025-05-25,Madhya Pradesh,1
0,31,0,0,0,1,0,0,0.516,4,1,0,1,0,0,0,0,0,0,0,1,0,0,0,0,0,1,0,0,0,0,0,Burglary,None,2021-07-09,Bihar,0
1,43,0,1,0,0,0,1,0.589,23,4,0,0,0,1,0,0,0,0,0,0,0,1,0,0,0,0,0,1,0,0,0,Arms Trafficking,None,2022-01-08,Tamil Nadu,0
4,48,1,1,0,0,0,5,0.638,8,2,0,0,0,1,0,0,1,0,0,0,0,0,0,1,0,0,0,0,0,0,0,Murder,Teen Talwar Gang,2018-09-22,Tamil Nadu,1
0,41,0,0,0,1,1,0,0.493,9,2,0,1,0,0,0,0,0,0,0,1,0,0,0,0,0,1,0,0,0,0,0,Fraud,None,2019-11-04,Madhya Pradesh,0
5,44,0,1,0,0,0,3,0.52,15,0,0,0,1,0,0,0,1,0,0,0,0,0,0,0,1,0,0,0,0,0,0,Murder,None,2020-10-28,Maharashtra,1
3,25,0,0,1,0,0,0,0.433,0,0,0,0,1,0,0,0,1,0,0,0,0,0,0,0,1,0,0,0,0,0,0,Assault,None,2025-06-20,Uttar Pradesh,0
2,16,0,0,0,0,0,1,0.729,22,0,1,0,0,0,0,0,0,0,1,0,0,0,1,0,0,0,0,0,0,0,0,Car Theft,None,2020-07-27,West Bengal,0
2,26,1,1,0,1,1,2,0.513,19,12,0,0,0,0,0,1,0,0,0,1,0,0,0,0,0,0,0,0,0,0,1,Extortion,Teen Talwar Gang,2018-02-23,Gujarat,1
3,23,1,0,0,1,1,0,0.66,17,8,0,0,0,0,1,0,0,0,0,1,0,0,0,0,0,1,0,0,0,0,0,Fraud,Neela Saanp Syndicate,2023-10-18,Karnataka,0
1,24,1,0,0,0,0,2,0.25,1,6,0,1,0,0,0,0,1,0,0,0,0,0,0,0,0,1,0,0,0,0,0,Burglary,Lal Toofan Crew,2025-04-17,Delhi,1
0,32,0,0,0,1,1,0,0.32,15,2,0,1,0,0,0,0,0,0,0,1,0,0,0,0,0,1,0,0,0,0,0,Fraud,None,2020-03-27,Bihar,0
0,16,0,0,0,1,0,0,0.361,1,2,0,0,0,0,0,1,0,0,0,0,1,0,0,0,0,0,1,0,0,0,0,Cybercrime,None,2022-08-16,Gujarat,0
0,27,1,0,0,1,1,0,0.455,14,7,1,0,0,0,0,0,0,0,0,1,0,0,0,0,0,1,0,0,0,0,0,Fraud,Neela Saanp Syndicate,2022-03-18,West Bengal,0
0,19,0,0,0,1,1,1,0.185,19,0,0,0,0,0,0,1,0,0,0,0,1,0,0,0,0,0,1,0,0,0,0,Cybercrime,None,2025-07-10,Uttar Pradesh,0
1,36,0,0,0,1,1,0,0.277,17,0,0,1,0,0,0,0,0,0,0,1,0,0,0,0,0,1,0,0,0,0,0,Fraud,None,2023-06-16,Telangana,0
0,27,0,0,1,1,0,0,0.403,4,0,1,0,0,0,0,0,0,1,0,0,0,0,1,0,0,0,0,0,0,0,0,Burglary,None,2025-09-15,Rajasthan,1
1,16,0,0,0,1,1,0,0.094,13,1,0,0,0,0,0,1,0,0,0,0,1,0,0,0,0,0,1,0,0,0,0,Cybercrime,None,2023-11-04,Uttar Pradesh,1
1,48,0,0,0,1,1,1,0.429,23,2,0,0,0,0,1,0,0,0,0,1,0,0,0,0,0,1,0,0,0,0,0,Fraud,None,2020-12-11,Uttar Pradesh,0
3,43,0,0,0,1,1,1,0.403,9,5,0,0,0,0,1,0,0,0,0,1,0,0,0,0,0,1,0,0,0,0,0,Money Laundering,None,2020-12-15,Madhya Pradesh,1
0,16,0,0,0,0,1,0,0.057,16,1,0,0,0,0,0,1,0,0,0,1,0,0,0,0,0,1,0,0,0,0,0,Cybercrime,None,2019-03-26,Haryana,0
1,25,0,0,0,0,0,1,0.404,1,1,1,0,0,0,0,0,0,1,0,0,0,0,1,0,0,0,0,0,0,0,0,Burglary,None,2019-01-04,West Bengal,0
0,31,1,1,1,1,0,1,0.691,21,7,0,1,0,0,0,0,0,0,1,0,0,0,1,0,0,0,0,0,0,0,0,Car Theft,Kaali Billi Crew,2019-06-19,Haryana,1
1,38,0,0,0,1,0,3,0.686,22,1,0,1,0,0,0,0,0,1,0,0,0,0,0,0,0,0,0,0,0,1,0,Arson,None,2023-11-29,Madhya Pradesh,1
0,24,0,0,0,1,0,0,0.518,2,2,0,1,0,0,0,0,0,0,1,0,0,0,1,0,0,0,0,0,0,0,0,Car Theft,None,2025-02-08,Delhi,1
2,16,1,0,0,1,1,1,0.276,18,8,0,0,0,0,0,1,0,0,0,0,1,0,0,0,0,0,1,0,0,0,0,Cybercrime,Neela Saanp Syndicate,2025-01-30,West Bengal,1
3,38,1,0,1,1,1,1,0.611,15,9,0,0,0,0,1,0,0,0,0,1,0,0,0,0,0,1,0,0,0,0,0,Money Laundering,Kaala Bichhoo Gang,2025-08-29,Kerala,1
2,34,0,1,0,1,0,2,0.267,8,2,0,0,0,1,0,0,1,0,0,0,0,0,0,1,0,0,0,0,0,0,0,Kidnapping,None,2020-02-20,Karnataka,1
1,31,0,1,0,0,0,2,0.824,4,2,0,0,1,0,0,0,1,0,0,0,0,0,0,0,0,0,0,0,1,0,0,Kidnapping,None,2019-11-19,Maharashtra,0
2,23,0,1,0,1,0,3,0.35,4,2,1,0,0,0,0,0,1,0,0,0,0,0,0,0,0,1,0,0,0,0,0,Assault,None,2019-11-18,Rajasthan,0
2,27,0,0,0,1,1,0,0.029,20,1,0,0,0,0,0,1,0,0,0,1,0,0,0,0,0,0,1,0,0,0,0,Cybercrime,None,2025-05-19,Madhya Pradesh,0
0,31,0,1,0,1,0,5,0.336,0,10,0,0,0,1,0,0,0,0,0,0,0,1,0,0,0,0,0,1,0,0,0,Arms Trafficking,None,2021-09-05,Maharashtra,1
0,31,0,0,0,0,0,2,0.648,14,0,0,0,0,1,0,0,0,1,0,0,0,0,0,0,1,0,0,0,0,0,0,Assault,None,2020-10-14,Maharashtra,0
1,36,0,0,0,1,0,2,0.149,21,6,0,0,0,1,0,0,0,0,0,1,0,0,0,0,0,1,0,0,0,0,0,Human Trafficking,None,2025-12-04,Tamil Nadu,1
1,29,0,0,0,1,0,1,0.494,4,4,0,1,0,0,0,0,0,0,0,1,0,0,0,0,0,1,0,0,0,0,0,Fraud,None,2018-03-18,Karnataka,1
4,30,1,1,1,1,0,2,0.559,21,10,0,0,0,1,0,0,0,0,0,0,0,1,0,0,0,0,0,1,0,0,0,Arms Trafficking,Neela Saanp Syndicate,2025-07-21,West Bengal,1
4,26,1,0,0,0,0,0,0.537,0,0,0,0,1,0,0,0,0,1,0,0,0,0,0,0,0,0,0,0,0,1,0,Arson,Kaali Billi Crew,2025-02-27,Haryana,1
2,16,0,0,1,1,0,1,0.217,16,3,0,0,1,0,0,0,0,0,0,0,0,1,0,0,0,0,0,1,0,0,0,Drug Trafficking,None,2019-11-22,Gujarat,0
2,38,1,1,1,1,1,1,0.604,8,8,0,0,1,0,0,0,1,0,0,0,0,0,0,0,0,0,0,0,1,0,0,Kidnapping,Patang Syndicate,2024-09-05,Telangana,1
2,34,0,0,0,0,0,2,0.246,2,2,0,0,1,0,0,0,1,0,0,0,0,0,0,0,1,0,0,0,0,0,0,Assault,None,2018-04-02,Bihar,0
3,32,1,0,1,1,0,2,0.716,21,5,0,1,0,0,0,0,0,0,0,0,0,1,0,0,0,0,0,1,0,0,0,Drug Trafficking,Kaala Bichhoo Gang,2019-03-23,Maharashtra,1
2,26,0,0,0,0,0,2,0.261,18,1,1,0,0,0,0,0,0,1,0,0,0,0,0,0,0,0,0,0,0,1,0,Arson,None,2021-05-20,Uttar Pradesh,0
1,27,0,0,0,0,1,0,0.187,14,5,0,1,0,0,0,0,0,0,0,0,1,0,0,0,0,0,1,0,0,0,0,Cybercrime,None,2020-01-11,Uttar Pradesh,0
2,25,0,0,0,0,0,1,0.206,1,1,0,1,0,0,0,0,0,1,0,0,0,0,1,0,0,0,0,0,0,0,0,Burglary,None,2025-04-24,Uttar Pradesh,1
2,34,0,1,0,1,0,0,0.37,10,1,0,0,1,0,0,0,1,0,0,0,0,0,0,0,0,0,0,0,0,0,1,Kidnapping,None,2024-10-21,Uttar Pradesh,0
1,22,0,1,0,1,0,2,0.533,20,5,0,1,0,0,0,0,1,0,0,0,0,0,0,0,0,0,1,0,0,0,0,Extortion,None,2019-05-16,Bihar,1
1,40,0,0,0,1,0,3,0.425,10,2,0,0,0,1,0,0,1,0,0,0,0,0,0,0,0,0,0,0,1,0,0,Kidnapping,None,2020-06-16,West Bengal,1
0,45,0,0,0,1,0,0,0.185,9,2,0,0,0,0,0,1,0,0,0,1,0,0,0,0,0,1,0,0,0,0,0,Fraud,None,2023-09-03,Gujarat,0
1,36,0,1,0,1,0,1,0.444,20,1,0,1,0,0,0,0,1,0,0,0,0,0,0,0,1,0,0,0,0,0,0,Robbery,None,2020-06-01,Rajasthan,1
2,18,0,0,1,1,0,3,0.542,4,5,0,0,1,0,0,0,0,0,0,1,0,0,0,1,0,0,0,0,0,0,0,Robbery,None,2021-07-01,Delhi,1
6,44,1,0,1,1,0,3,0.662,22,11,1,0,0,0,0,0,0,0,0,0,0,1,0,0,0,0,1,0,0,0,0,Drug Trafficking,Kaala Bichhoo Gang,2019-11-24,Kerala,1
2,25,0,1,0,0,0,1,0.264,19,1,1,0,0,0,0,0,0,0,0,1,0,0,1,0,0,0,0,0,0,0,0,Burglary,None,2025-05-03,Uttar Pradesh,1
2,29,1,1,0,1,0,3,0.538,22,11,0,0,0,1,0,0,1,0,0,0,0,0,0,0,0,0,0,0,1,0,0,Kidnapping,Patang Syndicate,2021-12-25,Punjab,1
0,23,0,0,0,1,0,1,0.415,3,5,0,0,1,0,0,0,0,0,1,0,0,0,1,0,0,0,0,0,0,0,0,Car Theft,None,2024-11-30,Maharashtra,0
5,48,1,0,1,1,1,0,0.402,2,17,0,0,0,1,0,0,1,0,0,0,0,0,0,0,0,1,0,0,0,0,0,Human Trafficking,Patang Syndicate,2021-09-15,Punjab,0
2,36,0,0,0,1,1,1,0.286,15,3,0,0,0,0,1,0,0,0,0,1,0,0,0,0,0,1,0,0,0,0,0,Fraud,None,2020-11-25,Bihar,0
0,16,0,0,0,0,0,1,0.589,13,1,0,1,0,0,0,0,0,0,1,0,0,0,0,0,0,0,1,0,0,0,0,Car Theft,None,2024-08-24,West Bengal,0
1,18,0,0,0,0,0,0,0.356,1,1,0,0,0,1,0,0,0,1,0,0,0,0,1,0,0,0,0,0,0,0,0,Burglary,None,2022-04-26,Haryana,0
2,36,1,1,1,1,1,5,0.307,4,13,1,0,0,0,0,0,0,0,0,1,0,0,0,0,0,0,1,0,0,0,0,Extortion,Teen Talwar Gang,2019-02-02,Gujarat,1
1,17,1,0,0,1,1,1,0.637,12,2,0,1,0,0,0,0,1,0,0,0,0,0,0,0,0,0,0,0,0,0,1,Extortion,Teen Talwar Gang,2020-08-04,Gujarat,1
0,23,0,0,1,1,0,3,0.16,8,11,1,0,0,0,0,0,0,0,0,0,0,1,0,0,0,0,0,1,0,0,0,Drug Trafficking,None,2021-01-01,West Bengal,0
2,16,1,0,0,1,0,5,0.494,20,1,1,0,0,0,0,0,0,1,0,0,0,0,1,0,0,0,0,0,0,0,0,Burglary,Kaali Billi Crew,2024-01-28,Madhya Pradesh,1
1,41,0,0,0,0,0,4,0.733,12,5,0,0,1,0,0,0,1,0,0,0,0,0,0,0,0,0,0,0,1,0,0,Kidnapping,None,2024-04-23,West Bengal,0
0,31,0,0,0,1,0,1,0.325,20,0,0,0,0,1,0,0,0,1,0,0,0,0,1,0,0,0,0,0,0,0,0,Burglary,None,2024-06-23,West Bengal,0
0,36,0,0,0,1,1,1,0.631,11,1,1,0,0,0,0,0,0,0,0,1,0,0,0,0,0,1,0,0,0,0,0,Fraud,None,2020-03-21,Rajasthan,0
2,25,1,0,0,1,1,2,0.868,3,7,0,0,0,0,0,1,0,0,0,1,0,0,0,0,0,0,1,0,0,0,0,Cybercrime,Neela Saanp Syndicate,2023-01-14,West Bengal,1
2,27,0,0,0,1,0,0,0.428,3,2,0,1,0,0,0,0,0,0,0,1,0,0,1,0,0,0,0,0,0,0,0,Burglary,None,2021-06-07,Maharashtra,0
1,25,0,0,0,1,0,0,0.108,21,0,0,0,0,1,0,0,0,1,0,0,0,0,1,0,0,0,0,0,0,0,0,Burglary,None,2023-07-23,Delhi,0
1,25,0,0,0,1,1,1,0.241,3,2,0,0,0,0,0,1,0,0,0,1,0,0,0,0,0,0,1,0,0,0,0,Cybercrime,None,2019-03-08,Gujarat,0
0,26,0,1,0,1,0,1,0.462,20,1,0,0,1,0,0,0,0,0,0,1,0,0,0,1,0,0,0,0,0,0,0,Robbery,None,2023-08-28,Kerala,0
0,39,0,0,1,1,0,0,0.727,10,3,0,0,0,1,0,0,0,0,0,0,0,1,0,0,0,1,0,0,0,0,0,Drug Trafficking,None,2021-05-10,Bihar,0
1,28,0,1,0,1,0,2,0.533,17,1,1,0,0,0,0,0,1,0,0,0,0,0,0,1,0,0,0,0,0,0,0,Murder,None,2020-04-10,Delhi,0
0,22,0,1,0,1,0,3,0.723,21,2,0,0,1,0,0,0,0,1,0,0,0,0,0,1,0,0,0,0,0,0,0,Robbery,None,2022-05-28,Bihar,0
4,41,1,1,0,1,1,3,0.698,18,12,0,0,0,0,0,1,1,0,0,0,0,0,0,0,0,0,0,0,0,0,1,Extortion,Patang Syndicate,2023-01-14,Telangana,1
0,24,0,0,0,1,1,0,0.415,2,3,0,0,0,0,0,1,0,0,0,0,1,0,0,0,0,0,1,0,0,0,0,Cybercrime,None,2021-02-01,Madhya Pradesh,0
0,44,0,0,1,1,1,0,0.078,9,4,0,1,0,0,0,0,0,1,0,0,0,0,0,0,0,0,1,0,0,0,0,Money Laundering,None,2020-08-08,Gujarat,0
2,28,0,1,0,1,0,2,0.342,10,6,0,0,0,1,0,0,0,0,0,0,0,1,0,0,0,1,0,0,0,0,0,Arms Trafficking,None,2025-01-05,Bihar,0
2,30,0,0,1,0,0,2,0.548,8,3,1,0,0,0,0,0,1,0,0,0,0,0,0,0,0,0,0,0,0,1,0,Assault,None,2019-08-10,Haryana,1
1,21,0,0,0,1,0,1,0.403,21,1,0,0,0,0,1,0,0,0,1,0,0,0,0,0,0,1,0,0,0,0,0,Car Theft,None,2019-03-11,Bihar,0
2,16,1,0,0,1,1,1,0.646,2,5,0,0,0,0,0,1,0,0,0,1,0,0,0,0,0,0,1,0,0,0,0,Cybercrime,Neela Saanp Syndicate,2025-04-24,Karnataka,0
6,33,1,0,0,1,0,0,0.596,10,2,0,0,1,0,0,0,0,0,1,0,0,0,0,0,0,0,1,0,0,0,0,Car Theft,Lal Toofan Crew,2023-01-19,Rajasthan,1
1,34,0,1,0,1,0,1,0.482,0,10,1,0,0,0,0,0,0,0,0,0,0,1,0,0,0,0,0,1,0,0,0,Arms Trafficking,None,2021-01-06,West Bengal,0
1,16,0,0,0,1,0,0,0.352,23,1,0,1,0,0,0,0,0,1,0,0,0,0,1,0,0,0,0,0,0,0,0,Burglary,None,2021-01-07,Uttar Pradesh,0
3,27,1,0,0,1,1,3,0.797,9,7,0,0,0,0,0,1,1,0,0,0,0,0,0,0,0,0,1,0,0,0,0,Cybercrime,Neela Saanp Syndicate,2021-10-23,West Bengal,1
1,26,1,0,0,1,0,0,0.29,4,1,1,0,0,0,0,0,0,1,0,0,0,0,1,0,0,0,0,0,0,0,0,Burglary,Kaali Billi Crew,2024-09-16,Haryana,1
0,39,0,0,0,1,0,0,0.302,3,2,0,1,0,0,0,0,0,0,0,1,0,0,0,1,0,0,0,0,0,0,0,Fraud,None,2022-12-13,Maharashtra,0
3,30,1,1,0,1,0,0,0.473,1,9,1,0,0,0,0,0,1,0,0,0,0,0,0,0,0,0,0,0,0,0,1,Extortion,Teen Talwar Gang,2025-09-14,Tamil Nadu,1
3,38,1,1,0,1,0,2,0.833,2,7,0,0,0,1,0,0,0,0,0,0,0,1,0,0,0,0,0,1,0,0,0,Arms Trafficking,Teen Talwar Gang,2021-05-31,Tamil Nadu,1
6,41,0,1,1,0,0,4,0.575,9,1,0,0,1,0,0,0,1,0,0,0,0,0,0,0,0,0,0,0,0,1,0,Murder,None,2025-12-11,Gujarat,1
2,32,0,0,0,0,0,6,0.547,21,1,0,0,1,0,0,0,0,1,0,0,0,0,0,0,1,0,0,0,0,0,0,Assault,None,2019-01-29,Haryana,0
1,28,0,1,0,0,0,3,0.228,19,2,0,0,1,0,0,0,1,0,0,0,0,0,0,0,1,0,0,0,0,0,0,Assault,None,2020-10-10,Uttar Pradesh,0
1,30,0,0,1,1,0,1,0.197,2,5,0,0,1,0,0,0,1,0,0,0,0,0,0,0,0,1,0,0,0,0,0,Human Trafficking,None,2025-03-25,Uttar Pradesh,1
1,47,0,0,0,1,1,1,0.238,14,1,0,0,0,0,1,0,0,0,0,1,0,0,0,0,0,0,1,0,0,0,0,Money Laundering,None,2021-12-30,Punjab,0
1,23,1,0,0,0,0,1,0.709,1,2,0,1,0,0,0,0,0,0,1,0,0,0,1,0,0,0,0,0,0,0,0,Car Theft,Lal Toofan Crew,2019-03-11,Delhi,0
2,38,1,1,0,1,0,5,0.711,17,3,0,0,0,1,0,0,0,0,0,0,0,1,0,0,0,0,0,1,0,0,0,Arms Trafficking,Teen Talwar Gang,2021-08-10,Tamil Nadu,1
0,33,0,1,0,1,0,0,0.244,0,1,0,1,0,0,0,0,0,1,0,0,0,0,0,0,0,1,0,0,0,0,0,Car Theft,None,2024-04-19,Punjab,0
1,20,0,0,0,1,0,0,0.44,14,1,0,1,0,0,0,0,0,1,0,0,0,0,0,0,0,0,0,0,0,1,0,Vandalism,None,2023-05-02,Punjab,0
0,26,0,1,0,1,0,2,0.618,21,7,0,0,0,1,0,0,0,0,0,0,0,1,0,0,0,0,0,1,0,0,0,Arms Trafficking,None,2025-06-23,Rajasthan,0
2,43,0,0,0,1,1,0,0.281,9,6,0,0,0,0,1,0,0,0,0,1,0,0,0,0,0,1,0,0,0,0,0,Money Laundering,None,2024-05-30,West Bengal,0
0,24,0,0,0,1,0,0,0.187,4,2,0,0,1,0,0,0,0,0,1,0,0,0,0,1,0,0,0,0,0,0,0,Car Theft,None,2025-09-10,Uttar Pradesh,1
3,36,1,1,0,1,1,4,0.605,19,12,0,1,0,0,0,0,0,0,0,1,0,0,0,0,0,0,0,0,0,0,1,Extortion,Patang Syndicate,2022-11-15,Punjab,1
1,19,0,0,0,1,0,1,0.344,21,2,0,0,1,0,0,0,0,1,0,0,0,0,0,0,0,0,0,0,0,0,1,Burglary,None,2025-03-19,Maharashtra,1
2,46,1,1,0,1,1,0,0.505,4,15,1,0,0,0,0,0,1,0,0,0,0,0,0,0,0,1,0,0,0,0,0,Human Trafficking,Patang Syndicate,2020-08-09,Punjab,1
1,22,0,1,0,0,0,1,0.24,20,3,0,0,1,0,0,0,0,0,0,1,0,0,0,1,0,0,0,0,0,0,0,Robbery,None,2021-07-10,Telangana,1
4,31,1,0,0,1,0,2,0.743,17,3,1,0,0,0,0,0,0,1,0,0,0,0,1,0,0,0,0,0,0,0,0,Burglary,Lal Toofan Crew,2018-09-08,Rajasthan,1
4,32,1,0,0,0,1,0,0.627,11,6,0,0,0,0,0,1,0,0,0,0,1,0,0,0,0,0,1,0,0,0,0,Cybercrime,Neela Saanp Syndicate,2023-04-10,West Bengal,0
0,18,0,0,0,1,1,0,0.258,18,3,0,0,0,0,1,0,0,0,0,0,1,0,0,0,0,0,1,0,0,0,0,Cybercrime,None,2021-04-25,Bihar,0
2,30,0,0,0,1,1,0,0.392,2,1,0,0,0,0,0,1,0,0,0,0,1,0,0,0,0,0,1,0,0,0,0,Cybercrime,None,2022-12-25,Gujarat,0
1,32,0,0,0,0,0,2,0.098,1,0,1,0,0,0,0,0,0,1,0,0,0,0,0,0,0,0,0,0,0,1,0,Arson,None,2020-07-10,Haryana,0
4,26,0,1,0,0,0,3,0.367,19,2,0,0,1,0,0,0,1,0,0,0,0,0,0,0,0,0,0,0,1,0,0,Kidnapping,None,2018-09-19,Madhya Pradesh,1
1,24,0,0,0,0,0,3,0.349,16,1,1,0,0,0,0,0,1,0,0,0,0,0,0,0,1,0,0,0,0,0,0,Murder,None,2021-09-18,Madhya Pradesh,0
2,38,1,0,0,1,1,1,0.718,11,16,0,1,0,0,0,0,0,0,0,1,0,0,0,0,0,1,0,0,0,0,0,Money Laundering,Neela Saanp Syndicate,2019-05-30,Karnataka,1
0,30,0,0,0,1,0,0,0.355,3,10,0,0,1,0,0,0,1,0,0,0,0,0,0,0,0,0,0,0,1,0,0,Human Trafficking,None,2020-07-15,West Bengal,0
3,38,0,1,0,1,0,1,0.114,4,1,0,0,0,0,1,0,0,1,0,0,0,0,1,0,0,0,0,0,0,0,0,Burglary,None,2022-06-16,Karnataka,0
0,40,0,0,0,1,0,0,0.348,16,4,0,0,0,0,1,0,0,0,0,1,0,0,0,0,0,1,0,0,0,0,0,Money Laundering,None,2021-07-03,Bihar,0
2,45,0,0,0,1,0,1,0.617,16,4,0,0,1,0,0,0,0,0,0,1,0,0,0,0,0,1,0,0,0,0,0,Fraud,None,2024-12-07,Maharashtra,1
0,24,0,1,0,0,0,1,0.272,21,1,0,0,1,0,0,0,0,0,1,0,0,0,1,0,0,0,0,0,0,0,0,Car Theft,None,2025-11-24,Punjab,1
1,31,0,1,0,1,1,2,0.482,9,0,0,0,0,0,0,1,0,0,0,1,0,0,0,0,0,0,0,0,0,0,1,Extortion,None,2021-07-05,Gujarat,0
1,31,0,0,0,0,0,2,0.409,0,1,0,0,1,0,0,0,1,0,0,0,0,0,0,0,1,0,0,0,0,0,0,Assault,None,2025-02-20,Rajasthan,1
3,16,1,0,0,1,0,2,0.259,16,1,0,1,0,0,0,0,0,1,0,0,0,0,1,0,0,0,0,0,0,0,0,Burglary,Kaali Billi Crew,2024-03-26,Haryana,1
1,24,0,0,0,0,0,3,0.828,20,5,0,0,1,0,0,0,1,0,0,0,0,0,0,0,1,0,0,0,0,0,0,Assault,None,2022-06-02,Uttar Pradesh,0
1,27,0,0,0,0,0,3,0.457,20,5,0,0,0,0,0,1,0,1,0,0,0,0,0,0,0,0,0,0,0,1,0,Vandalism,None,2025-05-15,Gujarat,0
0,22,0,0,0,0,0,0,0.464,23,3,0,0,1,0,0,0,0,1,0,0,0,0,0,0,0,0,0,0,0,1,0,Vandalism,None,2021-04-03,Madhya Pradesh,0
3,36,0,1,1,0,1,2,0.546,2,3,0,0,1,0,0,0,1,0,0,0,0,0,0,0,0,0,0,1,0,0,0,Arms Trafficking,None,2020-07-20,West Bengal,0
1,30,1,0,0,1,0,3,0.505,3,6,1,0,0,0,0,0,0,0,1,0,0,0,1,0,0,0,0,0,0,0,0,Car Theft,Lal Toofan Crew,2025-11-19,Delhi,0
3,34,0,0,0,0,0,3,0.608,10,2,0,0,1,0,0,0,1,0,0,0,0,0,1,0,0,0,0,0,0,0,0,Assault,None,2020-07-07,Bihar,0
0,17,0,0,0,0,0,1,0.13,4,2,0,0,1,0,0,0,0,1,0,0,0,0,0,0,0,0,0,0,0,1,0,Vandalism,None,2025-04-25,Uttar Pradesh,0
0,27,0,0,0,1,1,0,0.233,13,1,0,1,0,0,0,0,0,0,0,1,0,0,0,0,0,1,0,0,0,0,0,Fraud,None,2024-02-12,Rajasthan,0
5,22,1,0,0,1,0,2,0.43,2,7,0,0,1,0,0,0,0,0,0,1,0,0,0,1,0,0,0,0,0,0,0,Robbery,Lal Toofan Crew,2025-11-09,Delhi,1
1,37,0,0,0,1,1,1,0.14,14,8,0,0,0,1,0,0,1,0,0,0,0,0,0,0,0,1,0,0,0,0,0,Human Trafficking,None,2021-12-23,Bihar,0
0,36,0,0,0,0,0,3,0.321,16,3,1,0,0,0,0,0,1,0,0,0,0,0,0,0,1,0,0,0,0,0,0,Assault,None,2023-12-14,Maharashtra,0
1,25,0,0,0,0,0,2,0.457,8,1,0,0,1,0,0,0,0,1,0,0,0,0,0,0,0,0,0,0,0,0,1,Assault,None,2021-05-20,Punjab,1
0,30,0,0,0,1,0,0,0.217,20,1,0,1,0,0,0,0,0,0,0,1,0,0,1,0,0,0,0,0,0,0,0,Burglary,None,2024-07-22,Bihar,0
1,31,0,0,0,0,0,1,0.224,0,3,0,0,1,0,0,0,0,0,0,1,0,0,1,0,0,0,0,0,0,0,0,Burglary,None,2019-04-17,Delhi,0
6,21,1,0,0,1,0,1,0.252,14,3,0,0,1,0,0,0,0,0,1,0,0,0,1,0,0,0,0,0,0,0,0,Car Theft,Lal Toofan Crew,2019-08-15,Rajasthan,0
0,31,1,1,1,1,0,2,0.684,8,17,0,0,1,0,0,0,0,0,0,0,0,1,0,0,0,0,0,1,0,0,0,Drug Trafficking,Kaala Bichhoo Gang,2025-11-06,Maharashtra,1
6,37,1,1,0,1,0,4,0.807,23,8,0,0,0,0,0,1,0,0,1,0,0,0,0,0,0,0,0,0,0,0,1,Extortion,Teen Talwar Gang,2025-09-06,Gujarat,0
4,21,1,0,0,1,0,3,0.718,17,1,0,0,1,0,0,0,0,0,1,0,0,0,0,0,0,1,0,0,0,0,0,Car Theft,Kaali Billi Crew,2019-05-15,Madhya Pradesh,1
1,22,1,0,0,1,1,0,0.246,15,9,0,0,0,0,0,1,0,0,0,0,1,0,0,0,0,0,1,0,0,0,0,Cybercrime,Neela Saanp Syndicate,2024-03-21,Karnataka,0
0,16,0,0,0,1,1,1,0.528,23,0,1,0,0,0,0,0,0,0,0,1,0,0,1,0,0,0,0,0,0,0,0,Burglary,None,2024-12-23,Maharashtra,0
3,34,1,1,0,1,0,5,0.487,3,3,1,0,0,0,0,0,1,0,0,0,0,0,0,1,0,0,0,0,0,0,0,Robbery,Lal Toofan Crew,2025-04-08,Rajasthan,1
1,37,0,0,0,1,1,0,0.298,0,1,0,0,0,0,0,1,0,0,0,1,0,0,0,0,0,1,0,0,0,0,0,Fraud,None,2020-06-09,Maharashtra,0
2,25,0,1,0,1,1,0,0.264,3,1,0,0,0,0,0,1,0,0,0,1,0,0,0,0,0,0,1,0,0,0,0,Cybercrime,None,2025-02-17,West Bengal,1
2,32,0,0,0,0,0,4,0.274,4,1,0,1,0,0,0,0,0,1,0,0,0,0,0,0,0,0,0,0,0,1,0,Arson,None,2023-06-07,Maharashtra,1
3,45,0,0,0,0,1,2,0.421,20,2,0,0,0,0,1,0,1,0,0,0,0,0,0,0,1,0,0,0,0,0,0,Assault,None,2021-04-27,Tamil Nadu,1
0,29,0,1,0,1,0,3,0.45,22,0,0,0,1,0,0,0,1,0,0,0,0,0,0,0,1,0,0,0,0,0,0,Murder,None,2023-12-14,Maharashtra,0
3,21,1,0,1,0,0,4,0.692,20,2,0,0,1,0,0,0,1,0,0,0,0,0,0,0,1,0,0,0,0,0,0,Assault,Kaali Billi Crew,2023-02-19,Haryana,1
2,35,0,0,0,0,0,2,0.168,23,1,0,1,0,0,0,0,0,1,0,0,0,0,0,0,0,0,0,0,0,1,0,Arson,None,2020-09-09,Punjab,0
1,29,1,1,1,1,0,4,0.583,2,8,0,0,0,1,0,0,0,0,0,0,0,1,0,0,0,0,0,1,0,0,0,Arms Trafficking,Kaala Bichhoo Gang,2020-04-08,Maharashtra,1
2,39,0,0,0,1,0,1,0.597,1,1,0,1,0,0,0,0,0,0,0,1,0,0,1,0,0,0,0,0,0,0,0,Burglary,None,2024-05-17,Haryana,0
1,17,0,1,1,0,0,1,0.745,1,1,0,0,1,0,0,0,1,0,0,0,0,0,0,1,0,0,0,0,0,0,0,Assault,None,2024-03-22,Rajasthan,1
2,21,0,0,0,0,0,4,0.062,0,1,1,0,0,0,0,0,0,1,0,0,0,0,1,0,0,0,0,0,0,0,0,Burglary,None,2025-06-18,Madhya Pradesh,1
1,20,0,1,0,1,0,1,0.035,0,1,1,0,0,0,0,0,0,1,0,0,0,0,0,0,0,0,0,0,0,1,0,Arson,None,2022-01-29,Uttar Pradesh,0
1,34,0,0,0,0,0,1,0.423,17,1,0,1,0,0,0,0,0,1,0,0,0,0,0,0,0,0,0,0,0,1,0,Vandalism,None,2025-03-29,Gujarat,0
0,43,0,0,1,1,1,0,0.31,3,3,0,1,0,0,0,0,0,0,0,1,0,0,0,0,0,0,1,0,0,0,0,Fraud,None,2020-10-29,Karnataka,0
1,24,0,0,0,1,1,0,0.257,16,2,0,0,0,0,0,1,0,0,0,0,1,0,0,0,0,0,1,0,0,0,0,Cybercrime,None,2023-10-22,Bihar,0
1,40,0,0,0,1,0,0,0.446,18,0,1,0,0,0,0,0,0,0,0,1,0,0,0,0,0,0,1,0,0,0,0,Fraud,None,2018-12-16,Uttar Pradesh,0
1,25,0,0,1,1,0,0,0.622,2,1,0,0,1,0,0,0,0,0,1,0,0,0,0,0,0,0,1,0,0,0,0,Car Theft,None,2024-07-06,Uttar Pradesh,0
4,29,0,0,0,0,0,7,0.434,3,3,0,0,1,0,0,0,1,0,0,0,0,0,0,0,1,0,0,0,0,0,0,Assault,None,2018-07-05,Tamil Nadu,0
4,32,0,0,0,1,0,2,0.196,23,4,1,0,0,0,0,0,0,0,0,1,0,0,1,0,0,0,0,0,0,0,0,Burglary,None,2024-02-21,Uttar Pradesh,0
1,34,0,0,1,1,0,0,0.791,23,5,0,0,1,0,0,0,0,0,0,0,0,1,0,0,0,1,0,0,0,0,0,Drug Trafficking,None,2022-01-23,Bihar,0
1,33,0,0,0,0,0,2,0.178,2,3,1,0,0,0,0,0,0,1,0,0,0,0,0,0,0,0,0,0,0,1,0,Arson,None,2024-04-18,Maharashtra,0
1,33,0,0,0,1,0,0,0.611,11,2,1,0,0,0,0,0,1,0,0,0,0,0,0,0,0,0,0,0,1,0,0,Kidnapping,None,2025-02-11,Karnataka,0
0,18,0,0,0,0,0,0,0.414,21,2,1,0,0,0,0,0,0,0,1,0,0,0,1,0,0,0,0,0,0,0,0,Car Theft,None,2025-08-14,Bihar,0
3,26,1,0,0,1,1,2,0.278,16,11,0,0,0,0,1,0,0,0,0,0,1,0,0,0,0,1,0,0,0,0,0,Cybercrime,Neela Saanp Syndicate,2022-06-11,West Bengal,1
3,28,1,0,0,0,1,6,0.655,17,8,0,0,1,0,0,0,1,0,0,0,0,0,0,0,1,0,0,0,0,0,0,Assault,Neela Saanp Syndicate,2024-02-06,Karnataka,1
2,27,0,1,1,0,0,1,0.198,20,7,1,0,0,0,0,0,0,0,0,0,0,1,0,0,0,0,0,1,0,0,0,Drug Trafficking,None,2021-07-03,Madhya Pradesh,1
4,47,0,0,1,0,0,8,0.645,21,1,0,0,1,0,0,0,1,0,0,0,0,0,0,0,0,0,0,0,0,0,1,Assault,None,2021-01-09,Uttar Pradesh,0
0,34,0,0,1,1,0,1,0.724,9,4,1,0,0,0,0,0,0,0,1,0,0,0,0,0,0,0,0,1,0,0,0,Arms Trafficking,None,2021-03-29,Uttar Pradesh,0
1,40,0,1,0,1,1,1,0.502,18,3,0,1,0,0,0,0,0,0,0,1,0,0,0,1,0,0,0,0,0,0,0,Extortion,None,2023-04-23,Bihar,0
2,36,0,0,0,1,0,0,0.583,11,1,0,0,0,0,1,0,0,0,0,1,0,0,0,0,0,0,1,0,0,0,0,Fraud,None,2018-12-13,Uttar Pradesh,0
0,28,0,1,0,0,0,0,0.456,8,1,1,0,0,0,0,0,1,0,0,0,0,0,0,0,1,0,0,0,0,0,0,Assault,None,2025-10-04,Tamil Nadu,0
1,43,1,1,0,1,0,1,0.527,15,11,0,0,0,0,0,1,0,0,0,1,0,0,0,0,0,0,0,0,0,0,1,Extortion,Patang Syndicate,2021-06-04,Punjab,1
1,18,0,0,1,0,0,0,0.455,20,4,0,0,1,0,0,0,0,1,0,0,0,0,0,0,0,0,0,0,1,0,0,Vandalism,None,2024-07-18,Rajasthan,1
0,41,0,0,0,1,0,1,0.13,10,1,0,1,0,0,0,0,0,0,0,1,0,0,0,0,0,1,0,0,0,0,0,Fraud,None,2021-08-31,Uttar Pradesh,0
1,36,0,0,0,1,0,2,0.159,14,6,0,0,1,0,0,0,1,0,0,0,0,0,0,0,0,0,0,0,0,0,1,Human Trafficking,None,2022-05-09,Haryana,0
0,16,1,0,1,1,0,5,0.32,21,2,0,0,1,0,0,0,0,0,1,0,0,0,0,0,0,1,0,0,0,0,0,Car Theft,Kaali Billi Crew,2024-09-28,Madhya Pradesh,1
1,16,0,0,0,1,0,1,0.366,0,1,1,0,0,0,0,0,0,1,0,0,0,0,1,0,0,0,0,0,0,0,0,Car Theft,None,2021-11-18,Uttar Pradesh,0
2,40,1,1,0,1,0,3,0.411,22,5,1,0,0,0,0,0,0,0,0,0,0,1,0,0,0,0,0,1,0,0,0,Arms Trafficking,Kaala Bichhoo Gang,2019-06-14,Kerala,1
1,22,1,0,1,1,0,1,0.642,4,7,0,0,0,1,0,0,1,0,0,0,0,0,0,0,0,0,0,1,0,0,0,Drug Trafficking,Kaala Bichhoo Gang,2022-03-13,Kerala,1
2,33,0,0,0,1,0,7,0.275,14,6,0,0,1,0,0,0,0,0,0,0,0,1,0,0,0,0,0,0,1,0,0,Kidnapping,None,2020-07-18,Uttar Pradesh,1
0,28,0,0,0,1,0,0,0.057,20,1,1,0,0,0,0,0,0,1,0,0,0,0,1,0,0,0,0,0,0,0,0,Burglary,None,2022-08-13,Uttar Pradesh,0
3,23,0,0,0,0,0,1,0.194,0,2,0,1,0,0,0,0,0,1,0,0,0,0,0,0,0,0,0,0,0,1,0,Vandalism,None,2020-07-08,Maharashtra,0
2,30,0,1,0,1,0,1,0.551,20,2,0,0,0,0,0,1,0,0,0,1,0,0,0,1,0,0,0,0,0,0,0,Robbery,None,2020-07-18,West Bengal,1
1,30,0,0,0,1,0,0,0.435,22,4,0,1,0,0,0,0,0,0,1,0,0,0,0,0,0,0,1,0,0,0,0,Car Theft,None,2020-01-19,Uttar Pradesh,1
5,33,1,0,0,0,1,3,0.731,14,19,0,0,0,1,0,0,1,0,0,0,0,0,0,0,0,0,0,0,0,0,1,Human Trafficking,Patang Syndicate,2023-12-18,Punjab,1
0,17,0,0,1,1,0,3,0.301,23,5,1,0,0,0,0,0,0,0,0,0,0,1,0,0,0,1,0,0,0,0,0,Drug Trafficking,None,2023-02-17,Rajasthan,0
1,28,0,0,0,1,0,1,0.633,12,4,0,0,1,0,0,0,0,0,0,0,1,0,0,1,0,0,0,0,0,0,0,Robbery,None,2018-05-17,Gujarat,0
1,26,0,0,0,0,0,3,0.622,4,2,1,0,0,0,0,0,1,0,0,0,0,0,0,0,0,0,0,0,1,0,0,Kidnapping,None,2021-07-14,Maharashtra,1
1,21,1,0,0,1,0,0,0.725,12,5,0,0,1,0,0,0,0,0,1,0,0,0,0,0,0,0,1,0,0,0,0,Car Theft,Lal Toofan Crew,2020-04-29,Rajasthan,0
1,32,0,0,0,1,0,0,0.12,3,2,0,0,1,0,0,0,0,0,1,0,0,0,1,0,0,0,0,0,0,0,0,Car Theft,None,2023-07-03,Madhya Pradesh,0
2,30,0,0,1,1,0,1,0.365,13,2,0,1,0,0,0,0,0,0,0,0,0,1,0,0,0,0,0,1,0,0,0,Drug Trafficking,None,2019-09-05,West Bengal,1
1,18,0,0,0,0,1,1,0.221,21,1,0,0,0,0,0,1,0,0,0,1,0,0,0,0,0,0,1,0,0,0,0,Cybercrime,None,2023-11-28,Uttar Pradesh,0
1,26,0,1,0,1,0,2,0.615,2,6,0,0,1,0,0,0,0,0,0,1,0,0,0,1,0,0,0,0,0,0,0,Robbery,None,2018-03-20,Madhya Pradesh,1
2,38,1,0,0,1,1,3,0.686,21,16,0,0,0,0,0,1,1,0,0,0,0,0,0,0,0,0,0,0,1,0,0,Human Trafficking,Patang Syndicate,2025-02-22,Telangana,0
2,34,0,0,0,0,0,2,0.274,4,1,0,1,0,0,0,0,0,1,0,0,0,0,0,0,0,0,0,1,0,0,0,Arson,None,2020-09-26,Delhi,0
4,32,0,0,1,1,0,2,0.19,18,5,0,0,0,1,0,0,0,0,0,0,0,1,0,0,0,0,0,1,0,0,0,Drug Trafficking,None,2024-08-17,Delhi,1
1,23,0,0,0,1,0,0,0.527,2,1,1,0,0,0,0,0,0,1,0,0,0,0,1,0,0,0,0,0,0,0,0,Burglary,None,2018-10-11,Uttar Pradesh,0
0,29,0,1,0,1,0,0,0.28,22,1,0,1,0,0,0,0,0,1,0,0,0,0,1,0,0,0,0,0,0,0,0,Burglary,None,2020-05-01,Uttar Pradesh,1
0,28,0,0,0,0,0,2,0.587,4,1,1,0,0,0,0,0,1,0,0,0,0,0,0,1,0,0,0,0,0,0,0,Assault,None,2023-01-06,Madhya Pradesh,0
3,39,1,0,0,1,0,1,0.582,23,10,0,0,0,0,0,1,0,0,0,1,0,0,0,0,0,0,1,0,0,0,0,Extortion,Patang Syndicate,2022-01-04,Punjab,1
1,22,0,0,0,1,1,2,0.412,22,1,1,0,0,0,0,0,0,0,1,0,0,0,0,0,0,0,1,0,0,0,0,Car Theft,None,2018-11-05,Gujarat,1
1,23,0,1,1,0,0,0,0.289,19,3,1,0,0,0,0,0,0,0,0,0,0,1,0,0,0,0,0,0,1,0,0,Drug Trafficking,None,2020-06-24,Delhi,1
3,37,0,0,0,0,0,4,0.298,1,0,1,0,0,0,0,0,0,1,0,0,0,0,0,0,0,0,0,0,0,1,0,Arson,None,2019-09-26,Bihar,1
2,34,0,0,0,1,0,3,0.407,0,4,0,0,0,1,0,0,0,0,0,0,0,1,0,0,0,0,0,0,1,0,0,Kidnapping,None,2023-01-24,Uttar Pradesh,0
1,46,0,0,0,0,0,3,0.553,3,0,0,0,1,0,0,0,1,0,0,0,0,0,0,1,0,0,0,0,0,0,0,Murder,None,2019-12-23,Bihar,0
1,26,0,0,1,1,0,1,0.201,23,3,0,0,0,1,0,0,0,0,0,0,0,1,0,0,0,0,0,1,0,0,0,Drug Trafficking,None,2024-02-05,West Bengal,0
3,48,0,0,0,1,0,0,0.403,1,2,0,1,0,0,0,0,0,0,0,1,0,0,0,0,0,0,0,1,0,0,0,Money Laundering,None,2019-04-14,Maharashtra,0
5,28,1,0,0,0,1,2,0.26,12,7,0,0,0,0,0,1,0,0,0,0,1,0,0,0,0,0,1,0,0,0,0,Cybercrime,Neela Saanp Syndicate,2019-07-17,West Bengal,1
2,28,0,1,0,1,1,2,0.637,4,3,1,0,0,0,0,0,0,0,0,1,0,0,0,0,0,0,0,0,0,0,1,Extortion,None,2018-11-05,Bihar,1
2,26,0,0,0,1,1,0,0.301,17,3,1,0,0,0,0,0,0,0,1,0,0,0,1,0,0,0,0,0,0,0,0,Car Theft,None,2022-03-18,Maharashtra,0
2,34,0,1,1,1,0,1,0.399,17,2,0,0,0,0,0,1,1,0,0,0,0,0,0,0,0,0,0,0,0,0,1,Kidnapping,None,2020-08-02,Uttar Pradesh,1
0,20,0,0,0,0,0,0,0.739,2,1,0,0,1,0,0,0,0,0,1,0,0,0,0,0,0,1,0,0,0,0,0,Car Theft,None,2023-08-18,Punjab,0
2,16,1,0,0,1,1,2,0.487,1,1,0,0,1,0,0,0,0,0,1,0,0,0,0,0,0,1,0,0,0,0,0,Car Theft,Lal Toofan Crew,2021-02-12,Rajasthan,1
3,24,1,0,0,0,0,0,0.512,20,2,0,1,0,0,0,0,0,1,0,0,0,0,0,0,0,0,0,0,0,1,0,Vandalism,Kaala Bichhoo Gang,2021-08-08,Maharashtra,0
1,24,0,0,0,0,1,0,0.164,19,1,0,1,0,0,0,0,0,0,0,1,0,0,0,0,0,0,1,0,0,0,0,Cybercrime,None,2018-04-22,Uttar Pradesh,0
0,40,0,0,0,1,0,2,0.792,9,3,1,0,0,0,0,0,0,0,0,1,0,0,0,1,0,0,0,0,0,0,0,Robbery,None,2018-10-05,Maharashtra,0
5,49,1,0,0,1,1,0,0.371,15,7,0,1,0,0,0,0,0,0,0,1,0,0,0,0,0,1,0,0,0,0,0,Fraud,Neela Saanp Syndicate,2022-10-14,West Bengal,1
1,28,0,0,0,1,1,0,0.338,9,2,0,0,0,0,0,1,0,0,0,0,1,0,0,0,0,0,1,0,0,0,0,Cybercrime,None,2021-04-24,Uttar Pradesh,0
4,17,1,0,1,1,1,0,0.544,17,12,0,0,0,1,0,0,0,0,0,1,0,0,0,0,0,0,0,1,0,0,0,Drug Trafficking,Kaala Bichhoo Gang,2020-06-01,Kerala,0
2,16,0,0,0,0,0,0,0.705,13,1,1,0,0,0,0,0,0,0,1,0,0,0,1,0,0,0,0,0,0,0,0,Car Theft,None,2024-12-08,Uttar Pradesh,0
0,20,0,0,0,1,0,2,0.343,13,1,0,1,0,0,0,0,0,1,0,0,0,0,1,0,0,0,0,0,0,0,0,Burglary,None,2024-10-07,Rajasthan,0
1,16,0,0,0,0,0,0,0.141,21,1,0,0,1,0,0,0,0,1,0,0,0,0,0,0,0,0,0,0,0,1,0,Vandalism,None,2018-06-01,Maharashtra,0
1,29,0,0,0,1,0,4,0.536,0,0,0,1,0,0,0,0,0,1,0,0,0,0,0,0,0,0,0,0,0,1,0,Arson,None,2025-09-20,Bihar,0
3,29,0,0,0,0,0,1,0.386,20,4,0,0,1,0,0,0,0,1,0,0,0,0,0,0,0,0,0,1,0,0,0,Arson,None,2019-12-11,Maharashtra,1
5,36,0,1,0,0,0,2,0.266,14,3,1,0,0,0,0,0,1,0,0,0,0,0,0,0,0,0,0,0,1,0,0,Kidnapping,None,2020-11-24,Bihar,1
1,37,0,1,0,0,0,3,0.377,20,3,1,0,0,0,0,0,0,0,0,1,0,0,0,1,0,0,0,0,0,0,0,Assault,None,2025-11-03,Bihar,1
0,16,1,0,0,1,1,1,0.479,10,9,0,0,0,0,0,1,0,0,0,0,1,0,0,0,0,0,1,0,0,0,0,Cybercrime,Neela Saanp Syndicate,2025-09-27,West Bengal,1
0,16,0,0,0,0,0,1,0.225,11,1,0,0,1,0,0,0,0,1,0,0,0,0,0,0,0,0,0,0,0,1,0,Arson,None,2024-06-20,Uttar Pradesh,0
4,29,1,1,0,1,0,1,0.737,1,4,1,0,0,0,0,0,0,0,0,0,0,1,0,0,0,0,0,1,0,0,0,Arms Trafficking,Teen Talwar Gang,2024-08-11,Tamil Nadu,1
1,48,0,0,0,1,1,0,0.549,10,6,0,0,0,0,1,0,0,0,0,1,0,0,0,0,0,1,0,0,0,0,0,Money Laundering,None,2023-09-20,Tamil Nadu,0
2,35,0,1,0,1,1,1,0.402,8,5,1,0,0,0,0,0,1,0,0,0,0,0,0,0,0,0,0,0,1,0,0,Kidnapping,None,2018-09-16,Gujarat,1
3,32,0,0,0,1,1,0,0.478,4,3,0,0,1,0,0,0,0,0,1,0,0,0,0,0,0,1,0,0,0,0,0,Car Theft,None,2019-06-25,Kerala,0
0,26,0,1,0,1,0,0,0.373,12,3,0,1,0,0,0,0,0,1,0,0,0,0,0,0,0,1,0,0,0,0,0,Burglary,None,2024-08-11,Uttar Pradesh,0
2,34,0,1,0,1,0,3,0.174,9,4,0,1,0,0,0,0,0,0,0,0,0,1,0,0,0,0,0,1,0,0,0,Arms Trafficking,None,2019-12-09,Tamil Nadu,1
1,32,0,1,1,0,0,2,0.58,19,2,0,0,1,0,0,0,1,0,0,0,0,0,0,0,1,0,0,0,0,0,0,Assault,None,2025-11-26,Rajasthan,0
0,41,0,1,0,1,0,0,0.23,23,2,0,0,1,0,0,0,1,0,0,0,0,0,1,0,0,0,0,0,0,0,0,Burglary,None,2023-07-07,Bihar,0
1,25,0,0,0,0,0,2,0.333,3,1,0,0,1,0,0,0,1,0,0,0,0,0,1,0,0,0,0,0,0,0,0,Assault,None,2018-09-13,Bihar,0
0,21,0,0,0,1,1,0,0.568,4,5,0,0,0,0,0,1,0,0,0,0,1,0,0,0,0,0,1,0,0,0,0,Cybercrime,None,2019-09-08,Uttar Pradesh,0
5,23,1,1,0,0,1,2,0.811,18,17,1,0,0,0,0,0,1,0,0,0,0,0,0,0,0,0,0,0,1,0,0,Kidnapping,Patang Syndicate,2024-07-27,Telangana,1
2,30,0,1,0,1,0,4,0.418,4,5,0,0,1,0,0,0,1,0,0,0,0,0,0,0,0,0,0,0,1,0,0,Kidnapping,None,2022-02-01,Telangana,1
1,40,0,1,1,0,1,5,0.718,21,0,0,1,0,0,0,0,1,0,0,0,0,0,0,1,0,0,0,0,0,0,0,Assault,None,2018-07-10,Maharashtra,1
1,29,1,0,0,1,0,2,0.539,20,8,0,1,0,0,0,0,0,0,0,1,0,0,0,0,0,1,0,0,0,0,0,Fraud,Neela Saanp Syndicate,2025-05-15,Karnataka,0
2,30,0,1,0,1,0,0,0.193,4,3,0,1,0,0,0,0,0,0,0,1,0,0,0,0,0,1,0,0,0,0,0,Fraud,None,2025-04-24,Uttar Pradesh,0
0,28,0,0,0,1,0,0,0.205,3,2,0,0,1,0,0,0,0,1,0,0,0,0,1,0,0,0,0,0,0,0,0,Car Theft,None,2025-07-20,Rajasthan,0
4,30,1,0,0,1,1,3,0.336,14,13,0,0,0,0,0,1,1,0,0,0,0,0,0,1,0,0,0,0,0,0,0,Extortion,Patang Syndicate,2018-07-07,Punjab,1
5,21,1,0,1,1,0,2,0.444,20,6,1,0,0,0,0,0,0,1,0,0,0,0,0,0,0,0,0,0,0,1,0,Arson,Kaali Billi Crew,2023-01-27,Madhya Pradesh,1
1,16,1,0,1,1,1,3,0.542,1,1,0,0,1,0,0,0,0,0,1,0,0,0,0,0,0,0,1,0,0,0,0,Car Theft,Kaali Billi Crew,2020-01-29,Haryana,1
1,30,0,0,0,0,0,3,0.234,4,0,0,1,0,0,0,0,0,1,0,0,0,0,0,0,0,0,0,0,0,1,0,Vandalism,None,2018-01-23,Uttar Pradesh,0
0,36,1,1,0,1,0,3,0.729,14,4,0,0,1,0,0,0,1,0,0,0,0,0,0,1,0,0,0,0,0,0,0,Extortion,Teen Talwar Gang,2025-02-21,Tamil Nadu,1
4,20,1,1,1,1,0,5,0.495,14,4,0,0,1,0,0,0,0,0,0,0,0,1,0,0,0,0,0,1,0,0,0,Arms Trafficking,Lal Toofan Crew,2025-01-10,Delhi,1
0,20,0,0,0,1,0,0,0.198,3,0,0,0,0,0,1,0,0,0,0,1,0,0,1,0,0,0,0,0,0,0,0,Burglary,None,2023-01-13,Maharashtra,0
4,35,0,0,0,0,0,4,0.39,1,1,0,0,0,1,0,0,0,0,0,0,0,1,0,1,0,0,0,0,0,0,0,Kidnapping,None,2020-12-03,Uttar Pradesh,0
3,26,1,1,0,1,0,6,0.562,3,4,0,0,1,0,0,0,0,0,0,1,0,0,0,1,0,0,0,0,0,0,0,Robbery,Lal Toofan Crew,2025-11-03,Rajasthan,1
0,26,0,1,1,1,0,3,0.444,17,7,0,0,0,1,0,0,0,0,0,0,0,1,0,0,0,0,0,1,0,0,0,Arms Trafficking,None,2020-05-07,Tamil Nadu,0
4,38,1,0,0,0,1,1,0.6,15,17,0,0,0,1,0,0,1,0,0,0,0,0,0,0,0,0,0,0,1,0,0,Human Trafficking,Patang Syndicate,2022-02-28,Punjab,1
1,30,0,0,0,1,0,0,0.061,1,0,0,1,0,0,0,0,0,1,0,0,0,0,1,0,0,0,0,0,0,0,0,Burglary,None,2019-07-27,Rajasthan,0
0,33,0,1,0,0,0,1,0.124,4,2,1,0,0,0,0,0,1,0,0,0,0,0,0,0,0,1,0,0,0,0,0,Murder,None,2021-05-23,Bihar,0
2,27,0,1,0,0,0,5,0.658,10,2,1,0,0,0,0,0,1,0,0,0,0,0,0,0,1,0,0,0,0,0,0,Assault,None,2025-01-30,Gujarat,1
1,26,0,1,0,1,0,1,0.339,12,1,1,0,0,0,0,0,0,1,0,0,0,0,0,0,0,0,0,0,1,0,0,Burglary,None,2022-08-17,West Bengal,0
2,36,0,0,0,0,0,3,0.329,17,0,1,0,0,0,0,0,1,0,0,0,0,0,0,0,1,0,0,0,0,0,0,Assault,None,2025-11-21,West Bengal,1
3,30,0,1,0,0,0,2,0.791,3,0,0,0,1,0,0,0,1,0,0,0,0,0,0,1,0,0,0,0,0,0,0,Assault,None,2023-01-25,Delhi,1
3,36,0,1,1,1,0,2,0.48,16,3,1,0,0,0,0,0,0,0,0,0,0,1,0,0,0,0,0,1,0,0,0,Arms Trafficking,None,2020-03-12,Gujarat,1
3,18,1,1,0,1,0,3,0.867,2,3,0,0,0,1,0,0,0,1,0,0,0,0,0,0,0,0,0,0,1,0,0,Kidnapping,Kaali Billi Crew,2020-03-21,Madhya Pradesh,1
3,37,0,0,0,0,0,1,0.391,1,2,0,1,0,0,0,0,1,0,0,0,0,0,0,1,0,0,0,0,0,0,0,Assault,None,2019-09-27,Maharashtra,0
4,16,1,0,0,1,0,0,0.519,0,5,0,1,0,0,0,0,0,1,0,0,0,0,1,0,0,0,0,0,0,0,0,Burglary,Kaali Billi Crew,2019-12-14,Haryana,1
1,30,0,0,0,1,0,0,0.169,23,1,1,0,0,0,0,0,0,1,0,0,0,0,1,0,0,0,0,0,0,0,0,Burglary,None,2024-12-17,West Bengal,1
2,32,0,0,1,1,0,0,0.575,10,3,0,1,0,0,0,0,0,0,0,0,0,1,0,0,0,0,0,1,0,0,0,Drug Trafficking,None,2021-07-13,Uttar Pradesh,0
1,27,0,0,0,0,0,1,0.26,4,2,1,0,0,0,0,0,0,1,0,0,0,0,0,0,0,0,0,0,0,1,0,Arson,None,2019-08-15,Maharashtra,0
2,22,0,0,0,0,0,1,0.692,20,2,0,0,1,0,0,0,0,1,0,0,0,0,0,0,0,0,0,0,0,1,0,Vandalism,None,2021-10-20,Uttar Pradesh,0
2,36,1,0,0,1,0,3,0.586,18,4,1,0,0,0,0,0,0,0,0,1,0,0,0,1,0,0,0,0,0,0,0,Arms Trafficking,Teen Talwar Gang,2022-10-17,Gujarat,1
1,16,0,1,0,1,0,3,0.698,12,5,0,1,0,0,0,0,0,0,0,1,0,0,0,0,1,0,0,0,0,0,0,Robbery,None,2022-07-24,Maharashtra,0
1,44,1,0,0,1,1,0,0.734,8,12,0,0,0,0,1,0,0,0,0,0,1,0,0,0,0,1,0,0,0,0,0,Money Laundering,Neela Saanp Syndicate,2025-09-24,Karnataka,0
0,33,1,0,0,0,1,0,0.779,21,8,0,0,1,0,0,0,1,0,0,0,0,0,0,0,1,0,0,0,0,0,0,Assault,Neela Saanp Syndicate,2025-03-04,Karnataka,1
0,22,0,0,0,1,1,0,0.508,16,1,0,0,0,0,0,1,0,0,0,1,0,0,0,0,0,1,0,0,0,0,0,Cybercrime,None,2019-02-13,Uttar Pradesh,0
3,42,0,1,0,1,0,2,0.644,3,4,0,0,1,0,0,0,1,0,0,0,0,0,0,0,0,0,0,0,1,0,0,Kidnapping,None,2024-04-25,Tamil Nadu,0
3,39,1,0,0,1,0,4,0.444,1,6,0,1,0,0,0,0,0,0,0,1,0,0,0,0,0,0,0,0,0,0,1,Extortion,Teen Talwar Gang,2021-05-29,Tamil Nadu,0
1,23,0,0,0,1,0,2,0.108,2,3,1,0,0,0,0,0,0,0,1,0,0,0,1,0,0,0,0,0,0,0,0,Car Theft,None,2022-07-09,Madhya Pradesh,0
1,45,0,0,0,1,1,0,0.094,19,3,1,0,0,0,0,0,0,0,0,1,0,0,0,0,0,1,0,0,0,0,0,Fraud,None,2025-07-29,Madhya Pradesh,0
0,22,0,0,0,0,0,5,0.141,1,1,0,0,1,0,0,0,1,0,0,0,0,0,0,0,1,0,0,0,0,0,0,Assault,None,2025-11-24,Madhya Pradesh,1
3,20,0,0,0,0,1,0,0.12,3,0,0,0,0,0,0,1,0,0,0,0,1,0,0,0,0,1,0,0,0,0,0,Cybercrime,None,2021-03-01,Telangana,0
2,25,1,1,0,0,0,1,0.559,3,1,0,0,1,0,0,0,0,0,1,0,0,0,0,0,0,1,0,0,0,0,0,Car Theft,Lal Toofan Crew,2019-10-18,Rajasthan,1
6,22,0,0,0,1,0,3,0.881,0,4,0,0,0,0,1,0,0,1,0,0,0,0,0,0,1,0,0,0,0,0,0,Robbery,None,2022-05-22,Delhi,1
0,21,0,0,0,1,0,0,0.406,0,1,1,0,0,0,0,0,0,1,0,0,0,0,1,0,0,0,0,0,0,0,0,Car Theft,None,2023-04-24,Kerala,0
1,28,0,0,1,1,1,2,0.773,3,2,0,0,0,1,0,0,0,0,0,0,0,1,0,0,0,0,0,1,0,0,0,Drug Trafficking,None,2023-04-28,Madhya Pradesh,1
1,16,0,0,0,1,1,0,0.223,13,6,0,0,0,0,0,1,0,0,0,0,1,0,0,0,0,0,1,0,0,0,0,Cybercrime,None,2022-07-28,Madhya Pradesh,0
0,47,0,0,0,0,1,1,0.281,15,6,0,0,0,0,0,1,1,0,0,0,0,0,0,0,1,0,0,0,0,0,0,Human Trafficking,None,2019-02-22,Gujarat,0
1,17,0,1,0,0,0,5,0.653,16,2,1,0,0,0,0,0,1,0,0,0,0,0,0,0,1,0,0,0,0,0,0,Assault,None,2025-09-21,Madhya Pradesh,0
4,30,1,0,0,1,0,0,0.613,20,5,1,0,0,0,0,0,0,1,0,0,0,0,0,0,0,1,0,0,0,0,0,Burglary,Lal Toofan Crew,2022-03-15,Rajasthan,1
2,39,0,1,0,0,0,2,0.28,22,0,0,1,0,0,0,0,1,0,0,0,0,0,0,0,1,0,0,0,0,0,0,Assault,None,2021-09-30,Uttar Pradesh,0
1,16,0,0,0,0,0,0,0.049,3,3,0,1,0,0,0,0,0,1,0,0,0,0,0,0,0,0,0,0,0,1,0,Vandalism,None,2024-04-24,Tamil Nadu,0
0,36,1,1,1,0,0,3,0.659,9,4,0,0,1,0,0,0,1,0,0,0,0,0,0,1,0,0,0,0,0,0,0,Murder,Teen Talwar Gang,2020-05-06,Gujarat,0
3,41,1,0,0,0,0,2,0.659,21,12,0,0,0,1,0,0,1,0,0,0,0,0,0,1,0,0,0,0,0,0,0,Kidnapping,Patang Syndicate,2025-07-12,Punjab,0
4,28,0,1,0,1,0,6,0.327,9,1,0,0,1,0,0,0,1,0,0,0,0,0,1,0,0,0,0,0,0,0,0,Murder,None,2021-08-08,Uttar Pradesh,1
0,17,0,1,0,0,0,4,0.388,21,1,0,0,1,0,0,0,1,0,0,0,0,0,0,0,1,0,0,0,0,0,0,Assault,None,2020-03-21,Tamil Nadu,1
0,28,0,0,0,1,0,0,0.617,20,3,0,1,0,0,0,0,0,0,1,0,0,0,1,0,0,0,0,0,0,0,0,Car Theft,None,2022-02-07,Bihar,0
2,30,0,0,0,1,1,3,0.177,14,5,0,0,1,0,0,0,1,0,0,0,0,0,0,0,0,0,0,0,1,0,0,Kidnapping,None,2018-01-01,Maharashtra,1
2,19,0,1,0,1,0,3,0.499,10,4,0,0,1,0,0,0,1,0,0,0,0,0,0,0,0,0,0,0,1,0,0,Kidnapping,None,2018-11-06,Uttar Pradesh,1
1,19,0,1,0,1,0,2,0.441,3,6,0,1,0,0,0,0,1,0,0,0,0,0,0,0,0,0,0,0,1,0,0,Robbery,None,2020-12-29,Maharashtra,1
0,26,0,0,1,1,0,0,0.356,3,12,1,0,0,0,0,0,0,0,0,0,0,1,0,1,0,0,0,0,0,0,0,Drug Trafficking,None,2019-02-25,Uttar Pradesh,0
2,21,0,1,0,1,1,0,0.208,0,1,1,0,0,0,0,0,0,1,0,0,0,0,1,0,0,0,0,0,0,0,0,Burglary,None,2019-01-25,Rajasthan,1
1,27,0,1,1,1,0,2,0.674,20,1,0,0,1,0,0,0,0,0,0,1,0,0,0,1,0,0,0,0,0,0,0,Robbery,None,2018-11-01,Maharashtra,1
2,18,1,0,0,1,0,0,0.657,1,2,0,1,0,0,0,0,0,1,0,0,0,0,1,0,0,0,0,0,0,0,0,Burglary,Kaali Billi Crew,2024-02-22,Haryana,0
2,33,0,1,0,1,0,4,0.648,20,3,0,0,1,0,0,0,0,0,0,0,0,1,0,0,0,0,0,0,1,0,0,Arms Trafficking,None,2023-04-12,Maharashtra,1
0,38,0,0,1,1,0,1,0.196,13,4,1,0,0,0,0,0,0,0,0,0,0,1,0,0,0,0,0,1,0,0,0,Drug Trafficking,None,2021-09-27,Tamil Nadu,0
0,32,0,0,0,1,0,0,0.193,19,2,0,0,1,0,0,0,0,1,0,0,0,0,1,0,0,0,0,0,0,0,0,Burglary,None,2021-09-09,Uttar Pradesh,0
0,33,0,1,0,1,0,1,0.466,14,7,0,0,0,0,0,1,0,0,0,0,0,1,0,0,0,0,0,1,0,0,0,Arms Trafficking,None,2023-07-29,Bihar,1
1,31,0,1,0,1,1,0,0.749,0,5,1,0,0,0,0,0,1,0,0,0,0,0,0,0,0,0,0,0,1,0,0,Kidnapping,None,2020-02-17,Rajasthan,0
0,20,0,0,0,0,1,0,0.507,2,3,1,0,0,0,0,0,0,0,1,0,0,0,1,0,0,0,0,0,0,0,0,Car Theft,None,2025-01-08,Maharashtra,0
1,20,0,1,0,0,0,2,0.676,9,1,1,0,0,0,0,0,1,0,0,0,0,0,0,0,1,0,0,0,0,0,0,Assault,None,2019-09-24,Gujarat,1
0,40,0,0,0,1,1,1,0.048,13,5,0,0,0,0,1,0,0,0,0,1,0,0,0,0,0,0,1,0,0,0,0,Money Laundering,None,2019-06-05,Madhya Pradesh,0
1,35,0,0,1,1,0,1,0.322,12,5,1,0,0,0,0,0,1,0,0,0,0,0,0,0,0,0,0,0,1,0,0,Kidnapping,None,2021-07-10,Uttar Pradesh,1
0,25,0,0,0,1,1,0,0.032,9,0,0,0,0,0,0,1,0,0,0,0,1,0,0,0,0,0,0,0,0,0,1,Cybercrime,None,2018-08-13,Madhya Pradesh,0
0,27,0,0,0,0,0,2,0.361,3,1,0,1,0,0,0,0,0,1,0,0,0,0,0,0,0,0,0,0,0,1,0,Vandalism,None,2025-09-20,Maharashtra,0
2,33,1,1,0,1,0,4,0.69,1,15,0,0,1,0,0,0,1,0,0,0,0,0,0,0,0,0,0,0,1,0,0,Kidnapping,Patang Syndicate,2023-04-04,Punjab,1
2,30,0,0,1,1,1,2,0.135,17,5,1,0,0,0,0,0,0,0,0,0,0,1,0,0,0,0,0,1,0,0,0,Drug Trafficking,None,2024-01-06,Uttar Pradesh,0
0,18,0,0,0,0,0,0,0.683,16,2,0,0,0,1,0,0,0,0,0,1,0,0,0,1,0,0,0,0,0,0,0,Robbery,None,2020-03-07,Tamil Nadu,0
1,36,0,1,0,0,0,1,0.27,0,4,0,1,0,0,0,0,1,0,0,0,0,0,0,1,0,0,0,0,0,0,0,Kidnapping,None,2023-10-17,Gujarat,0
0,34,0,0,0,0,1,1,0.799,16,1,0,0,1,0,0,0,1,0,0,0,0,0,0,0,1,0,0,0,0,0,0,Assault,None,2022-06-04,Bihar,0
2,42,0,1,0,1,0,3,0.239,14,8,0,0,0,1,0,0,0,0,0,0,0,1,0,0,0,0,0,0,0,0,1,Arms Trafficking,None,2019-01-10,Karnataka,1
0,28,1,0,1,1,0,0,0.63,18,5,0,0,0,1,0,0,0,0,0,0,0,1,0,0,0,0,0,1,0,0,0,Drug Trafficking,Kaala Bichhoo Gang,2023-10-21,Kerala,1
0,23,0,0,0,1,0,0,0.37,21,0,1,0,0,0,0,0,0,1,0,0,0,0,0,0,0,1,0,0,0,0,0,Burglary,None,2019-02-10,Madhya Pradesh,0
1,28,0,1,0,0,0,6,0.25,23,1,0,0,1,0,0,0,1,0,0,0,0,0,0,1,0,0,0,0,0,0,0,Murder,None,2021-12-14,Rajasthan,1
0,16,1,0,0,1,0,1,0.629,22,3,1,0,0,0,0,0,0,1,0,0,0,0,1,0,0,0,0,0,0,0,0,Burglary,Kaali Billi Crew,2021-09-07,Haryana,0
0,26,0,0,0,1,0,0,0.618,4,2,1,0,0,0,0,0,0,0,1,0,0,0,1,0,0,0,0,0,0,0,0,Car Theft,None,2022-01-19,Kerala,0
0,40,0,1,0,1,0,1,0.519,9,8,0,0,0,0,0,1,0,0,0,1,0,0,0,0,0,0,0,0,0,0,1,Extortion,None,2020-01-29,Tamil Nadu,0
1,44,0,0,0,1,1,0,0.187,10,4,0,0,0,0,0,1,0,0,0,1,0,0,0,0,0,1,0,0,0,0,0,Fraud,None,2020-10-04,Uttar Pradesh,0
0,18,0,0,0,1,1,0,0.423,13,3,0,1,0,0,0,0,1,0,0,0,0,0,0,0,0,0,1,0,0,0,0,Cybercrime,None,2021-08-26,Karnataka,0
2,21,1,0,0,0,0,1,0.465,1,0,0,0,1,0,0,0,0,0,1,0,0,0,0,0,0,0,0,0,0,1,0,Car Theft,Lal Toofan Crew,2024-03-13,Delhi,1
1,29,0,0,0,1,1,1,0.749,12,2,0,0,0,0,1,0,0,0,0,1,0,0,0,0,0,1,0,0,0,0,0,Money Laundering,None,2020-06-11,Madhya Pradesh,0
1,31,0,0,0,0,0,0,0.531,13,2,0,0,1,0,0,0,1,0,0,0,0,0,0,0,0,0,0,0,0,0,1,Assault,None,2021-07-12,Maharashtra,0
0,16,0,1,0,1,0,0,0.666,2,1,1,0,0,0,0,0,0,0,0,1,0,0,1,0,0,0,0,0,0,0,0,Burglary,None,2025-06-05,Uttar Pradesh,0
3,16,0,0,0,1,0,1,0.222,0,0,1,0,0,0,0,0,0,1,0,0,0,0,1,0,0,0,0,0,0,0,0,Burglary,None,2019-08-30,Delhi,1
4,42,0,0,0,1,0,1,0.474,22,2,1,0,0,0,0,0,0,0,0,1,0,0,0,0,0,0,0,1,0,0,0,Burglary,None,2019-11-05,Uttar Pradesh,0
1,38,0,0,0,1,1,0,0.469,19,1,0,0,0,0,0,1,0,1,0,0,0,0,0,0,0,0,1,0,0,0,0,Fraud,None,2022-04-22,West Bengal,0
2,42,1,1,0,0,0,3,0.492,2,6,0,0,1,0,0,0,0,0,0,0,0,1,0,1,0,0,0,0,0,0,0,Murder,Teen Talwar Gang,2024-06-10,Gujarat,1
1,35,0,1,0,1,0,2,0.229,4,5,0,0,0,1,0,0,0,0,0,0,0,1,0,0,0,0,0,1,0,0,0,Arms Trafficking,None,2025-05-24,Tamil Nadu,0
2,19,1,1,0,0,0,4,0.659,19,4,0,1,0,0,0,0,0,1,0,0,0,0,0,0,0,0,0,0,0,1,0,Arson,Kaali Billi Crew,2025-06-14,Madhya Pradesh,0
3,44,1,0,0,1,1,1,0.715,11,12,0,0,0,1,0,0,1,0,0,0,0,0,0,0,0,1,0,0,0,0,0,Human Trafficking,Patang Syndicate,2018-04-25,Telangana,0
0,18,0,0,0,1,0,1,0.112,4,0,0,0,1,0,0,0,0,0,1,0,0,0,1,0,0,0,0,0,0,0,0,Car Theft,None,2025-04-26,Maharashtra,1
7,44,1,1,0,1,0,3,0.905,10,9,1,0,0,0,0,0,0,0,1,0,0,0,0,0,0,0,0,1,0,0,0,Arms Trafficking,Teen Talwar Gang,2018-11-29,Gujarat,1
1,16,0,0,0,1,0,3,0.367,3,3,0,0,0,0,1,0,0,0,0,1,0,0,0,1,0,0,0,0,0,0,0,Extortion,None,2025-04-25,West Bengal,1
1,22,1,0,0,1,1,0,0.465,16,10,0,0,0,0,0,1,0,0,0,0,1,0,0,0,0,0,1,0,0,0,0,Cybercrime,Neela Saanp Syndicate,2022-10-20,West Bengal,0
4,49,1,0,0,1,1,1,0.638,17,15,1,0,0,0,0,0,1,0,0,0,0,0,0,0,0,1,0,0,0,0,0,Human Trafficking,Patang Syndicate,2019-10-29,Punjab,1
2,29,0,0,1,1,0,1,0.222,20,1,0,0,1,0,0,0,0,1,0,0,0,0,0,0,1,0,0,0,0,0,0,Robbery,None,2022-08-18,Haryana,0
0,29,0,0,0,1,0,1,0.462,0,3,1,0,0,0,0,0,0,0,1,0,0,0,1,0,0,0,0,0,0,0,0,Car Theft,None,2018-04-01,Uttar Pradesh,0
0,23,0,0,0,1,1,0,0.22,11,1,0,0,0,0,1,0,0,0,0,1,0,0,1,0,0,0,0,0,0,0,0,Cybercrime,None,2024-07-14,Madhya Pradesh,0
0,26,0,0,1,1,0,0,0.199,23,8,0,0,1,0,0,0,0,1,0,0,0,0,0,0,0,0,0,0,0,0,1,Drug Trafficking,None,2023-03-24,Bihar,0
1,39,0,0,1,1,0,0,0.16,11,0,0,0,0,0,1,0,0,0,0,1,0,0,0,0,0,1,0,0,0,0,0,Fraud,None,2025-01-07,Rajasthan,1
1,51,1,1,0,1,0,4,0.532,3,6,0,1,0,0,0,0,0,0,0,1,0,0,0,1,0,0,0,0,0,0,0,Extortion,Teen Talwar Gang,2022-07-26,Tamil Nadu,0
2,16,1,0,0,1,0,2,0.499,20,2,0,1,0,0,0,0,0,1,0,0,0,0,1,0,0,0,0,0,0,0,0,Burglary,Kaali Billi Crew,2024-01-09,Haryana,1
1,20,0,1,0,1,0,3,0.588,16,3,0,0,1,0,0,0,0,0,0,0,0,1,0,0,0,0,0,1,0,0,0,Arms Trafficking,None,2025-09-17,Tamil Nadu,0
1,22,0,1,0,1,1,2,0.469,0,6,0,0,0,1,0,0,1,0,0,0,0,0,0,0,0,0,0,0,1,0,0,Kidnapping,None,2022-03-02,Kerala,1
2,26,0,1,1,1,0,2,0.551,4,10,0,0,0,1,0,0,0,0,0,0,0,1,0,0,0,0,0,1,0,0,0,Drug Trafficking,None,2022-11-17,Kerala,1
0,40,0,1,1,0,0,0,0.192,10,3,0,0,0,1,0,0,0,0,0,0,0,1,0,0,0,0,0,1,0,0,0,Drug Trafficking,None,2018-11-25,Tamil Nadu,0
2,21,1,0,0,1,1,1,0.487,15,2,0,0,0,0,0,1,0,0,0,0,1,0,0,0,0,1,0,0,0,0,0,Fraud,Kaali Billi Crew,2019-08-08,Madhya Pradesh,1
2,31,0,0,1,1,0,0,0.323,2,2,0,1,0,0,0,0,0,1,0,0,0,0,1,0,0,0,0,0,0,0,0,Burglary,None,2019-10-21,West Bengal,0
1,30,0,0,0,0,0,0,0.166,16,0,1,0,0,0,0,0,0,1,0,0,0,0,0,0,0,0,0,0,0,1,0,Arson,None,2023-04-30,Maharashtra,0
3,42,1,1,0,1,0,2,0.544,23,8,0,0,0,0,0,1,0,0,0,1,0,0,0,1,0,0,0,0,0,0,0,Extortion,Teen Talwar Gang,2024-05-31,Gujarat,1
2,31,1,0,0,1,1,1,0.688,14,6,0,0,0,0,0,1,0,0,0,0,1,0,0,0,0,0,1,0,0,0,0,Cybercrime,Neela Saanp Syndicate,2025-06-17,Karnataka,0
6,56,1,1,0,0,0,7,0.587,3,6,1,0,0,0,0,0,1,0,0,0,0,0,0,1,0,0,0,0,0,0,0,Murder,Teen Talwar Gang,2021-08-25,Gujarat,1
3,54,1,0,0,1,0,3,0.692,11,14,1,0,0,0,0,0,1,0,0,0,0,0,0,0,0,0,0,0,0,0,1,Kidnapping,Patang Syndicate,2024-12-21,Telangana,1
0,34,0,0,1,1,1,1,0.631,14,2,0,0,0,1,0,0,0,0,1,0,0,0,0,0,0,0,0,1,0,0,0,Drug Trafficking,None,2023-08-15,Haryana,1
1,32,0,0,0,1,0,0,0.231,20,3,0,0,1,0,0,0,0,0,1,0,0,0,0,0,0,1,0,0,0,0,0,Car Theft,None,2025-04-17,Uttar Pradesh,0
3,31,1,0,1,1,0,2,0.704,8,15,1,0,0,0,0,0,0,0,0,0,0,1,0,0,0,0,0,1,0,0,0,Drug Trafficking,Kaala Bichhoo Gang,2023-09-08,Kerala,1
1,55,0,0,0,1,1,0,0.322,19,0,0,0,0,0,1,0,0,0,0,1,0,0,0,0,0,1,0,0,0,0,0,Fraud,None,2021-12-18,Maharashtra,0
4,24,1,1,0,1,0,3,0.636,22,4,0,0,0,0,1,0,1,0,0,0,0,0,0,0,0,0,0,1,0,0,0,Extortion,Teen Talwar Gang,2020-05-10,Tamil Nadu,1
3,48,0,0,0,1,0,0,0.493,1,3,0,0,0,0,1,0,0,0,0,1,0,0,0,0,0,1,0,0,0,0,0,Fraud,None,2021-12-05,Uttar Pradesh,0
1,30,0,0,0,1,0,1,0.586,21,2,0,1,0,0,0,0,0,0,0,1,0,0,1,0,0,0,0,0,0,0,0,Burglary,None,2023-07-05,Uttar Pradesh,0
1,27,0,0,0,1,0,3,0.28,22,7,0,0,1,0,0,0,0,1,0,0,0,0,0,0,0,0,0,1,0,0,0,Robbery,None,2021-07-08,Bihar,1
2,42,1,1,1,1,0,5,0.723,18,14,0,0,0,1,0,0,0,0,0,0,0,1,0,0,1,0,0,0,0,0,0,Drug Trafficking,Kaala Bichhoo Gang,2021-07-10,Maharashtra,1
0,38,0,0,0,1,0,0,0.156,17,1,0,0,0,0,0,1,0,0,0,1,0,0,0,0,0,1,0,0,0,0,0,Fraud,None,2025-11-12,Maharashtra,0
2,16,0,0,0,0,0,0,0.305,2,2,1,0,0,0,0,0,0,1,0,0,0,0,1,0,0,0,0,0,0,0,0,Vandalism,None,2022-02-14,Karnataka,1
1,19,1,0,1,0,0,1,0.552,22,2,0,1,0,0,0,0,0,1,0,0,0,0,0,0,0,1,0,0,0,0,0,Burglary,Kaali Billi Crew,2025-02-26,Madhya Pradesh,0
1,38,0,1,0,0,0,1,0.55,18,4,0,0,0,1,0,0,0,0,0,0,0,1,0,1,0,0,0,0,0,0,0,Arms Trafficking,None,2025-03-21,West Bengal,0
0,19,0,0,0,0,0,0,0.123,20,1,0,0,1,0,0,0,0,0,1,0,0,0,1,0,0,0,0,0,0,0,0,Car Theft,None,2018-05-14,West Bengal,0
0,26,0,0,0,1,0,3,0.478,20,2,0,0,0,0,1,0,0,0,0,1,0,0,0,0,1,0,0,0,0,0,0,Burglary,None,2024-10-23,Uttar Pradesh,0
2,22,0,0,0,1,0,2,0.133,0,2,0,0,1,0,0,0,0,0,1,0,0,0,0,0,0,1,0,0,0,0,0,Car Theft,None,2019-03-09,Delhi,1
1,20,0,0,0,0,1,0,0.069,21,2,0,0,0,0,0,1,0,0,0,1,0,0,0,0,0,0,1,0,0,0,0,Cybercrime,None,2023-03-11,West Bengal,0
2,37,0,0,0,1,1,0,0.38,13,6,0,0,0,0,0,1,0,0,0,0,1,0,0,0,0,1,0,0,0,0,0,Money Laundering,None,2025-04-03,Uttar Pradesh,0
3,38,0,0,1,1,0,2,0.576,21,2,1,0,0,0,0,0,0,0,0,0,0,1,0,0,0,0,0,1,0,0,0,Drug Trafficking,None,2022-12-10,Madhya Pradesh,0
1,34,0,1,0,0,0,1,0.677,19,3,0,1,0,0,0,0,1,0,0,0,0,0,0,0,1,0,0,0,0,0,0,Assault,None,2025-10-10,Telangana,0
3,54,0,0,0,1,1,1,0.032,14,3,0,0,0,0,0,1,0,0,0,1,0,0,0,0,0,1,0,0,0,0,0,Fraud,None,2018-07-30,Uttar Pradesh,0
2,35,0,0,0,1,0,1,0.383,4,3,1,0,0,0,0,0,0,0,0,1,0,0,0,0,1,0,0,0,0,0,0,Burglary,None,2024-06-12,Telangana,0
0,24,0,0,0,1,1,0,0.32,22,1,0,0,0,0,0,1,0,0,0,0,1,0,0,0,0,0,1,0,0,0,0,Cybercrime,None,2018-09-17,Uttar Pradesh,0
2,17,1,0,0,0,0,0,0.676,23,3,0,1,0,0,0,0,0,1,0,0,0,0,0,0,0,0,0,1,0,0,0,Burglary,Kaali Billi Crew,2022-09-28,Haryana,0
1,46,0,0,1,1,0,2,0.32,21,3,0,0,1,0,0,0,0,0,0,0,0,1,0,0,0,0,0,1,0,0,0,Drug Trafficking,None,2025-08-19,Tamil Nadu,1
2,16,0,0,0,1,0,0,0.573,22,3,1,0,0,0,0,0,0,0,1,0,0,0,1,0,0,0,0,0,0,0,0,Car Theft,None,2023-04-23,Uttar Pradesh,0
3,22,1,0,0,1,0,2,0.76,0,5,0,1,0,0,0,0,0,0,1,0,0,0,1,0,0,0,0,0,0,0,0,Car Theft,Lal Toofan Crew,2023-06-28,Delhi,0
3,27,1,1,0,0,0,2,0.572,22,7,1,0,0,0,0,0,0,1,0,0,0,0,1,0,0,0,0,0,0,0,0,Burglary,Lal Toofan Crew,2018-06-27,Delhi,0
1,48,0,0,0,0,0,1,0.467,12,0,0,0,1,0,0,0,0,1,0,0,0,0,0,0,0,0,0,0,0,1,0,Arson,None,2022-07-27,Bihar,0
1,37,0,0,0,1,0,2,0.415,1,3,0,1,0,0,0,0,0,1,0,0,0,0,1,0,0,0,0,0,0,0,0,Burglary,None,2022-11-05,Bihar,0
0,36,0,1,0,0,0,1,0.491,2,0,1,0,0,0,0,0,1,0,0,0,0,0,0,0,1,0,0,0,0,0,0,Assault,None,2024-08-30,Maharashtra,0
2,33,0,1,0,1,1,3,0.74,12,8,1,0,0,0,0,0,1,0,0,0,0,0,0,0,0,1,0,0,0,0,0,Kidnapping,None,2020-01-01,Uttar Pradesh,1
0,17,0,0,0,1,0,1,0.25,15,4,0,0,1,0,0,0,0,0,1,0,0,0,0,0,0,0,1,0,0,0,0,Car Theft,None,2018-04-24,Tamil Nadu,0
0,23,1,0,1,0,0,2,0.333,20,2,0,1,0,0,0,0,0,1,0,0,0,0,0,0,0,0,0,0,0,1,0,Vandalism,Kaali Billi Crew,2025-01-24,Madhya Pradesh,0
5,32,1,0,0,1,0,2,0.495,22,8,0,0,0,0,0,1,0,0,0,1,0,0,0,0,0,0,0,0,0,0,1,Extortion,Patang Syndicate,2024-12-23,Telangana,1
1,31,0,0,0,1,0,1,0.254,4,6,0,1,0,0,0,0,1,0,0,0,0,0,0,0,0,1,0,0,0,0,0,Human Trafficking,None,2022-08-02,West Bengal,0
1,30,0,0,0,1,0,0,0.138,14,2,1,0,0,0,0,0,0,0,0,0,1,0,0,0,0,1,0,0,0,0,0,Fraud,None,2023-12-27,Delhi,0
0,38,0,0,0,1,0,0,0.383,16,4,0,0,0,0,0,1,0,0,0,1,0,0,0,0,0,1,0,0,0,0,0,Fraud,None,2022-07-05,Uttar Pradesh,0
0,23,0,0,0,1,1,0,0.246,11,0,0,0,0,0,0,1,0,0,0,0,1,0,0,0,0,0,1,0,0,0,0,Cybercrime,None,2020-03-11,Madhya Pradesh,0
1,19,0,0,0,0,0,0,0.037,16,3,1,0,0,0,0,0,0,1,0,0,0,0,0,0,0,0,0,0,0,1,0,Vandalism,None,2023-06-03,Uttar Pradesh,0
2,37,0,0,0,1,0,0,0.231,13,1,1,0,0,0,0,0,0,1,0,0,0,0,0,0,1,0,0,0,0,0,0,Burglary,None,2024-06-21,Uttar Pradesh,0
2,38,0,0,0,1,1,0,0.219,8,0,0,0,0,0,0,1,0,0,0,1,0,0,0,0,0,0,0,0,0,0,1,Fraud,None,2025-05-17,Bihar,0
4,44,0,0,0,1,0,0,0.129,11,3,1,0,0,0,0,0,0,0,0,1,0,0,0,0,0,1,0,0,0,0,0,Fraud,None,2020-12-22,Madhya Pradesh,0
0,26,0,0,0,0,0,0,0.368,11,2,1,0,0,0,0,0,0,1,0,0,0,0,1,0,0,0,0,0,0,0,0,Burglary,None,2022-06-11,Maharashtra,0
1,22,1,0,0,1,1,1,0.133,10,4,0,0,0,0,1,0,0,0,0,1,0,0,0,0,0,0,1,0,0,0,0,Cybercrime,Neela Saanp Syndicate,2020-04-13,West Bengal,0
1,30,0,0,0,0,0,1,0.254,2,0,1,0,0,0,0,0,0,1,0,0,0,0,1,0,0,0,0,0,0,0,0,Burglary,None,2024-04-23,Uttar Pradesh,0
4,34,1,1,1,0,0,0,0.248,4,2,0,0,1,0,0,0,0,0,1,0,0,0,1,0,0,0,0,0,0,0,0,Car Theft,Lal Toofan Crew,2021-04-24,Rajasthan,1
0,31,0,1,0,0,0,7,0.275,1,0,0,1,0,0,0,0,1,0,0,0,0,0,0,1,0,0,0,0,0,0,0,Murder,None,2025-02-06,Karnataka,1
1,31,0,0,0,0,0,4,0.43,16,0,1,0,0,0,0,0,1,0,0,0,0,0,0,1,0,0,0,0,0,0,0,Assault,None,2021-11-17,Uttar Pradesh,0
1,46,0,0,0,1,1,0,0.501,13,1,0,1,0,0,0,0,0,0,0,0,1,0,0,0,0,1,0,0,0,0,0,Fraud,None,2021-06-06,Tamil Nadu,0
1,37,0,0,0,1,1,0,0.506,19,3,0,0,0,0,0,1,0,0,0,1,0,0,0,0,0,1,0,0,0,0,0,Fraud,None,2023-03-01,Bihar,0
5,28,1,1,0,0,0,2,0.53,0,7,0,0,1,0,0,0,1,0,0,0,0,0,0,0,1,0,0,0,0,0,0,Assault,Lal Toofan Crew,2021-06-21,Delhi,1
0,29,0,0,0,1,0,0,0.493,18,3,0,0,1,0,0,0,0,0,1,0,0,0,1,0,0,0,0,0,0,0,0,Car Theft,None,2021-08-23,West Bengal,0
1,19,0,1,0,0,0,2,0.704,2,2,0,0,1,0,0,0,1,0,0,0,0,0,0,0,1,0,0,0,0,0,0,Assault,None,2018-12-14,Maharashtra,0
1,25,0,0,0,0,0,0,0.554,20,1,0,0,1,0,0,0,0,0,1,0,0,0,1,0,0,0,0,0,0,0,0,Car Theft,None,2025-04-10,Gujarat,0
3,35,1,0,1,1,0,1,0.546,4,7,0,0,1,0,0,0,0,0,0,0,0,1,0,0,0,0,0,1,0,0,0,Drug Trafficking,Kaala Bichhoo Gang,2018-04-15,Kerala,1
3,29,0,0,0,0,0,2,0.48,21,5,1,0,0,0,0,0,0,0,0,0,0,1,0,0,0,0,1,0,0,0,0,Kidnapping,None,2025-10-07,Bihar,1
0,30,0,1,0,1,0,0,0.59,1,4,0,0,0,1,0,0,1,0,0,0,0,0,0,0,0,0,0,0,1,0,0,Kidnapping,None,2025-06-26,West Bengal,0
3,48,1,1,0,0,0,3,0.789,16,4,1,0,0,0,0,0,1,0,0,0,0,0,0,0,1,0,0,0,0,0,0,Murder,Teen Talwar Gang,2024-05-28,Tamil Nadu,1
1,26,0,0,1,1,1,0,0.577,21,10,0,0,1,0,0,0,0,0,0,0,0,1,0,0,0,0,0,1,0,0,0,Drug Trafficking,None,2020-02-02,Rajasthan,1
1,28,0,0,0,0,1,0,0.4,18,3,0,0,1,0,0,0,0,0,1,0,0,0,1,0,0,0,0,0,0,0,0,Car Theft,None,2021-05-11,Telangana,0
3,47,1,0,0,1,1,5,0.619,13,12,0,0,0,1,0,0,1,0,0,0,0,0,0,0,0,0,1,0,0,0,0,Human Trafficking,Patang Syndicate,2021-03-15,Punjab,0
2,29,0,1,1,1,0,1,0.745,1,6,0,0,1,0,0,0,0,0,0,1,0,0,0,0,1,0,0,0,0,0,0,Robbery,None,2024-11-12,Punjab,1
1,36,0,1,0,1,0,0,0.282,1,1,1,0,0,0,0,0,0,0,0,0,0,1,0,0,0,0,0,1,0,0,0,Arms Trafficking,None,2019-01-18,Maharashtra,0
3,32,0,0,0,0,0,1,0.686,21,0,0,0,1,0,0,0,1,0,0,0,0,0,0,0,1,0,0,0,0,0,0,Assault,None,2018-05-13,Bihar,0
3,16,1,0,0,0,0,4,0.39,1,3,0,0,0,0,1,0,0,1,0,0,0,0,1,0,0,0,0,0,0,0,0,Burglary,Kaali Billi Crew,2018-08-05,Haryana,1
0,37,0,1,0,1,0,0,0.449,2,5,0,0,1,0,0,0,1,0,0,0,0,0,0,0,0,1,0,0,0,0,0,Human Trafficking,None,2020-06-07,Delhi,0
1,16,1,0,1,0,0,1,0.38,0,3,0,0,1,0,0,0,0,1,0,0,0,0,0,0,0,0,0,0,0,1,0,Arson,Kaali Billi Crew,2019-08-02,Haryana,1
2,19,0,0,0,1,0,1,0.437,0,0,1,0,0,0,0,0,0,1,0,0,0,0,0,0,0,1,0,0,0,0,0,Burglary,None,2020-06-20,Bihar,0
3,27,0,1,0,1,0,2,0.617,23,3,0,1,0,0,0,0,0,0,0,1,0,0,0,0,0,0,0,0,0,0,1,Extortion,None,2021-01-25,Bihar,1
1,26,0,1,0,1,0,3,0.76,1,5,0,0,0,1,0,0,0,0,0,1,0,0,0,0,0,0,0,1,0,0,0,Arms Trafficking,None,2025-09-11,West Bengal,1
5,28,1,0,0,1,1,3,0.46,4,7,0,0,1,0,0,0,0,0,1,0,0,0,1,0,0,0,0,0,0,0,0,Car Theft,Patang Syndicate,2023-09-04,Telangana,1
2,32,0,0,0,0,0,1,0.531,1,2,0,1,0,0,0,0,0,1,0,0,0,0,0,0,0,0,0,0,0,1,0,Arson,None,2024-08-07,Uttar Pradesh,0
4,45,1,0,0,1,1,0,0.44,12,10,0,0,0,0,1,0,0,0,0,0,1,0,0,0,0,1,0,0,0,0,0,Money Laundering,Neela Saanp Syndicate,2021-08-08,West Bengal,1
2,40,0,0,0,1,0,1,0.422,22,6,0,0,1,0,0,0,1,0,0,0,0,0,0,0,0,0,0,0,1,0,0,Human Trafficking,None,2024-10-05,Maharashtra,0
0,33,0,0,0,0,0,4,0.314,22,3,0,0,1,0,0,0,1,0,0,0,0,0,0,0,1,0,0,0,0,0,0,Murder,None,2021-01-02,Madhya Pradesh,0
3,43,0,1,1,0,0,1,0.733,10,2,1,0,0,0,0,0,1,0,0,0,0,0,0,0,1,0,0,0,0,0,0,Assault,None,2018-09-30,Telangana,0
2,34,1,0,1,1,0,0,0.517,22,4,0,1,0,0,0,0,0,0,0,0,0,1,0,0,0,0,0,1,0,0,0,Drug Trafficking,Kaala Bichhoo Gang,2023-09-24,Maharashtra,0
1,38,0,0,0,1,0,0,0.667,12,1,0,1,0,0,0,0,0,0,0,1,0,0,0,0,0,0,1,0,0,0,0,Fraud,None,2025-05-01,Bihar,1
1,35,0,0,0,1,1,0,0.295,8,4,0,0,0,0,0,1,0,1,0,0,0,0,0,0,0,1,0,0,0,0,0,Fraud,None,2020-01-28,Madhya Pradesh,0
0,29,0,0,1,0,0,1,0.655,11,3,0,1,0,0,0,0,1,0,0,0,0,0,0,0,0,0,0,0,0,0,1,Assault,None,2020-07-16,Karnataka,1
0,38,0,0,0,1,1,1,0.635,18,2,0,0,0,0,0,1,0,0,0,1,0,0,0,0,0,1,0,0,0,0,0,Fraud,None,2018-04-27,Maharashtra,0
1,27,0,0,0,0,0,1,0.52,9,4,0,1,0,0,0,0,1,0,0,0,0,0,0,1,0,0,0,0,0,0,0,Assault,None,2020-01-22,Kerala,1
1,27,0,0,0,0,0,2,0.141,3,3,0,0,1,0,0,0,0,0,0,1,0,0,0,0,0,0,0,0,1,0,0,Kidnapping,None,2019-10-19,Gujarat,1
0,21,0,0,0,1,1,0,0.148,10,0,0,0,0,0,0,1,0,0,0,1,0,0,0,0,0,0,1,0,0,0,0,Cybercrime,None,2023-06-13,Bihar,0
3,19,0,0,0,0,0,1,0.319,1,6,0,0,1,0,0,0,0,1,0,0,0,0,0,0,0,0,0,0,0,1,0,Vandalism,None,2018-04-12,Uttar Pradesh,1
1,36,0,0,0,1,0,0,0.16,16,3,0,0,0,0,1,0,0,0,0,1,0,0,0,0,0,1,0,0,0,0,0,Fraud,None,2018-02-03,Karnataka,0
1,46,0,1,0,0,0,6,0.622,4,4,0,0,1,0,0,0,1,0,0,0,0,0,0,1,0,0,0,0,0,0,0,Murder,None,2020-03-03,Kerala,1
0,22,0,0,0,1,0,1,0.19,20,2,0,0,1,0,0,0,0,0,1,0,0,0,1,0,0,0,0,0,0,0,0,Car Theft,None,2022-01-14,Maharashtra,0
2,50,1,0,0,1,0,2,0.617,14,6,0,1,0,0,0,0,0,0,0,1,0,0,0,0,0,0,0,0,0,0,1,Extortion,Teen Talwar Gang,2019-05-24,Tamil Nadu,0
2,33,0,0,0,1,1,1,0.438,19,3,0,0,1,0,0,0,1,0,0,0,0,0,0,0,0,0,0,0,0,0,1,Human Trafficking,None,2024-08-25,Uttar Pradesh,0
3,40,0,0,1,1,0,9,0.418,4,4,1,0,0,0,0,0,1,0,0,0,0,0,0,0,1,0,0,0,0,0,0,Murder,None,2019-06-10,Karnataka,1
1,37,0,1,1,0,0,1,0.196,11,8,0,0,0,1,0,0,0,0,0,0,0,1,0,0,0,0,0,1,0,0,0,Drug Trafficking,None,2023-06-07,Karnataka,1
2,37,1,0,0,0,0,1,0.567,20,7,0,0,1,0,0,0,0,1,0,0,0,0,1,0,0,0,0,0,0,0,0,Car Theft,Teen Talwar Gang,2021-05-27,Tamil Nadu,0
1,18,0,0,1,0,0,0,0.44,11,3,1,0,0,0,0,0,0,0,0,0,0,1,0,0,0,1,0,0,0,0,0,Drug Trafficking,None,2020-10-02,Karnataka,0
1,36,0,1,0,1,0,4,0.408,3,9,0,0,1,0,0,0,1,0,0,0,0,0,0,0,0,0,0,0,1,0,0,Kidnapping,None,2020-03-16,Rajasthan,1
1,33,0,0,0,1,1,0,0.465,16,1,0,1,0,0,0,0,0,0,0,1,0,0,0,0,0,1,0,0,0,0,0,Fraud,None,2022-06-29,Uttar Pradesh,0
1,25,0,0,0,1,0,2,0.089,23,1,1,0,0,0,0,0,0,0,0,1,0,0,1,0,0,0,0,0,0,0,0,Burglary,None,2018-05-06,Uttar Pradesh,0
3,36,0,0,0,1,0,0,0.372,1,1,1,0,0,0,0,0,0,1,0,0,0,0,1,0,0,0,0,0,0,0,0,Burglary,None,2018-06-01,Uttar Pradesh,1
0,31,0,0,1,0,0,1,0.409,20,3,0,0,0,1,0,0,0,0,0,0,0,1,0,0,0,0,0,1,0,0,0,Drug Trafficking,None,2025-02-23,Karnataka,1
0,35,0,1,0,1,0,1,0.672,11,3,1,0,0,0,0,0,0,0,0,0,0,1,0,0,0,0,0,0,0,0,1,Kidnapping,None,2018-06-27,Rajasthan,0
0,16,0,0,0,0,0,2,0.256,0,2,0,0,1,0,0,0,0,1,0,0,0,0,0,0,0,0,0,0,0,1,0,Arson,None,2024-09-20,Uttar Pradesh,1
0,29,0,0,0,1,0,0,0.432,1,1,1,0,0,0,0,0,0,0,0,1,0,0,0,1,0,0,0,0,0,0,0,Burglary,None,2023-05-20,Gujarat,0
2,35,1,1,0,0,0,1,0.578,21,0,0,0,1,0,0,0,0,0,0,1,0,0,0,0,1,0,0,0,0,0,0,Robbery,Lal Toofan Crew,2023-06-30,Delhi,0
0,41,0,1,0,0,0,5,0.431,16,0,0,0,1,0,0,0,1,0,0,0,0,0,0,0,1,0,0,0,0,0,0,Assault,None,2019-08-25,Bihar,1
0,18,1,0,0,1,0,2,0.59,23,7,1,0,0,0,0,0,0,1,0,0,0,0,1,0,0,0,0,0,0,0,0,Burglary,Lal Toofan Crew,2024-08-14,Delhi,0
3,25,0,0,1,1,0,3,0.689,12,3,0,0,1,0,0,0,0,0,0,0,0,1,0,0,0,0,0,1,0,0,0,Drug Trafficking,None,2023-01-21,Punjab,1
0,29,0,1,0,1,0,5,0.339,15,1,1,0,0,0,0,0,1,0,0,0,0,0,0,0,0,0,0,0,1,0,0,Kidnapping,None,2023-01-21,Bihar,1
5,49,1,0,0,1,1,3,0.63,14,3,0,1,0,0,0,0,0,0,0,1,0,0,0,0,0,1,0,0,0,0,0,Fraud,Kaala Bichhoo Gang,2025-04-16,Kerala,1
1,40,1,0,1,1,0,4,0.69,0,8,0,0,0,1,0,0,0,0,0,0,0,1,0,0,0,0,0,1,0,0,0,Drug Trafficking,Kaala Bichhoo Gang,2023-08-13,Kerala,0
3,49,1,1,0,1,0,2,0.739,19,7,0,1,0,0,0,0,1,0,0,0,0,0,0,0,1,0,0,0,0,0,0,Extortion,Teen Talwar Gang,2023-04-04,Tamil Nadu,1
0,40,0,1,1,0,0,3,0.455,4,1,1,0,0,0,0,0,1,0,0,0,0,0,0,0,1,0,0,0,0,0,0,Assault,None,2021-02-10,Maharashtra,0
1,31,0,0,1,1,0,0,0.231,21,3,0,0,1,0,0,0,0,0,0,0,0,1,0,0,0,0,0,1,0,0,0,Drug Trafficking,None,2024-03-07,Uttar Pradesh,0
1,22,0,1,0,0,0,2,0.168,23,2,0,0,1,0,0,0,1,0,0,0,0,0,0,0,1,0,0,0,0,0,0,Assault,None,2020-11-04,Maharashtra,1
1,51,0,0,0,1,1,0,0.202,9,8,0,1,0,0,0,0,0,0,0,1,0,0,0,0,0,1,0,0,0,0,0,Money Laundering,None,2020-12-18,Madhya Pradesh,0
0,37,0,0,1,1,0,0,0.174,3,13,0,0,1,0,0,0,1,0,0,0,0,0,0,0,0,0,0,0,0,0,1,Human Trafficking,None,2022-04-14,Maharashtra,1
2,30,0,0,0,1,1,4,0.432,20,8,1,0,0,0,0,0,1,0,0,0,0,0,0,0,0,0,0,0,0,0,1,Kidnapping,None,2022-01-15,Uttar Pradesh,0
2,23,1,0,0,0,0,2,0.449,0,2,1,0,0,0,0,0,0,1,0,0,0,0,0,0,0,0,0,0,0,1,0,Arson,Kaali Billi Crew,2025-06-25,Madhya Pradesh,1
2,16,1,1,1,1,0,4,0.473,2,1,0,1,0,0,0,0,0,1,0,0,0,0,1,0,0,0,0,0,0,0,0,Burglary,Kaali Billi Crew,2019-01-15,Haryana,1
1,38,0,1,0,1,1,3,0.605,22,6,0,0,0,1,0,0,0,0,0,0,0,1,0,0,0,0,0,1,0,0,0,Arms Trafficking,None,2020-04-02,Delhi,1
0,25,0,0,0,0,0,1,0.403,2,1,1,0,0,0,0,0,0,1,0,0,0,0,0,0,0,0,0,0,0,1,0,Arson,None,2021-07-20,Karnataka,0
1,22,0,0,0,0,1,1,0.498,3,4,0,0,1,0,0,0,0,0,1,0,0,0,1,0,0,0,0,0,0,0,0,Car Theft,None,2018-09-10,Maharashtra,0
3,39,0,0,0,1,1,1,0.183,1,2,0,0,0,0,0,1,0,0,0,0,1,0,0,0,0,0,1,0,0,0,0,Cybercrime,None,2018-04-15,Telangana,0
4,16,1,0,1,1,1,2,0.618,17,6,0,1,0,0,0,0,0,0,0,0,1,0,0,0,0,0,1,0,0,0,0,Cybercrime,Neela Saanp Syndicate,2020-12-31,West Bengal,1
0,25,0,0,0,1,0,2,0.238,21,1,0,0,0,1,0,0,0,1,0,0,0,0,1,0,0,0,0,0,0,0,0,Car Theft,None,2021-05-23,Maharashtra,0
1,19,0,1,0,0,1,2,0.415,4,1,0,0,0,0,1,0,0,0,1,0,0,0,0,0,0,0,1,0,0,0,0,Car Theft,None,2018-03-07,West Bengal,1
0,44,0,0,1,1,1,0,0.084,19,1,0,0,0,0,0,1,1,0,0,0,0,0,0,0,0,0,1,0,0,0,0,Cybercrime,None,2019-04-08,Bihar,0
1,27,0,1,0,1,1,1,0.415,12,3,0,0,1,0,0,0,0,0,0,0,0,1,0,1,0,0,0,0,0,0,0,Arms Trafficking,None,2023-05-14,Maharashtra,1
1,18,1,0,0,1,1,1,0.32,12,7,1,0,0,0,0,0,0,0,1,0,0,0,1,0,0,0,0,0,0,0,0,Car Theft,Lal Toofan Crew,2022-04-01,Rajasthan,0
1,28,0,0,0,0,0,1,0.14,15,1,0,1,0,0,0,0,0,1,0,0,0,0,0,0,0,0,0,0,0,1,0,Arson,None,2019-12-06,Gujarat,0
3,27,0,1,0,0,1,0,0.533,16,5,0,0,0,1,0,0,0,0,0,0,1,0,0,0,0,0,0,0,1,0,0,Kidnapping,None,2025-06-14,Uttar Pradesh,1
2,26,1,0,0,1,0,1,0.524,23,3,1,0,0,0,0,0,0,1,0,0,0,0,1,0,0,0,0,0,0,0,0,Burglary,Lal Toofan Crew,2021-04-19,Delhi,1
1,30,0,1,0,0,0,0,0.661,19,1,0,0,1,0,0,0,0,0,0,1,0,0,0,0,0,0,0,0,0,0,1,Assault,None,2020-09-09,Bihar,1
2,17,1,0,0,1,1,1,0.171,15,6,0,0,0,0,0,1,0,0,0,0,1,0,0,0,0,1,0,0,0,0,0,Cybercrime,Neela Saanp Syndicate,2024-10-22,West Bengal,0
1,23,1,1,0,1,0,4,0.668,17,8,0,0,1,0,0,0,1,0,0,0,0,0,0,0,0,0,0,0,1,0,0,Kidnapping,Kaala Bichhoo Gang,2021-02-20,Maharashtra,0
3,32,0,0,0,1,0,7,0.505,20,4,1,0,0,0,0,0,1,0,0,0,0,0,0,0,0,0,0,0,1,0,0,Kidnapping,None,2018-08-18,Maharashtra,1
1,22,0,0,1,1,0,1,0.055,10,4,0,1,0,0,0,0,0,0,0,0,0,1,0,0,0,0,0,1,0,0,0,Drug Trafficking,None,2019-10-06,Uttar Pradesh,0
3,36,0,0,0,1,1,1,0.252,14,0,0,0,0,0,1,0,0,0,0,1,0,0,0,0,0,1,0,0,0,0,0,Fraud,None,2019-07-29,Punjab,0
0,16,0,1,0,1,0,0,0.236,20,4,1,0,0,0,0,0,0,0,1,0,0,0,0,0,0,0,1,0,0,0,0,Car Theft,None,2020-04-16,Maharashtra,1
2,27,1,0,1,0,0,2,0.88,3,2,1,0,0,0,0,0,0,0,0,1,0,0,1,0,0,0,0,0,0,0,0,Burglary,Lal Toofan Crew,2021-07-22,Rajasthan,1
2,30,0,1,0,1,1,6,0.244,10,6,0,0,0,0,0,1,1,0,0,0,0,0,0,0,1,0,0,0,0,0,0,Kidnapping,None,2023-01-21,Uttar Pradesh,1
3,28,1,0,1,1,0,1,0.514,0,9,0,0,0,1,0,0,0,0,0,0,0,1,0,0,0,0,0,1,0,0,0,Drug Trafficking,Kaala Bichhoo Gang,2024-09-07,Maharashtra,1
0,26,0,0,0,1,0,0,0.074,4,3,1,0,0,0,0,0,0,0,0,0,1,0,1,0,0,0,0,0,0,0,0,Burglary,None,2020-06-26,Maharashtra,0
0,23,0,1,1,1,0,1,0.576,14,8,0,1,0,0,0,0,0,0,0,1,0,0,0,1,0,0,0,0,0,0,0,Robbery,None,2020-09-19,Maharashtra,0
0,20,0,0,0,1,0,0,0.112,1,2,1,0,0,0,0,0,0,0,0,1,0,0,1,0,0,0,0,0,0,0,0,Burglary,None,2021-07-06,West Bengal,0
1,23,0,0,0,0,0,2,0.244,4,1,0,1,0,0,0,0,0,1,0,0,0,0,0,0,0,0,0,0,1,0,0,Burglary,None,2019-07-09,Rajasthan,0
4,19,1,0,0,0,0,1,0.636,2,1,1,0,0,0,0,0,0,0,1,0,0,0,1,0,0,0,0,0,0,0,0,Car Theft,Lal Toofan Crew,2023-06-13,Delhi,1
0,22,0,0,0,1,0,0,0.265,11,2,0,0,0,0,0,1,0,0,0,1,0,0,0,0,0,0,1,0,0,0,0,Cybercrime,None,2019-03-24,Maharashtra,0
4,33,1,0,0,1,1,2,0.666,11,10,0,0,0,1,0,0,0,0,0,1,0,0,0,0,0,0,0,0,1,0,0,Kidnapping,Patang Syndicate,2020-08-10,Punjab,1
2,17,1,0,0,0,0,1,0.799,23,1,0,1,0,0,0,0,0,1,0,0,0,0,0,0,0,0,0,0,0,1,0,Vandalism,Kaali Billi Crew,2018-06-16,Madhya Pradesh,1
2,39,0,0,1,1,0,2,0.312,8,9,0,0,1,0,0,0,0,0,0,0,0,1,0,0,0,0,0,1,0,0,0,Drug Trafficking,None,2025-10-05,Tamil Nadu,0
2,32,0,0,1,1,0,2,0.267,19,8,0,0,0,0,0,1,0,0,0,0,0,1,0,0,0,1,0,0,0,0,0,Drug Trafficking,None,2021-10-14,Rajasthan,0
5,41,1,1,0,1,0,4,0.405,9,9,0,0,0,1,0,0,1,0,0,0,0,0,0,0,0,0,0,0,1,0,0,Human Trafficking,Patang Syndicate,2022-01-05,Telangana,0
0,26,0,0,0,0,0,2,0.617,2,2,0,0,1,0,0,0,0,1,0,0,0,0,0,0,0,0,0,0,0,0,1,Assault,None,2024-03-18,Kerala,0
3,48,0,0,0,1,1,0,0.259,16,2,0,0,0,0,0,1,0,0,0,0,1,0,0,0,0,0,1,0,0,0,0,Fraud,None,2018-03-29,Gujarat,0
0,16,0,1,0,1,0,0,0.652,2,1,1,0,0,0,0,0,0,1,0,0,0,0,1,0,0,0,0,0,0,0,0,Burglary,None,2024-12-28,Uttar Pradesh,0
0,39,1,0,1,1,1,2,0.411,19,20,0,0,0,1,0,0,1,0,0,0,0,0,0,0,0,1,0,0,0,0,0,Human Trafficking,Patang Syndicate,2021-04-06,Punjab,0
0,27,0,0,0,1,0,0,0.087,18,0,1,0,0,0,0,0,0,1,0,0,0,0,1,0,0,0,0,0,0,0,0,Burglary,None,2018-03-21,Rajasthan,0
0,30,0,1,0,0,0,1,0.508,22,1,0,1,0,0,0,0,0,0,0,1,0,0,0,0,1,0,0,0,0,0,0,Robbery,None,2022-10-25,Gujarat,1
0,24,0,0,0,0,0,3,0.289,20,1,0,0,0,1,0,0,1,0,0,0,0,0,0,1,0,0,0,0,0,0,0,Assault,None,2025-06-19,Karnataka,0
2,27,0,0,0,0,0,4,0.356,1,3,1,0,0,0,0,0,0,1,0,0,0,0,0,0,1,0,0,0,0,0,0,Assault,None,2018-03-22,Karnataka,0
5,43,0,0,0,1,0,1,0.272,21,4,0,0,0,1,0,0,0,0,0,0,0,1,0,0,0,0,0,1,0,0,0,Arms Trafficking,None,2021-06-24,Maharashtra,1
0,21,0,0,0,1,0,1,0.239,19,2,1,0,0,0,0,0,0,1,0,0,0,0,0,0,0,0,0,0,0,1,0,Arson,None,2025-09-23,Rajasthan,0
4,35,1,0,0,1,1,1,0.632,11,11,0,0,0,0,1,0,0,0,0,1,0,0,0,0,0,1,0,0,0,0,0,Money Laundering,Neela Saanp Syndicate,2021-12-04,West Bengal,0
1,30,0,1,0,1,0,3,0.545,21,0,0,0,1,0,0,0,0,0,0,1,0,0,0,1,0,0,0,0,0,0,0,Robbery,None,2018-02-22,Madhya Pradesh,0
0,34,0,0,0,1,1,0,0.566,12,5,0,0,0,0,1,0,0,0,0,1,0,0,0,0,0,1,0,0,0,0,0,Fraud,None,2018-11-27,Kerala,0
2,43,1,1,0,0,0,4,0.72,20,6,0,1,0,0,0,0,0,0,0,0,0,1,0,0,0,0,0,1,0,0,0,Arms Trafficking,Teen Talwar Gang,2025-10-18,Gujarat,1
1,35,0,1,1,1,0,0,0.121,12,4,1,0,0,0,0,0,0,0,0,0,0,1,0,0,0,0,0,1,0,0,0,Drug Trafficking,None,2025-04-04,Rajasthan,1
0,25,0,1,0,1,0,3,0.516,12,4,0,0,1,0,0,0,1,0,0,0,0,0,0,0,0,0,0,0,1,0,0,Kidnapping,None,2018-11-16,West Bengal,1
1,22,0,0,0,0,0,2,0.454,22,2,0,0,1,0,0,0,0,0,1,0,0,0,0,0,0,1,0,0,0,0,0,Vandalism,None,2025-03-24,Uttar Pradesh,0
3,42,1,1,0,1,0,0,0.71,14,9,0,0,1,0,0,0,1,0,0,0,0,0,0,0,0,0,0,1,0,0,0,Arms Trafficking,Kaala Bichhoo Gang,2023-04-06,Maharashtra,1
2,32,0,1,0,0,0,4,0.439,18,4,0,0,1,0,0,0,1,0,0,0,0,0,0,0,0,0,0,0,0,0,1,Kidnapping,None,2021-01-17,Kerala,1
2,19,1,0,0,1,1,2,0.431,21,11,0,0,0,0,0,1,0,0,0,1,0,0,0,0,0,0,1,0,0,0,0,Cybercrime,Patang Syndicate,2022-01-03,Punjab,1
0,38,0,1,0,1,0,4,0.324,23,2,1,0,0,0,0,0,0,0,0,1,0,0,0,0,1,0,0,0,0,0,0,Robbery,None,2018-03-12,Karnataka,0
3,43,0,0,0,1,1,2,0.084,2,6,0,0,1,0,0,0,1,0,0,0,0,0,0,0,0,0,0,0,1,0,0,Human Trafficking,None,2022-05-23,Uttar Pradesh,1
2,25,0,0,0,1,0,0,0.338,23,1,1,0,0,0,0,0,0,1,0,0,0,0,1,0,0,0,0,0,0,0,0,Burglary,None,2023-10-24,West Bengal,0
1,16,1,0,0,1,1,0,0.807,12,8,0,1,0,0,0,0,0,0,0,1,0,0,0,0,0,0,0,1,0,0,0,Cybercrime,Neela Saanp Syndicate,2018-09-12,West Bengal,0
0,25,0,0,0,0,1,0,0.048,11,1,1,0,0,0,0,0,0,0,0,0,1,0,0,0,0,0,1,0,0,0,0,Cybercrime,None,2022-11-05,Madhya Pradesh,0
3,32,1,0,0,1,1,4,0.768,15,11,0,0,0,0,0,1,0,0,0,1,0,0,0,1,0,0,0,0,0,0,0,Money Laundering,Neela Saanp Syndicate,2019-04-08,West Bengal,1
0,26,0,0,0,1,0,0,0.181,20,1,0,1,0,0,0,0,0,0,1,0,0,0,0,0,0,0,0,0,1,0,0,Car Theft,None,2021-02-17,Uttar Pradesh,0
0,35,0,0,0,1,0,5,0.486,20,8,0,0,0,1,0,0,0,0,0,0,0,1,0,0,0,0,0,1,0,0,0,Arms Trafficking,None,2025-07-21,Uttar Pradesh,0
2,38,1,0,1,1,1,1,0.819,2,15,0,0,1,0,0,0,1,0,0,0,0,0,0,0,0,0,0,0,1,0,0,Human Trafficking,Patang Syndicate,2019-07-28,Telangana,0
2,33,0,1,0,0,0,2,0.624,1,3,1,0,0,0,0,0,1,0,0,0,0,0,0,0,1,0,0,0,0,0,0,Assault,None,2020-01-10,Maharashtra,1
1,30,0,0,0,0,1,1,0.185,17,2,0,0,0,0,0,1,0,0,0,0,0,1,0,0,0,0,1,0,0,0,0,Cybercrime,None,2025-02-20,Uttar Pradesh,0
2,32,1,0,0,1,1,4,0.813,20,2,0,0,0,0,1,0,0,0,0,1,0,0,0,0,0,1,0,0,0,0,0,Fraud,Kaali Billi Crew,2025-01-17,Madhya Pradesh,1
2,50,1,1,0,1,1,1,0.799,11,10,0,1,0,0,0,0,0,0,0,1,0,0,0,0,0,0,0,0,0,0,1,Extortion,Patang Syndicate,2021-03-28,Punjab,0
0,34,0,0,0,1,1,0,0.271,19,3,0,1,0,0,0,0,0,0,0,1,0,0,0,0,0,1,0,0,0,0,0,Money Laundering,None,2022-04-07,Bihar,0
2,34,1,0,0,1,1,3,0.321,17,11,0,0,0,0,1,0,0,0,0,0,1,0,0,0,0,1,0,0,0,0,0,Fraud,Neela Saanp Syndicate,2024-01-18,West Bengal,0
1,29,0,1,0,0,0,1,0.635,1,1,0,1,0,0,0,0,0,1,0,0,0,0,0,0,1,0,0,0,0,0,0,Assault,None,2018-05-08,West Bengal,0
2,33,0,0,0,0,0,0,0.136,16,2,1,0,0,0,0,0,0,1,0,0,0,0,0,0,1,0,0,0,0,0,0,Arson,None,2022-02-14,Maharashtra,0
1,40,0,0,0,1,0,0,0.431,12,1,0,0,0,0,1,0,0,0,0,1,0,0,0,0,0,1,0,0,0,0,0,Fraud,None,2018-05-18,Madhya Pradesh,0
1,26,0,0,0,0,1,0,0.443,1,3,0,0,0,0,0,1,0,0,0,1,0,0,0,0,0,0,1,0,0,0,0,Cybercrime,None,2021-01-03,Uttar Pradesh,1
0,26,0,0,0,0,0,0,0.213,21,1,0,0,1,0,0,0,0,0,1,0,0,0,1,0,0,0,0,0,0,0,0,Car Theft,None,2025-11-04,Maharashtra,1
1,24,0,0,0,0,1,0,0.107,23,2,0,0,0,0,0,1,0,0,0,0,1,0,0,0,0,0,0,1,0,0,0,Cybercrime,None,2022-12-16,Uttar Pradesh,0
4,24,0,0,0,0,0,2,0.355,2,2,0,1,0,0,0,0,0,0,0,1,0,0,0,0,1,0,0,0,0,0,0,Assault,None,2025-02-26,Gujarat,1
2,21,0,0,1,0,0,6,0.281,22,2,0,0,1,0,0,0,0,0,1,0,0,0,0,0,1,0,0,0,0,0,0,Assault,None,2025-05-24,Uttar Pradesh,0
1,29,0,0,0,1,0,1,0.38,20,2,1,0,0,0,0,0,0,1,0,0,0,0,0,0,0,1,0,0,0,0,0,Burglary,None,2018-04-12,Uttar Pradesh,0
1,37,0,0,0,1,0,0,0.381,1,6,0,1,0,0,0,0,0,0,0,1,0,0,0,0,0,1,0,0,0,0,0,Fraud,None,2025-04-07,Uttar Pradesh,0
2,46,1,0,0,1,1,0,0.635,12,4,0,1,0,0,0,0,0,0,0,1,0,0,0,0,0,1,0,0,0,0,0,Fraud,Neela Saanp Syndicate,2023-08-06,Karnataka,0
0,17,0,0,1,0,0,1,0.049,13,2,1,0,0,0,0,0,0,0,1,0,0,0,1,0,0,0,0,0,0,0,0,Vandalism,None,2021-09-15,Uttar Pradesh,0
2,20,0,0,1,1,0,2,0.731,22,4,0,0,0,1,0,0,0,0,0,1,0,0,0,0,0,0,0,0,0,1,0,Robbery,None,2019-06-19,Kerala,1
0,16,0,1,0,1,0,2,0.416,17,4,0,0,1,0,0,0,1,0,0,0,0,0,0,0,0,0,0,0,1,0,0,Kidnapping,None,2023-11-21,Uttar Pradesh,0
3,19,1,0,1,1,1,4,0.579,2,1,0,1,0,0,0,0,0,0,1,0,0,0,0,0,0,0,1,0,0,0,0,Car Theft,Kaali Billi Crew,2022-09-19,Haryana,1
1,16,1,1,0,1,1,3,0.705,17,3,0,0,1,0,0,0,0,0,0,1,0,0,0,0,1,0,0,0,0,0,0,Robbery,Lal Toofan Crew,2025-03-22,Delhi,1
2,23,0,0,0,1,1,1,0.257,23,2,0,0,1,0,0,0,0,0,1,0,0,0,1,0,0,0,0,0,0,0,0,Car Theft,None,2020-09-03,Rajasthan,0
2,40,0,0,0,1,1,0,0.078,12,2,0,0,0,0,1,0,0,0,0,1,0,0,0,0,0,1,0,0,0,0,0,Money Laundering,None,2018-07-19,Uttar Pradesh,0
3,42,1,1,0,0,0,1,0.541,21,10,0,1,0,0,0,0,0,0,0,0,0,1,0,0,0,0,0,1,0,0,0,Arms Trafficking,Kaala Bichhoo Gang,2022-01-26,Kerala,1
0,48,0,0,1,1,1,0,0.529,14,3,0,1,0,0,0,0,0,0,0,1,0,0,0,0,0,1,0,0,0,0,0,Money Laundering,None,2021-09-29,Uttar Pradesh,0
2,21,0,0,0,0,0,4,0.675,4,2,0,0,1,0,0,0,1,0,0,0,0,0,0,0,1,0,0,0,0,0,0,Assault,None,2020-04-01,Karnataka,1
2,33,1,0,0,1,0,0,0.147,8,11,0,0,0,0,0,1,0,0,0,1,0,0,0,0,0,1,0,0,0,0,0,Fraud,Neela Saanp Syndicate,2022-01-03,Karnataka,0
0,38,0,1,0,1,0,1,0.692,15,6,0,0,1,0,0,0,1,0,0,0,0,0,0,0,0,0,0,0,1,0,0,Kidnapping,None,2018-07-13,Gujarat,0
2,16,1,0,0,1,0,0,0.631,13,1,1,0,0,0,0,0,0,1,0,0,0,0,1,0,0,0,0,0,0,0,0,Burglary,Kaali Billi Crew,2021-02-23,Madhya Pradesh,0
2,16,0,0,0,1,1,0,0.485,16,2,0,0,0,0,0,1,0,0,0,0,1,0,0,0,0,0,1,0,0,0,0,Cybercrime,None,2019-06-03,Haryana,0
1,19,0,1,0,0,0,2,0.751,4,3,1,0,0,0,0,0,1,0,0,0,0,0,0,0,0,0,0,0,1,0,0,Kidnapping,None,2019-10-19,Rajasthan,1
2,38,1,1,1,1,0,2,0.55,10,17,0,1,0,0,0,0,0,0,0,0,0,1,0,0,0,0,1,0,0,0,0,Arms Trafficking,Kaala Bichhoo Gang,2023-04-10,Kerala,1
1,16,0,0,0,1,0,1,0.619,13,2,0,0,1,0,0,0,0,0,1,0,0,0,1,0,0,0,0,0,0,0,0,Car Theft,None,2021-03-25,Bihar,0
0,32,0,0,0,1,0,0,0.277,22,3,0,1,0,0,0,0,1,0,0,0,0,0,1,0,0,0,0,0,0,0,0,Burglary,None,2019-01-30,West Bengal,0
0,16,0,0,0,1,1,0,0.277,11,3,0,0,0,0,0,1,0,0,0,1,0,0,0,0,0,0,1,0,0,0,0,Cybercrime,None,2025-01-01,Rajasthan,0
3,20,0,0,0,1,0,2,0.007,21,5,0,0,0,1,0,0,0,0,0,0,0,1,0,0,0,0,0,1,0,0,0,Drug Trafficking,None,2019-04-22,Bihar,1
0,30,0,0,0,1,0,1,0.226,1,4,0,0,0,0,1,0,0,0,0,1,0,0,0,0,0,1,0,0,0,0,0,Fraud,None,2019-11-25,Uttar Pradesh,0
4,39,1,1,1,1,0,4,0.582,9,10,0,1,0,0,0,0,0,0,0,0,0,1,0,0,0,0,0,1,0,0,0,Arms Trafficking,Teen Talwar Gang,2024-07-04,Gujarat,1
4,32,1,0,0,1,0,3,0.853,12,8,1,0,0,0,0,0,1,0,0,0,0,0,0,0,0,0,0,0,0,0,1,Assault,Kaala Bichhoo Gang,2025-12-12,Kerala,1
2,23,0,1,0,1,0,6,0.436,21,2,0,0,0,1,0,0,1,0,0,0,0,0,0,0,0,0,0,0,1,0,0,Kidnapping,None,2023-03-18,Maharashtra,0
3,36,0,1,0,0,0,3,0.218,16,3,1,0,0,0,0,0,1,0,0,0,0,0,0,0,1,0,0,0,0,0,0,Assault,None,2023-01-13,Uttar Pradesh,0
0,31,0,0,0,1,0,1,0.399,12,2,0,0,0,0,0,1,0,0,0,0,0,1,0,0,0,0,0,0,0,1,0,Fraud,None,2025-12-11,Rajasthan,0
1,34,1,0,0,1,1,2,0.752,23,7,0,0,0,0,0,1,0,0,0,1,0,0,0,0,0,0,1,0,0,0,0,Cybercrime,Neela Saanp Syndicate,2021-05-05,West Bengal,1
0,33,0,0,0,1,0,3,0.379,14,4,0,0,1,0,0,0,1,0,0,0,0,0,0,0,0,0,0,0,1,0,0,Kidnapping,None,2024-01-21,West Bengal,0
0,27,0,0,1,1,1,2,0.315,21,10,0,0,0,1,0,0,0,0,0,0,0,1,0,0,0,0,0,1,0,0,0,Drug Trafficking,None,2021-12-17,West Bengal,1
1,42,0,0,1,1,0,0,0.122,14,3,0,0,0,0,0,1,0,0,0,1,0,0,0,0,0,0,1,0,0,0,0,Fraud,None,2022-09-03,Uttar Pradesh,1
0,31,0,0,0,1,0,0,0.471,11,2,0,0,0,0,0,1,0,0,0,1,0,0,0,0,0,0,1,0,0,0,0,Fraud,None,2021-12-30,Tamil Nadu,1
0,38,0,1,0,1,0,3,0.146,1,5,0,0,0,0,0,1,1,0,0,0,0,0,0,0,0,0,0,0,1,0,0,Human Trafficking,None,2023-12-18,Maharashtra,0
6,43,1,1,0,1,0,3,0.463,17,14,0,0,1,0,0,0,1,0,0,0,0,0,0,0,0,0,0,0,1,0,0,Kidnapping,Patang Syndicate,2024-05-17,Telangana,1
3,44,0,0,0,1,1,0,0.727,0,10,0,1,0,0,0,0,0,0,0,1,0,0,0,0,0,0,1,0,0,0,0,Money Laundering,None,2021-03-15,Maharashtra,1
3,36,0,1,0,0,0,5,0.42,18,1,1,0,0,0,0,0,1,0,0,0,0,0,0,0,1,0,0,0,0,0,0,Murder,None,2018-11-30,Karnataka,1
0,16,1,0,1,1,0,1,0.449,0,2,0,0,0,1,0,0,0,1,0,0,0,0,1,0,0,0,0,0,0,0,0,Burglary,Kaali Billi Crew,2019-04-02,Madhya Pradesh,0
1,28,0,0,0,1,0,2,0.387,20,4,0,1,0,0,0,0,0,0,0,1,0,0,0,0,0,0,1,0,0,0,0,Extortion,None,2023-02-03,Uttar Pradesh,1
4,23,0,0,1,0,0,1,0.408,23,1,1,0,0,0,0,0,0,1,0,0,0,0,0,0,0,0,0,0,0,1,0,Vandalism,None,2025-10-12,Maharashtra,0
2,25,1,0,0,1,0,2,0.361,21,2,1,0,0,0,0,0,0,0,0,0,0,1,0,0,0,1,0,0,0,0,0,Burglary,Kaali Billi Crew,2023-11-06,Haryana,1
1,21,0,0,0,1,0,0,0.22,3,2,0,0,1,0,0,0,0,0,1,0,0,0,1,0,0,0,0,0,0,0,0,Car Theft,None,2025-12-30,Tamil Nadu,1
2,24,0,1,0,0,0,6,0.39,20,1,1,0,0,0,0,0,1,0,0,0,0,0,0,0,1,0,0,0,0,0,0,Assault,None,2020-03-25,Bihar,1
0,36,0,0,0,1,0,0,0.11,2,0,1,0,0,0,0,0,0,1,0,0,0,0,0,0,0,0,0,0,0,1,0,Burglary,None,2021-08-08,Tamil Nadu,0
1,26,1,0,0,1,0,0,0.646,21,3,0,0,1,0,0,0,0,0,0,1,0,0,0,1,0,0,0,0,0,0,0,Robbery,Lal Toofan Crew,2022-02-22,Delhi,0
1,25,0,0,0,1,0,2,0.283,9,3,1,0,0,0,0,0,0,1,0,0,0,0,0,0,0,0,0,0,0,1,0,Arson,None,2025-02-28,Karnataka,0
3,19,0,0,0,0,0,1,0.519,1,1,0,1,0,0,0,0,0,0,1,0,0,0,1,0,0,0,0,0,0,0,0,Car Theft,None,2019-08-10,Bihar,0
0,46,0,0,0,1,0,1,0.64,8,3,0,0,0,0,0,1,0,0,0,0,1,0,0,0,0,1,0,0,0,0,0,Fraud,None,2025-05-24,Karnataka,0
1,18,0,1,0,0,0,1,0.215,9,3,0,0,1,0,0,0,0,0,0,1,0,0,1,0,0,0,0,0,0,0,0,Vandalism,None,2023-11-03,Tamil Nadu,0
1,19,1,1,0,0,0,2,0.566,1,4,0,0,1,0,0,0,0,1,0,0,0,0,0,0,0,0,0,0,0,1,0,Vandalism,Kaali Billi Crew,2021-03-23,Haryana,1
1,28,0,0,1,0,0,2,0.516,20,2,0,0,1,0,0,0,1,0,0,0,0,0,1,0,0,0,0,0,0,0,0,Assault,None,2020-04-15,Uttar Pradesh,0
1,16,1,0,0,0,0,2,0.788,4,5,0,0,1,0,0,0,0,0,1,0,0,0,1,0,0,0,0,0,0,0,0,Car Theft,Lal Toofan Crew,2024-03-04,Rajasthan,1
2,36,0,1,0,1,0,3,0.353,2,4,0,0,1,0,0,0,0,0,0,1,0,0,0,0,1,0,0,0,0,0,0,Robbery,None,2021-06-10,Maharashtra,1
2,16,0,0,0,0,0,1,0.414,4,2,1,0,0,0,0,0,0,1,0,0,0,0,1,0,0,0,0,0,0,0,0,Car Theft,None,2019-10-18,West Bengal,0
2,32,0,1,0,0,0,4,0.281,18,1,1,0,0,0,0,0,0,0,0,0,0,1,0,1,0,0,0,0,0,0,0,Assault,None,2023-01-25,Maharashtra,1
1,26,1,0,0,1,1,1,0.524,15,8,0,0,0,0,0,1,0,0,0,0,1,0,0,0,0,1,0,0,0,0,0,Cybercrime,Neela Saanp Syndicate,2019-08-08,Karnataka,0
0,26,0,0,0,1,0,2,0.326,3,3,1,0,0,0,0,0,0,0,1,0,0,0,1,0,0,0,0,0,0,0,0,Car Theft,None,2022-07-24,Tamil Nadu,0
1,21,1,0,0,1,0,0,0.322,3,5,1,0,0,0,0,0,0,1,0,0,0,0,0,1,0,0,0,0,0,0,0,Burglary,Lal Toofan Crew,2022-09-30,Delhi,1
7,50,1,0,0,1,0,3,0.676,22,9,1,0,0,0,0,0,1,0,0,0,0,0,0,0,0,0,0,0,1,0,0,Kidnapping,Patang Syndicate,2025-05-05,Telangana,1
2,32,0,0,0,1,1,1,0.402,23,1,1,0,0,0,0,0,0,0,1,0,0,0,1,0,0,0,0,0,0,0,0,Car Theft,None,2023-04-10,Gujarat,0
2,40,1,0,1,1,0,3,0.583,22,6,0,0,0,1,0,0,0,0,0,0,0,1,1,0,0,0,0,0,0,0,0,Drug Trafficking,Teen Talwar Gang,2018-02-14,Tamil Nadu,0
2,39,1,0,0,1,0,5,0.715,15,15,0,1,0,0,0,0,1,0,0,0,0,0,0,1,0,0,0,0,0,0,0,Extortion,Patang Syndicate,2022-10-06,Punjab,0
0,19,1,0,1,1,1,1,0.684,23,6,1,0,0,0,0,0,0,0,1,0,0,0,0,0,0,0,1,0,0,0,0,Car Theft,Kaali Billi Crew,2023-02-14,Haryana,1
5,29,0,1,0,0,0,4,0.544,11,5,0,0,1,0,0,0,1,0,0,0,0,0,0,1,0,0,0,0,0,0,0,Kidnapping,None,2018-12-11,Telangana,1
4,16,1,0,1,0,0,3,0.745,21,5,1,0,0,0,0,0,0,1,0,0,0,0,0,0,0,0,0,0,0,1,0,Vandalism,Kaali Billi Crew,2023-09-17,Madhya Pradesh,1
3,44,1,1,0,0,0,2,0.666,22,20,1,0,0,0,0,0,1,0,0,0,0,0,0,0,0,0,0,0,1,0,0,Kidnapping,Patang Syndicate,2021-07-11,Telangana,0
0,29,0,0,0,0,0,3,0.424,4,1,1,0,0,0,0,0,1,0,0,0,0,0,0,0,1,0,0,0,0,0,0,Assault,None,2025-05-26,West Bengal,0
1,16,1,0,0,1,0,0,0.224,23,1,1,0,0,0,0,0,0,0,0,1,0,0,1,0,0,0,0,0,0,0,0,Burglary,Lal Toofan Crew,2019-03-17,Delhi,0
2,54,0,0,0,0,0,2,0.217,16,3,0,0,1,0,0,0,0,0,0,0,0,1,0,0,0,0,0,1,0,0,0,Arms Trafficking,None,2021-07-02,Maharashtra,1
0,27,1,0,0,1,1,1,0.604,11,11,0,0,0,0,0,1,0,0,0,1,0,0,0,0,0,1,0,0,0,0,0,Money Laundering,Neela Saanp Syndicate,2022-11-20,West Bengal,0
0,16,0,0,0,1,1,0,0.258,11,0,0,0,0,0,0,1,0,0,0,1,0,0,0,0,0,0,1,0,0,0,0,Cybercrime,None,2022-02-25,West Bengal,0
1,31,0,0,1,0,0,0,0.156,23,6,0,0,1,0,0,0,0,0,0,0,0,1,0,0,0,0,0,1,0,0,0,Drug Trafficking,None,2019-07-30,Uttar Pradesh,0
1,27,0,0,1,1,1,2,0.763,20,2,0,0,0,0,0,1,0,0,0,1,0,0,0,0,0,1,0,0,0,0,0,Cybercrime,None,2018-01-29,Karnataka,0
1,37,0,1,0,1,1,1,0.634,20,3,1,0,0,0,0,0,1,0,0,0,0,0,0,0,0,0,0,0,1,0,0,Kidnapping,None,2020-12-04,West Bengal,0
0,24,0,1,0,0,0,2,0.446,18,1,1,0,0,0,0,0,0,0,0,1,0,0,0,0,1,0,0,0,0,0,0,Assault,None,2018-02-05,Punjab,0
0,31,0,1,0,1,1,0,0.588,10,2,0,1,0,0,0,0,0,0,0,0,0,1,0,0,1,0,0,0,0,0,0,Assault,None,2020-12-27,Uttar Pradesh,0
2,41,0,1,0,0,0,2,0.704,23,3,0,0,1,0,0,0,1,0,0,0,0,0,0,0,1,0,0,0,0,0,0,Assault,None,2024-04-11,Tamil Nadu,0
2,27,1,0,0,1,0,1,0.689,1,2,0,0,1,0,0,0,0,1,0,0,0,0,0,0,0,0,0,0,0,1,0,Arson,Kaali Billi Crew,2023-10-15,Haryana,0
1,24,0,0,0,1,0,0,0.303,21,1,0,1,0,0,0,0,0,0,1,0,0,0,0,0,0,0,1,0,0,0,0,Car Theft,None,2025-02-21,Uttar Pradesh,0
1,22,0,0,0,0,1,0,0.155,23,5,0,1,0,0,0,0,0,1,0,0,0,0,0,0,0,0,0,0,0,1,0,Vandalism,None,2020-07-20,Karnataka,0
4,16,0,0,0,1,0,1,0.775,3,3,0,0,1,0,0,0,0,0,1,0,0,0,0,0,0,1,0,0,0,0,0,Car Theft,None,2018-10-23,Uttar Pradesh,0
1,20,1,0,0,1,1,1,0.648,22,9,0,0,0,0,0,1,0,0,0,1,0,0,0,0,0,1,0,0,0,0,0,Cybercrime,Neela Saanp Syndicate,2023-10-15,Karnataka,0
4,18,1,0,0,1,1,0,0.473,15,8,1,0,0,0,0,0,0,0,1,0,0,0,1,0,0,0,0,0,0,0,0,Car Theft,Lal Toofan Crew,2018-03-02,Rajasthan,1
3,29,1,0,0,1,0,2,0.578,9,2,1,0,0,0,0,0,0,1,0,0,0,0,0,1,0,0,0,0,0,0,0,Burglary,Kaali Billi Crew,2018-10-31,Madhya Pradesh,0
4,31,0,0,0,0,0,2,0.573,1,0,0,0,1,0,0,0,1,0,0,0,0,0,0,0,1,0,0,0,0,0,0,Assault,None,2018-01-13,Uttar Pradesh,0
1,16,0,0,1,1,0,0,0.276,8,3,1,0,0,0,0,0,0,0,0,1,0,0,0,0,0,0,0,1,0,0,0,Drug Trafficking,None,2022-01-31,Uttar Pradesh,1
0,40,1,1,0,1,0,4,0.567,14,7,0,0,0,1,0,0,0,0,0,0,1,0,0,0,0,0,0,0,1,0,0,Kidnapping,Teen Talwar Gang,2020-01-23,Tamil Nadu,1
0,22,0,1,0,0,0,0,0.242,21,0,0,0,1,0,0,0,0,0,1,0,0,0,0,0,0,1,0,0,0,0,0,Car Theft,None,2018-03-27,Tamil Nadu,1
3,40,0,1,0,1,0,4,0.578,0,4,0,0,0,1,0,0,0,0,0,0,0,1,0,0,0,0,0,1,0,0,0,Arms Trafficking,None,2018-10-20,Telangana,0
0,31,0,0,0,1,0,0,0.323,20,0,0,0,1,0,0,0,0,0,1,0,0,0,1,0,0,0,0,0,0,0,0,Car Theft,None,2021-05-01,Madhya Pradesh,0
1,27,0,0,0,1,0,0,0.29,23,1,0,0,1,0,0,0,0,0,1,0,0,0,1,0,0,0,0,0,0,0,0,Car Theft,None,2023-07-15,Bihar,0
1,28,0,0,0,1,0,0,0.214,2,2,0,0,0,0,0,1,0,0,0,1,0,0,0,0,0,1,0,0,0,0,0,Fraud,None,2025-08-18,Madhya Pradesh,0
1,20,0,1,0,1,0,3,0.218,17,3,1,0,0,0,0,0,1,0,0,0,0,0,0,0,0,0,0,0,1,0,0,Kidnapping,None,2024-10-25,Uttar Pradesh,1
1,22,1,1,0,1,0,0,0.33,4,1,0,1,0,0,0,0,0,0,0,1,0,0,1,0,0,0,0,0,0,0,0,Burglary,Kaali Billi Crew,2020-12-25,Madhya Pradesh,1
1,23,0,0,0,0,0,1,0.405,10,1,1,0,0,0,0,0,0,0,1,0,0,0,0,0,0,0,1,0,0,0,0,Car Theft,None,2019-08-30,Bihar,0
1,20,1,0,1,1,0,1,0.742,22,5,1,0,0,0,0,0,0,0,0,0,0,1,0,0,0,0,0,1,0,0,0,Drug Trafficking,Kaali Billi Crew,2024-04-06,Madhya Pradesh,1
0,27,0,1,0,0,0,4,0.639,9,0,1,0,0,0,0,0,1,0,0,0,0,0,0,0,0,0,0,0,0,1,0,Murder,None,2025-07-11,Delhi,1
0,23,0,0,0,0,0,2,0.62,1,2,0,0,1,0,0,0,1,0,0,0,0,0,0,0,1,0,0,0,0,0,0,Assault,None,2019-11-16,Bihar,0
1,33,0,0,0,1,1,2,0.538,11,1,0,0,0,0,0,1,1,0,0,0,0,0,0,0,0,0,0,0,1,0,0,Kidnapping,None,2025-01-13,Uttar Pradesh,1
0,22,0,0,0,0,0,1,0.43,1,1,0,0,1,0,0,0,0,1,0,0,0,0,0,0,0,0,0,0,0,1,0,Arson,None,2024-01-31,Telangana,1
2,34,1,0,0,1,1,1,0.45,11,13,0,0,0,0,1,0,0,0,0,1,0,0,0,0,0,1,0,0,0,0,0,Fraud,Neela Saanp Syndicate,2019-03-11,Karnataka,1
2,27,1,0,0,0,1,1,0.35,15,11,0,0,0,0,0,1,0,0,0,0,1,0,0,0,0,0,1,0,0,0,0,Cybercrime,Neela Saanp Syndicate,2023-02-28,West Bengal,1
2,27,0,1,0,0,0,2,0.537,9,1,0,0,1,0,0,0,1,0,0,0,0,0,0,0,1,0,0,0,0,0,0,Assault,None,2025-03-11,Bihar,1
2,22,0,0,0,1,1,0,0.289,4,1,0,0,0,0,0,1,0,0,0,0,1,0,0,0,0,0,1,0,0,0,0,Cybercrime,None,2019-02-27,Uttar Pradesh,0
0,16,0,0,0,0,0,2,0.644,21,3,0,0,1,0,0,0,0,1,0,0,0,0,0,0,0,0,0,0,0,1,0,Vandalism,None,2020-08-26,Uttar Pradesh,0
1,26,0,0,0,1,0,0,0.329,2,2,0,1,0,0,0,0,0,0,1,0,0,0,1,0,0,0,0,0,0,0,0,Car Theft,None,2025-09-25,Madhya Pradesh,0
3,18,1,0,1,1,0,2,0.643,11,10,0,0,1,0,0,0,0,0,0,0,0,1,0,0,0,0,0,1,0,0,0,Drug Trafficking,Kaala Bichhoo Gang,2023-01-15,Maharashtra,1
2,25,0,1,0,1,0,2,0.283,23,1,0,0,1,0,0,0,1,0,0,0,0,0,0,0,0,0,0,0,1,0,0,Kidnapping,None,2021-09-18,Gujarat,1
1,27,0,0,0,1,1,0,0.177,16,1,0,0,0,0,0,1,0,0,0,0,1,0,0,0,0,1,0,0,0,0,0,Cybercrime,None,2020-07-10,Rajasthan,0
0,26,0,1,1,0,0,1,0.011,14,7,0,0,1,0,0,0,0,0,0,0,0,1,0,0,0,0,0,1,0,0,0,Drug Trafficking,None,2020-08-25,Uttar Pradesh,0
0,20,0,0,0,1,0,0,0.524,0,0,0,1,0,0,0,0,0,0,1,0,0,0,1,0,0,0,0,0,0,0,0,Car Theft,None,2025-11-04,Maharashtra,0
0,16,0,0,1,1,1,3,0.692,13,4,1,0,0,0,0,0,0,0,0,0,0,1,0,0,0,0,0,1,0,0,0,Drug Trafficking,None,2021-07-03,Gujarat,0
1,40,1,0,0,1,1,2,0.609,15,15,0,0,0,1,0,0,1,0,0,0,0,0,0,0,0,0,0,0,1,0,0,Human Trafficking,Patang Syndicate,2019-12-26,Punjab,0
1,28,1,0,1,1,0,0,0.421,2,12,0,0,1,0,0,0,0,0,0,0,0,1,0,0,0,0,0,1,0,0,0,Drug Trafficking,Kaala Bichhoo Gang,2023-02-26,Kerala,0
1,16,0,0,1,1,0,2,0.253,8,5,0,0,1,0,0,0,0,0,0,0,0,1,0,0,0,0,0,1,0,0,0,Drug Trafficking,None,2019-03-07,West Bengal,1
4,34,1,0,0,1,0,2,0.801,18,8,0,0,0,0,1,0,0,0,0,1,0,0,0,0,0,1,0,0,0,0,0,Money Laundering,Neela Saanp Syndicate,2024-09-02,Karnataka,1
0,21,0,0,1,1,0,1,0.64,3,6,0,1,0,0,0,0,0,0,0,0,0,1,0,0,0,0,0,1,0,0,0,Arms Trafficking,None,2022-12-25,Gujarat,1
1,28,1,1,0,0,0,3,0.429,3,10,0,0,1,0,0,0,0,0,0,1,0,0,0,0,0,0,0,1,0,0,0,Arms Trafficking,Kaala Bichhoo Gang,2023-11-06,Maharashtra,1
3,28,0,0,0,0,0,1,0.107,1,3,0,0,1,0,0,0,0,1,0,0,0,0,0,0,0,0,0,0,0,1,0,Vandalism,None,2023-04-05,West Bengal,0
3,25,0,0,0,1,0,1,0.281,20,2,1,0,0,0,0,0,0,1,0,0,0,0,1,0,0,0,0,0,0,0,0,Burglary,None,2022-03-03,Uttar Pradesh,1
0,16,1,0,1,0,0,3,0.669,0,2,0,0,1,0,0,0,0,1,0,0,0,0,0,0,0,0,0,0,0,1,0,Vandalism,Kaali Billi Crew,2019-09-05,Haryana,1
0,29,0,1,1,1,0,3,0.569,21,6,0,0,0,1,0,0,0,0,0,0,0,1,0,0,0,0,0,1,0,0,0,Arms Trafficking,None,2020-08-19,Uttar Pradesh,0
1,33,0,0,1,0,0,3,0.567,10,0,0,0,1,0,0,0,1,0,0,0,0,0,0,0,1,0,0,0,0,0,0,Assault,None,2023-01-24,Kerala,0
0,23,0,0,0,0,0,0,0.338,22,4,0,0,0,0,0,1,0,0,1,0,0,0,0,0,0,0,0,1,0,0,0,Car Theft,None,2021-03-18,Rajasthan,0
2,28,0,1,0,0,0,3,0.556,1,2,1,0,0,0,0,0,1,0,0,0,0,0,0,0,1,0,0,0,0,0,0,Murder,None,2022-09-08,Gujarat,1
2,38,1,0,1,1,0,5,0.544,9,8,0,1,0,0,0,0,0,0,0,0,0,1,0,0,0,0,0,1,0,0,0,Drug Trafficking,Kaala Bichhoo Gang,2025-01-29,Kerala,1
3,26,0,1,0,0,0,2,0.515,9,3,1,0,0,0,0,0,1,0,0,0,0,0,0,0,0,0,0,0,1,0,0,Kidnapping,None,2020-12-16,West Bengal,0
2,48,1,0,0,1,1,3,0.714,19,16,0,0,1,0,0,0,1,0,0,0,0,0,0,0,0,0,0,0,0,0,1,Kidnapping,Patang Syndicate,2023-10-02,Punjab,0
4,45,1,1,0,0,0,6,0.603,15,4,1,0,0,0,0,0,1,0,0,0,0,0,0,0,0,1,0,0,0,0,0,Murder,Teen Talwar Gang,2021-03-31,Tamil Nadu,1
2,36,0,1,0,0,0,0,0.148,22,1,0,1,0,0,0,0,0,1,0,0,0,0,0,0,0,0,0,0,0,1,0,Arson,None,2019-09-02,Uttar Pradesh,0
0,23,0,0,0,0,0,1,0.258,21,1,1,0,0,0,0,0,0,1,0,0,0,0,0,0,0,0,0,0,0,1,0,Arson,None,2025-08-17,Maharashtra,0
1,21,0,1,0,1,0,1,0.781,22,3,0,0,1,0,0,0,0,1,0,0,0,0,0,0,1,0,0,0,0,0,0,Robbery,None,2023-04-25,Gujarat,1
0,16,0,1,0,1,0,0,0.363,18,8,0,0,0,0,0,1,0,0,0,0,0,1,0,0,0,0,0,1,0,0,0,Arms Trafficking,None,2020-01-12,Maharashtra,0
1,42,0,0,0,0,0,4,0.495,14,0,0,0,1,0,0,0,0,0,0,1,0,0,0,0,1,0,0,0,0,0,0,Assault,None,2018-01-02,Delhi,0
0,37,0,1,0,1,0,0,0.294,9,2,0,0,1,0,0,0,0,0,0,1,0,0,0,1,0,0,0,0,0,0,0,Robbery,None,2025-07-24,Rajasthan,0
0,26,0,0,0,1,0,0,0.457,14,1,0,1,0,0,0,0,0,1,0,0,0,0,1,0,0,0,0,0,0,0,0,Burglary,None,2025-10-14,Maharashtra,0
3,30,0,0,0,1,0,1,0.259,20,3,0,0,1,0,0,0,0,1,0,0,0,0,0,0,0,0,0,0,0,0,1,Robbery,None,2024-01-14,Bihar,0
1,31,0,0,0,1,0,0,0.764,23,1,0,0,1,0,0,0,0,0,0,1,0,0,0,0,1,0,0,0,0,0,0,Robbery,None,2021-06-11,Uttar Pradesh,0
3,35,0,1,0,1,0,3,0.278,11,3,0,0,0,1,0,0,0,0,0,0,0,1,0,0,0,0,0,1,0,0,0,Arms Trafficking,None,2023-04-25,Rajasthan,1
0,31,0,0,1,0,0,4,0.388,11,1,1,0,0,0,0,0,1,0,0,0,0,0,0,0,1,0,0,0,0,0,0,Assault,None,2019-04-20,Tamil Nadu,1
4,39,0,1,1,1,1,4,0.484,19,1,0,0,0,0,1,0,0,0,0,0,0,1,0,0,0,0,0,1,0,0,0,Arms Trafficking,None,2019-09-20,Rajasthan,1
0,29,0,0,0,1,0,0,0.18,18,2,0,0,0,0,0,1,0,0,0,1,0,0,0,0,0,1,0,0,0,0,0,Fraud,None,2022-07-02,Gujarat,0
0,16,1,1,1,0,0,6,0.506,1,2,0,1,0,0,0,0,0,1,0,0,0,0,0,0,1,0,0,0,0,0,0,Robbery,Lal Toofan Crew,2019-01-27,Delhi,1
1,30,0,0,0,0,0,2,0.402,19,4,0,0,1,0,0,0,1,0,0,0,0,0,0,0,0,0,0,0,1,0,0,Kidnapping,None,2022-01-03,Bihar,0
2,35,0,0,0,1,1,0,0.391,9,2,0,1,0,0,0,0,0,0,0,1,0,0,0,0,0,1,0,0,0,0,0,Fraud,None,2022-11-18,Bihar,0
0,38,0,0,0,1,0,0,0.452,14,1,0,0,1,0,0,0,1,0,0,0,0,0,0,0,0,1,0,0,0,0,0,Fraud,None,2022-12-05,Bihar,0
3,40,1,0,0,1,0,0,0.315,18,6,0,0,0,0,1,0,0,0,0,1,0,0,0,0,0,1,0,0,0,0,0,Money Laundering,Neela Saanp Syndicate,2020-03-06,West Bengal,0
2,29,0,0,0,0,0,3,0.451,4,6,0,0,1,0,0,0,1,0,0,0,0,0,0,1,0,0,0,0,0,0,0,Kidnapping,None,2020-05-30,Uttar Pradesh,0
2,27,0,1,0,0,0,3,0.334,11,5,1,0,0,0,0,0,1,0,0,0,0,0,0,0,1,0,0,0,0,0,0,Murder,None,2020-04-09,Rajasthan,0
2,36,0,0,0,1,1,0,0.28,10,4,1,0,0,0,0,0,0,0,0,1,0,0,0,0,0,1,0,0,0,0,0,Fraud,None,2020-02-21,West Bengal,1
0,16,0,0,0,1,1,0,0.526,15,2,0,1,0,0,0,0,0,0,0,0,1,0,0,0,0,1,0,0,0,0,0,Cybercrime,None,2023-07-11,Maharashtra,0
4,48,0,1,0,0,0,2,0.747,9,4,0,0,1,0,0,0,1,0,0,0,0,0,0,0,1,0,0,0,0,0,0,Murder,None,2022-10-17,Madhya Pradesh,0
1,30,0,1,0,0,0,2,0.358,22,2,1,0,0,0,0,0,1,0,0,0,0,0,0,0,1,0,0,0,0,0,0,Assault,None,2025-03-03,Uttar Pradesh,1
2,32,1,1,1,1,0,1,0.508,2,3,0,0,0,1,0,0,0,0,0,0,0,1,0,0,0,0,0,1,0,0,0,Drug Trafficking,Kaala Bichhoo Gang,2020-11-06,Maharashtra,1
5,18,1,0,0,0,0,3,0.591,1,2,0,0,1,0,0,0,0,1,0,0,0,0,0,0,0,0,0,0,0,1,0,Arson,Kaali Billi Crew,2018-09-24,Haryana,1
6,36,1,1,0,1,0,5,0.753,9,8,0,0,0,0,1,0,0,0,0,1,0,0,0,0,0,0,0,0,0,0,1,Extortion,Teen Talwar Gang,2021-11-11,Gujarat,1
2,29,0,1,1,1,0,2,0.565,9,5,0,0,1,0,0,0,0,0,0,0,0,1,0,0,0,0,0,1,0,0,0,Drug Trafficking,None,2018-11-30,Rajasthan,0
0,16,0,0,0,1,0,1,0.132,23,3,0,1,0,0,0,0,0,0,1,0,0,0,1,0,0,0,0,0,0,0,0,Car Theft,None,2024-11-24,Maharashtra,0
3,29,1,0,0,1,0,3,0.742,2,6,0,0,0,0,0,1,0,0,1,0,0,0,1,0,0,0,0,0,0,0,0,Car Theft,Lal Toofan Crew,2024-01-12,Delhi,0
0,29,0,0,0,0,0,1,0.407,4,1,1,0,0,0,0,0,1,0,0,0,0,0,0,0,1,0,0,0,0,0,0,Assault,None,2023-08-16,Bihar,0
4,44,1,0,0,1,1,1,0.503,12,13,0,1,0,0,0,0,0,0,0,1,0,0,0,0,0,0,1,0,0,0,0,Fraud,Neela Saanp Syndicate,2020-12-09,Karnataka,1
0,38,0,0,0,0,0,2,0.188,2,1,0,0,1,0,0,0,1,0,0,0,0,0,0,0,1,0,0,0,0,0,0,Assault,None,2018-03-19,Haryana,0
2,33,0,0,0,1,1,0,0.441,3,1,0,0,1,0,0,0,0,0,1,0,0,0,0,0,0,1,0,0,0,0,0,Car Theft,None,2021-10-24,Gujarat,1
2,35,0,0,0,1,0,2,0.683,20,8,0,1,0,0,0,0,0,0,0,1,0,0,0,1,0,0,0,0,0,0,0,Extortion,None,2019-04-15,Rajasthan,1
1,34,0,1,0,1,0,0,0.45,12,2,0,0,0,1,0,0,0,0,0,0,0,1,0,0,0,0,0,1,0,0,0,Arms Trafficking,None,2020-11-25,Bihar,0
2,41,0,0,1,1,0,2,0.357,9,3,0,0,1,0,0,0,1,0,0,0,0,0,0,0,0,0,0,0,1,0,0,Human Trafficking,None,2018-02-08,Rajasthan,0
0,35,0,0,0,0,0,2,0.381,1,2,0,1,0,0,0,0,1,0,0,0,0,0,0,0,1,0,0,0,0,0,0,Assault,None,2018-03-06,West Bengal,0
1,16,0,0,0,1,0,1,0.591,2,4,0,0,1,0,0,0,0,0,0,1,0,0,0,1,0,0,0,0,0,0,0,Robbery,None,2023-10-16,Uttar Pradesh,1
1,33,0,0,0,0,0,2,0.295,21,4,0,0,1,0,0,0,1,0,0,0,0,0,0,0,1,0,0,0,0,0,0,Assault,None,2021-06-18,Uttar Pradesh,1
1,17,1,0,0,1,0,2,0.26,21,2,0,1,0,0,0,0,0,1,0,0,0,0,0,0,0,1,0,0,0,0,0,Burglary,Lal Toofan Crew,2018-09-15,Delhi,1
4,26,0,0,0,0,0,2,0.488,21,6,0,0,0,1,0,0,0,0,0,1,0,0,0,0,0,0,0,0,0,0,1,Human Trafficking,None,2022-09-21,Karnataka,1
1,16,1,0,0,1,1,1,0.722,12,6,0,0,0,0,0,1,0,0,0,0,1,0,0,0,0,1,0,0,0,0,0,Cybercrime,Neela Saanp Syndicate,2024-04-22,Karnataka,0
1,23,0,1,0,1,0,5,0.599,3,3,0,0,1,0,0,0,1,0,0,0,0,0,0,0,0,0,0,0,1,0,0,Kidnapping,None,2022-07-20,West Bengal,1
2,31,0,0,0,1,0,0,0.589,22,3,1,0,0,0,0,0,0,1,0,0,0,0,0,0,0,0,0,0,0,1,0,Arson,None,2020-02-02,Delhi,1
0,32,0,1,0,1,0,0,0.057,23,2,1,0,0,0,0,0,0,1,0,0,0,0,1,0,0,0,0,0,0,0,0,Burglary,None,2021-01-18,Bihar,1
0,20,0,0,0,1,0,0,0.242,1,2,0,0,1,0,0,0,0,0,1,0,0,0,1,0,0,0,0,0,0,0,0,Car Theft,None,2025-10-10,Uttar Pradesh,0
4,32,0,1,1,0,1,5,0.692,3,5,0,0,1,0,0,0,1,0,0,0,0,0,0,0,0,0,0,1,0,0,0,Assault,None,2018-06-07,Uttar Pradesh,1
3,27,0,1,0,1,0,8,0.479,0,4,0,0,0,1,0,0,0,0,0,1,0,0,0,0,0,0,0,0,0,0,1,Kidnapping,None,2019-04-05,Uttar Pradesh,1
2,16,1,0,0,1,0,4,0.421,12,2,1,0,0,0,0,0,0,1,0,0,0,0,1,0,0,0,0,0,0,0,0,Burglary,Lal Toofan Crew,2019-06-18,Delhi,1
1,31,0,0,0,0,0,1,0.862,9,2,1,0,0,0,0,0,1,0,0,0,0,0,0,0,1,0,0,0,0,0,0,Assault,None,2018-12-04,Maharashtra,0
0,36,0,0,0,1,0,0,0.207,8,4,0,0,0,0,1,0,0,0,0,0,1,0,0,0,0,1,0,0,0,0,0,Fraud,None,2019-05-21,Gujarat,0
1,18,1,0,1,1,0,1,0.274,13,4,0,0,1,0,0,0,0,0,1,0,0,0,0,0,0,0,0,0,0,1,0,Vandalism,Kaali Billi Crew,2018-02-02,Haryana,0
1,23,0,0,0,1,0,2,0.561,2,5,0,1,0,0,0,0,0,0,0,0,0,1,0,0,0,0,0,1,0,0,0,Drug Trafficking,None,2019-11-27,Uttar Pradesh,0
0,25,0,0,0,1,0,1,0.313,21,2,0,1,0,0,0,0,0,0,1,0,0,0,1,0,0,0,0,0,0,0,0,Car Theft,None,2018-12-30,West Bengal,0
0,25,0,1,0,0,0,2,0.634,20,3,0,0,0,0,0,1,1,0,0,0,0,0,0,0,1,0,0,0,0,0,0,Assault,None,2021-12-10,Punjab,0
1,16,0,0,0,1,1,0,0.138,13,1,0,0,0,0,0,1,0,0,0,0,1,0,0,0,0,0,1,0,0,0,0,Cybercrime,None,2022-11-26,Karnataka,0
2,27,0,1,1,0,0,2,0.449,14,2,0,0,1,0,0,0,1,0,0,0,0,0,0,0,1,0,0,0,0,0,0,Assault,None,2019-04-27,Karnataka,1
0,19,0,1,0,0,1,1,0.378,17,5,0,1,0,0,0,0,0,0,0,0,1,0,0,0,0,0,0,0,0,0,1,Extortion,None,2025-09-25,Maharashtra,1
1,22,0,0,0,1,1,0,0.265,21,3,1,0,0,0,0,0,0,0,1,0,0,0,1,0,0,0,0,0,0,0,0,Car Theft,None,2024-12-29,Bihar,0
3,42,0,0,0,1,0,1,0.198,3,1,1,0,0,0,0,0,0,0,0,0,1,0,0,0,0,0,0,0,1,0,0,Fraud,None,2019-05-01,Maharashtra,0
1,43,1,1,0,1,0,1,0.683,20,6,0,1,0,0,0,0,0,0,0,0,0,1,0,0,0,0,0,1,0,0,0,Arms Trafficking,Teen Talwar Gang,2020-11-16,Tamil Nadu,1
2,38,1,0,0,1,1,1,0.442,17,9,0,0,0,0,1,0,0,0,0,1,0,0,0,1,0,0,0,0,0,0,0,Fraud,Neela Saanp Syndicate,2020-06-28,West Bengal,1
0,29,0,0,0,1,0,0,0.486,20,5,0,0,1,0,0,0,0,0,1,0,0,0,1,0,0,0,0,0,0,0,0,Car Theft,None,2025-07-25,Madhya Pradesh,1
2,16,1,0,0,1,0,1,0.559,23,2,1,0,0,0,0,0,0,1,0,0,0,0,1,0,0,0,0,0,0,0,0,Burglary,Kaali Billi Crew,2018-04-13,Haryana,0
3,16,1,0,0,1,0,2,0.612,22,5,1,0,0,0,0,0,0,0,1,0,0,0,1,0,0,0,0,0,0,0,0,Car Theft,Lal Toofan Crew,2025-01-23,Rajasthan,1
5,20,0,0,0,1,0,6,0.543,2,4,0,0,1,0,0,0,1,0,0,0,0,0,0,0,0,0,0,0,1,0,0,Kidnapping,None,2022-06-06,Uttar Pradesh,1
3,40,1,0,0,0,1,2,0.485,9,10,0,0,1,0,0,0,0,1,0,0,0,0,0,0,0,0,0,0,0,1,0,Arson,Neela Saanp Syndicate,2019-12-21,West Bengal,0
2,43,1,0,0,1,1,2,0.6,19,9,0,0,0,0,0,1,0,0,0,1,0,0,0,0,0,1,0,0,0,0,0,Money Laundering,Neela Saanp Syndicate,2025-09-13,West Bengal,0
2,38,0,0,0,1,0,0,0.341,22,4,0,0,0,0,0,1,0,1,0,0,0,0,0,0,0,0,0,0,1,0,0,Fraud,None,2022-08-15,Rajasthan,0
4,16,1,1,1,1,0,3,0.541,8,2,0,0,1,0,0,0,0,0,0,0,0,1,0,1,0,0,0,0,0,0,0,Robbery,Kaali Billi Crew,2025-07-20,Madhya Pradesh,1
0,47,1,0,0,1,1,1,0.695,4,4,0,0,0,0,1,0,0,0,0,1,0,0,0,0,0,1,0,0,0,0,0,Money Laundering,Kaala Bichhoo Gang,2024-12-13,Maharashtra,0
3,48,1,0,0,1,1,2,0.667,9,5,0,0,0,0,1,0,0,0,0,1,0,0,0,0,0,1,0,0,0,0,0,Money Laundering,Kaala Bichhoo Gang,2021-08-30,Kerala,1
2,32,0,1,0,1,1,3,0.064,11,5,1,0,0,0,0,0,0,0,1,0,0,0,0,1,0,0,0,0,0,0,0,Kidnapping,None,2021-08-06,West Bengal,0
0,26,0,0,0,1,0,0,0.545,15,1,0,1,0,0,0,0,0,0,0,1,0,0,0,0,0,1,0,0,0,0,0,Fraud,None,2022-04-25,Karnataka,1
0,16,0,0,0,1,0,0,0.496,17,2,0,0,1,0,0,0,0,0,1,0,0,0,1,0,0,0,0,0,0,0,0,Car Theft,None,2021-08-08,Tamil Nadu,0
2,33,1,1,0,1,0,1,0.643,17,9,0,0,0,1,0,0,0,0,0,0,0,1,0,0,0,1,0,0,0,0,0,Arms Trafficking,Kaala Bichhoo Gang,2021-12-31,Kerala,1
7,47,1,0,0,1,1,2,0.785,14,13,0,0,0,1,0,0,1,0,0,0,0,0,0,0,0,0,0,0,1,0,0,Kidnapping,Patang Syndicate,2022-06-07,Telangana,1
5,42,1,1,0,1,0,5,0.632,22,5,0,1,0,0,0,0,0,0,0,0,0,1,0,0,0,0,0,1,0,0,0,Arms Trafficking,Teen Talwar Gang,2018-04-30,Tamil Nadu,1
1,35,0,0,1,0,0,3,0.299,9,6,0,0,0,1,0,0,0,0,1,0,0,0,0,0,0,0,0,1,0,0,0,Drug Trafficking,None,2025-06-05,Uttar Pradesh,0
3,22,1,0,0,0,0,1,0.656,1,7,0,1,0,0,0,0,0,1,0,0,0,0,0,0,0,0,0,0,0,1,0,Arson,Neela Saanp Syndicate,2019-10-29,Karnataka,1
1,16,1,0,0,1,0,1,0.537,17,4,1,0,0,0,0,0,0,0,1,0,0,0,0,0,0,0,1,0,0,0,0,Car Theft,Lal Toofan Crew,2018-04-28,Delhi,1
1,34,0,0,0,1,0,1,0.769,19,0,0,1,0,0,0,0,0,0,0,1,0,0,0,0,0,1,0,0,0,0,0,Fraud,None,2023-02-03,Maharashtra,0
1,16,0,1,0,1,0,2,0.571,0,7,0,0,1,0,0,0,1,0,0,0,0,0,0,0,0,0,0,0,1,0,0,Kidnapping,None,2024-10-21,Uttar Pradesh,1
2,23,0,1,0,1,0,6,0.231,13,2,0,0,1,0,0,0,0,0,0,1,0,0,0,0,0,0,0,0,0,0,1,Extortion,None,2021-10-09,Telangana,1
2,16,1,0,0,1,1,0,0.422,3,12,0,0,1,0,0,0,0,0,1,0,0,0,0,0,0,1,0,0,0,0,0,Car Theft,Neela Saanp Syndicate,2021-03-02,Karnataka,1
0,24,0,0,0,1,1,0,0.587,18,3,0,0,0,0,0,1,0,0,0,1,0,0,0,0,0,0,1,0,0,0,0,Cybercrime,None,2018-01-08,Delhi,0
2,30,0,0,0,0,0,3,0.863,0,4,0,0,1,0,0,0,0,1,0,0,0,0,0,0,1,0,0,0,0,0,0,Assault,None,2020-02-01,Karnataka,1
3,28,0,0,0,0,0,2,0.609,1,1,0,1,0,0,0,0,0,1,0,0,0,0,0,0,0,0,0,0,0,1,0,Arson,None,2024-04-19,Karnataka,0
0,16,0,0,0,0,0,0,0.154,0,3,0,1,0,0,0,0,0,0,1,0,0,0,1,0,0,0,0,0,0,0,0,Car Theft,None,2020-10-30,Tamil Nadu,0
4,30,1,1,0,1,1,1,0.369,9,14,0,0,0,1,0,0,0,0,0,1,0,0,0,0,0,0,0,0,1,0,0,Human Trafficking,Patang Syndicate,2020-12-20,Punjab,1
0,42,0,0,0,1,0,0,0.099,17,2,1,0,0,0,0,0,0,0,0,1,0,0,0,0,0,1,0,0,0,0,0,Fraud,None,2020-09-25,Uttar Pradesh,0
2,16,0,1,0,0,0,1,0.229,13,4,0,1,0,0,0,0,0,0,0,0,1,0,0,0,1,0,0,0,0,0,0,Robbery,None,2024-05-06,Rajasthan,1
0,16,0,0,0,1,1,2,0.489,18,2,0,0,1,0,0,0,0,0,1,0,0,0,0,0,0,1,0,0,0,0,0,Car Theft,None,2025-07-05,Punjab,0
1,32,1,0,1,1,0,1,0.603,1,10,0,0,0,1,0,0,0,0,0,0,0,1,0,0,0,1,0,0,0,0,0,Drug Trafficking,Kaala Bichhoo Gang,2024-04-04,Kerala,1
2,26,0,0,0,0,0,4,0.205,2,4,1,0,0,0,0,0,1,0,0,0,0,0,0,1,0,0,0,0,0,0,0,Murder,None,2018-04-11,Uttar Pradesh,1
2,34,0,1,1,1,1,3,0.307,13,6,0,0,1,0,0,0,0,0,0,0,0,1,0,0,0,0,0,1,0,0,0,Arms Trafficking,None,2022-07-18,Maharashtra,0
3,40,0,0,0,1,1,0,0.277,12,3,0,0,0,0,1,0,0,0,0,0,0,1,0,0,0,1,0,0,0,0,0,Fraud,None,2022-10-21,Tamil Nadu,0
2,25,0,0,0,0,0,2,0.255,20,1,0,1,0,0,0,0,0,1,0,0,0,0,0,0,0,0,0,0,0,1,0,Arson,None,2021-09-16,Uttar Pradesh,0
0,52,0,0,0,1,0,0,0.296,18,1,0,0,0,0,0,1,0,0,0,1,0,0,0,0,0,0,1,0,0,0,0,Fraud,None,2022-12-19,Maharashtra,0
0,25,0,0,0,1,0,0,0.277,3,3,0,0,1,0,0,0,0,0,1,0,0,0,1,0,0,0,0,0,0,0,0,Car Theft,None,2020-09-24,West Bengal,0
2,38,0,1,0,1,0,4,0.612,13,5,0,1,0,0,0,0,1,0,0,0,0,0,0,0,0,0,0,0,1,0,0,Kidnapping,None,2021-09-07,Rajasthan,1
2,16,0,0,0,0,0,1,0.79,22,4,0,1,0,0,0,0,1,0,0,0,0,0,0,0,1,0,0,0,0,0,0,Assault,None,2024-09-29,Karnataka,1
5,31,1,0,0,1,0,1,0.651,20,4,0,0,0,0,1,0,0,1,0,0,0,0,1,0,0,0,0,0,0,0,0,Burglary,Lal Toofan Crew,2025-01-08,Delhi,1
1,19,1,0,1,1,0,1,0.653,8,4,0,1,0,0,0,0,0,1,0,0,0,0,1,0,0,0,0,0,0,0,0,Burglary,Kaali Billi Crew,2018-09-12,Haryana,0
0,35,0,0,0,0,1,0,0.364,3,2,0,0,1,0,0,0,0,0,1,0,0,0,0,0,0,0,1,0,0,0,0,Car Theft,None,2025-07-22,Bihar,0
2,47,0,0,1,1,0,1,0.39,15,3,0,1,0,0,0,0,0,0,0,1,0,0,0,0,0,1,0,0,0,0,0,Fraud,None,2021-11-11,West Bengal,0
3,21,1,1,0,0,0,1,0.598,16,3,1,0,0,0,0,0,0,1,0,0,0,0,1,0,0,0,0,0,0,0,0,Burglary,Lal Toofan Crew,2020-09-14,Delhi,0
1,38,0,0,1,1,0,2,0.05,2,8,0,0,0,1,0,0,0,0,0,0,0,1,0,0,0,1,0,0,0,0,0,Drug Trafficking,None,2022-08-23,Madhya Pradesh,0
1,35,0,1,0,1,1,1,0.471,1,3,0,0,0,1,0,0,0,0,0,0,0,1,0,0,0,0,0,1,0,0,0,Arms Trafficking,None,2021-03-23,Uttar Pradesh,0
5,28,1,1,0,1,0,4,0.526,3,6,0,0,1,0,0,0,0,0,0,1,0,0,0,1,0,0,0,0,0,0,0,Robbery,Lal Toofan Crew,2021-06-29,Delhi,1
2,16,1,0,0,0,0,3,0.628,17,3,1,0,0,0,0,0,0,1,0,0,0,0,0,0,0,0,0,0,0,1,0,Arson,Kaali Billi Crew,2023-06-07,Madhya Pradesh,1
2,35,1,0,1,1,0,2,0.5,16,11,0,0,0,1,0,0,0,0,0,0,0,1,0,0,0,0,0,1,0,0,0,Drug Trafficking,Kaala Bichhoo Gang,2021-09-27,Kerala,0
0,16,1,1,0,1,0,2,0.399,23,7,0,0,1,0,0,0,0,0,1,0,0,0,1,0,0,0,0,0,0,0,0,Car Theft,Lal Toofan Crew,2022-06-18,Rajasthan,0
2,28,1,1,0,1,0,1,0.393,21,4,0,0,1,0,0,0,0,0,1,0,0,0,0,0,0,0,0,1,0,0,0,Car Theft,Lal Toofan Crew,2022-08-01,Delhi,1
2,33,1,1,1,1,1,2,0.478,11,9,0,0,0,1,0,0,0,0,0,0,0,1,0,0,0,0,0,1,0,0,0,Drug Trafficking,Teen Talwar Gang,2025-03-02,Tamil Nadu,1
4,36,0,1,1,1,0,2,0.171,13,6,0,0,0,1,0,0,0,0,0,0,1,0,0,0,0,0,0,1,0,0,0,Arms Trafficking,None,2019-09-17,Tamil Nadu,1
1,23,0,1,0,0,0,1,0.606,15,6,0,0,1,0,0,0,1,0,0,0,0,0,0,0,0,0,0,0,0,1,0,Kidnapping,None,2022-04-30,Telangana,0
7,39,0,0,0,1,1,1,0.528,10,3,0,0,0,0,1,0,0,0,0,0,1,0,0,0,0,0,1,0,0,0,0,Fraud,None,2022-04-07,Maharashtra,1
1,24,0,0,0,1,1,0,0.154,21,2,0,1,0,0,0,0,0,0,1,0,0,0,0,0,0,0,1,0,0,0,0,Car Theft,None,2019-12-24,Uttar Pradesh,0
0,25,0,0,0,1,1,0,0.537,1,1,0,0,1,0,0,0,0,0,1,0,0,0,0,0,0,1,0,0,0,0,0,Car Theft,None,2022-03-31,Rajasthan,0
0,26,0,0,0,1,1,0,0.098,10,1,0,0,0,0,0,1,0,0,0,0,1,0,0,0,0,1,0,0,0,0,0,Cybercrime,None,2025-05-31,Karnataka,0
3,26,1,1,0,0,0,0,0.325,22,9,0,0,0,1,0,0,0,0,1,0,0,0,0,0,0,0,0,1,0,0,0,Arms Trafficking,Kaala Bichhoo Gang,2022-03-27,Kerala,0
0,16,0,0,0,1,0,0,0.619,22,3,1,0,0,0,0,0,0,1,0,0,0,0,1,0,0,0,0,0,0,0,0,Burglary,None,2021-11-20,Maharashtra,0
0,27,0,1,1,1,0,2,0.385,10,5,0,1,0,0,0,0,0,0,0,0,0,1,0,1,0,0,0,0,0,0,0,Robbery,None,2020-03-19,Bihar,0
1,27,0,0,1,0,0,3,0.334,14,0,0,0,0,1,0,0,1,0,0,0,0,0,0,1,0,0,0,0,0,0,0,Murder,None,2025-01-10,Punjab,1
0,38,0,1,0,1,0,0,0.534,14,3,0,0,0,0,1,0,1,0,0,0,0,0,0,1,0,0,0,0,0,0,0,Kidnapping,None,2023-07-21,Rajasthan,0
2,37,0,1,0,1,0,3,0.496,2,3,0,1,0,0,0,0,0,0,0,0,0,1,0,0,0,0,0,1,0,0,0,Arms Trafficking,None,2024-09-29,Bihar,0
3,26,0,1,1,0,0,1,0.373,1,2,0,0,1,0,0,0,0,0,0,1,0,0,0,0,0,0,0,0,1,0,0,Robbery,None,2024-01-10,Uttar Pradesh,1
1,31,0,1,1,1,0,1,0.187,17,1,0,1,0,0,0,0,0,0,0,0,0,1,0,0,0,0,0,1,0,0,0,Drug Trafficking,None,2021-08-21,Rajasthan,0
0,24,0,0,1,1,0,1,0.247,19,1,0,1,0,0,0,0,0,0,1,0,0,0,0,0,0,1,0,0,0,0,0,Car Theft,None,2022-08-13,Karnataka,1
0,34,0,1,0,0,0,3,0.382,1,0,0,0,0,0,0,1,0,0,0,1,0,0,0,0,1,0,0,0,0,0,0,Murder,None,2021-12-27,Bihar,0
1,32,0,0,0,1,0,0,0.384,16,0,0,0,0,0,1,0,0,0,0,1,0,0,0,0,0,1,0,0,0,0,0,Fraud,None,2024-04-16,Uttar Pradesh,1
1,37,0,1,0,1,0,2,0.524,1,3,0,0,1,0,0,0,1,0,0,0,0,0,0,0,0,0,0,0,1,0,0,Kidnapping,None,2020-11-10,West Bengal,0
1,60,0,0,0,1,1,0,0.377,11,4,1,0,0,0,0,0,0,0,0,1,0,0,0,0,0,1,0,0,0,0,0,Money Laundering,None,2020-12-15,Uttar Pradesh,0
5,33,0,1,1,1,0,9,0.532,4,0,1,0,0,0,0,0,1,0,0,0,0,0,0,0,1,0,0,0,0,0,0,Murder,None,2019-04-12,Rajasthan,1
1,38,0,0,1,0,0,2,0.429,4,1,1,0,0,0,0,0,1,0,0,0,0,0,0,0,1,0,0,0,0,0,0,Assault,None,2019-10-23,West Bengal,0
1,25,0,0,0,0,1,0,0.364,15,0,0,0,0,0,0,1,0,0,0,0,1,0,0,0,0,0,1,0,0,0,0,Cybercrime,None,2025-07-13,Gujarat,0
2,26,0,1,0,0,1,0,0.601,23,1,0,0,1,0,0,0,0,0,1,0,0,0,0,0,0,0,1,0,0,0,0,Car Theft,None,2025-06-24,Gujarat,0
0,38,0,1,0,1,0,1,0.653,19,9,0,0,0,1,0,0,0,0,0,0,0,1,0,0,0,0,0,1,0,0,0,Arms Trafficking,None,2022-01-16,Rajasthan,0
4,26,0,1,0,1,0,2,0.221,11,3,0,1,0,0,0,0,0,0,0,1,0,0,0,0,0,0,0,0,0,0,1,Extortion,None,2019-01-24,West Bengal,1
0,20,0,0,0,0,0,0,0.138,11,3,1,0,0,0,0,0,0,0,1,0,0,0,1,0,0,0,0,0,0,0,0,Car Theft,None,2023-10-04,Madhya Pradesh,0
0,31,0,0,0,0,1,0,0.384,0,1,0,0,0,0,1,0,0,1,0,0,0,0,0,0,0,0,1,0,0,0,0,Cybercrime,None,2021-09-08,Kerala,0
1,27,0,1,1,1,0,4,0.292,18,5,1,0,0,0,0,0,0,0,0,0,0,1,0,0,0,0,0,1,0,0,0,Arms Trafficking,None,2021-12-28,Punjab,0
1,18,0,1,1,1,0,3,0.359,1,16,0,0,1,0,0,0,0,0,1,0,0,0,0,0,0,0,0,1,0,0,0,Arms Trafficking,None,2018-02-16,Maharashtra,0
0,16,0,0,0,1,1,0,0.578,11,4,0,0,1,0,0,0,0,0,1,0,0,0,1,0,0,0,0,0,0,0,0,Car Theft,None,2020-11-16,Madhya Pradesh,0
1,32,0,0,0,1,1,0,0.504,12,2,0,1,0,0,0,0,0,0,0,1,0,0,0,0,0,1,0,0,0,0,0,Fraud,None,2023-11-11,Tamil Nadu,0
0,24,0,0,0,1,1,0,0.417,18,2,0,0,0,0,0,1,0,0,0,0,1,0,0,0,0,0,1,0,0,0,0,Cybercrime,None,2019-06-26,Bihar,0
0,17,0,0,0,1,0,1,0.345,3,2,0,1,0,0,0,0,0,1,0,0,0,0,1,0,0,0,0,0,0,0,0,Burglary,None,2021-10-17,Bihar,0
2,43,1,0,0,1,0,2,0.68,9,6,1,0,0,0,0,0,0,0,0,1,0,0,0,0,0,0,0,0,1,0,0,Extortion,Teen Talwar Gang,2024-10-09,Tamil Nadu,0
3,45,1,0,0,1,1,3,0.643,8,8,0,0,0,0,1,0,1,0,0,0,0,0,0,0,0,1,0,0,0,0,0,Money Laundering,Kaala Bichhoo Gang,2019-06-02,Maharashtra,1
2,20,0,0,1,1,0,2,0.199,19,5,0,0,0,1,0,0,0,0,0,0,0,1,0,0,0,1,0,0,0,0,0,Drug Trafficking,None,2023-06-29,West Bengal,0
3,30,0,1,1,1,0,3,0.203,20,4,0,0,0,1,0,0,0,0,0,0,0,1,0,0,0,0,0,1,0,0,0,Drug Trafficking,None,2024-01-24,Uttar Pradesh,0
1,29,0,1,1,1,1,2,0.787,14,5,1,0,0,0,0,0,0,0,0,0,0,1,0,0,0,0,0,1,0,0,0,Drug Trafficking,None,2020-12-08,Tamil Nadu,1
1,36,0,0,0,1,1,3,0.113,22,7,0,0,0,0,0,1,1,0,0,0,0,0,0,0,0,1,0,0,0,0,0,Human Trafficking,None,2019-10-14,Uttar Pradesh,1
5,30,1,1,1,1,0,8,0.782,22,8,0,0,0,1,0,0,0,0,0,1,0,0,0,0,0,0,0,1,0,0,0,Arms Trafficking,Teen Talwar Gang,2024-02-04,Gujarat,1
2,16,0,1,0,1,0,1,0.655,10,1,0,0,1,0,0,0,0,0,0,0,0,1,0,0,0,0,1,0,0,0,0,Arms Trafficking,None,2020-02-12,Kerala,0
3,37,0,1,0,1,0,5,0.637,1,5,0,0,0,1,0,0,1,0,0,0,0,0,0,1,0,0,0,0,0,0,0,Arms Trafficking,None,2021-03-17,Madhya Pradesh,1
1,21,0,0,0,0,0,4,0.405,2,2,1,0,0,0,0,0,0,1,0,0,0,0,0,0,0,0,0,0,0,1,0,Arson,None,2019-09-06,Rajasthan,1
0,29,0,0,0,0,1,0,0.322,9,0,0,0,0,0,0,1,0,0,0,1,0,0,0,0,0,0,1,0,0,0,0,Cybercrime,None,2019-03-17,Madhya Pradesh,0
3,16,1,0,0,0,0,0,0.312,23,4,0,1,0,0,0,0,0,1,0,0,0,0,0,0,0,0,0,0,0,1,0,Vandalism,Kaali Billi Crew,2022-05-02,Haryana,1
1,20,0,0,0,1,1,1,0.268,0,3,1,0,0,0,0,0,0,0,1,0,0,0,1,0,0,0,0,0,0,0,0,Car Theft,None,2021-08-10,Kerala,0
2,38,1,0,1,1,0,3,0.652,19,11,0,0,0,1,0,0,0,0,0,0,0,1,0,0,0,0,0,1,0,0,0,Drug Trafficking,Kaala Bichhoo Gang,2025-12-29,Maharashtra,1
1,16,0,1,0,0,0,1,0.609,1,3,0,0,1,0,0,0,0,1,0,0,0,0,0,0,0,0,0,0,0,1,0,Vandalism,None,2024-08-04,Karnataka,1
1,27,0,0,0,1,1,0,0.397,12,2,0,0,0,0,0,1,0,0,0,1,0,0,0,0,0,1,0,0,0,0,0,Cybercrime,None,2019-08-14,Tamil Nadu,0
5,39,1,1,1,1,0,3,0.462,8,6,0,0,1,0,0,0,0,0,0,0,0,1,0,0,0,0,0,1,0,0,0,Drug Trafficking,Kaala Bichhoo Gang,2023-06-17,Kerala,1
2,19,0,0,0,1,0,1,0.097,8,1,0,0,1,0,0,0,0,1,0,0,0,0,0,0,0,0,1,0,0,0,0,Car Theft,None,2021-02-28,Bihar,0
1,19,0,0,1,0,0,2,0.461,3,3,0,0,1,0,0,0,0,1,0,0,0,0,0,0,0,0,0,0,0,1,0,Vandalism,None,2024-07-19,Punjab,0
0,29,0,1,0,1,0,3,0.245,17,4,1,0,0,0,0,0,0,0,0,1,0,0,0,0,0,0,0,0,1,0,0,Kidnapping,None,2022-12-15,Uttar Pradesh,0
1,26,0,0,1,0,0,1,0.65,0,3,0,1,0,0,0,0,0,1,0,0,0,0,0,0,0,0,0,0,0,1,0,Vandalism,None,2018-03-11,Karnataka,1
2,27,0,0,0,1,1,0,0.211,16,2,0,0,0,0,0,1,0,0,0,1,0,0,0,0,0,0,1,0,0,0,0,Cybercrime,None,2020-03-12,Bihar,1
4,49,1,0,0,1,1,0,0.676,23,15,1,0,0,0,0,0,0,0,0,1,0,0,0,0,0,1,0,0,0,0,0,Fraud,Neela Saanp Syndicate,2022-04-23,Karnataka,1
0,20,0,0,0,0,0,0,0.277,12,6,1,0,0,0,0,0,0,0,1,0,0,0,0,0,0,0,0,0,0,1,0,Vandalism,None,2018-03-12,Uttar Pradesh,0
0,16,0,0,0,1,1,0,0.438,16,0,0,0,0,0,0,1,0,0,0,0,0,1,0,0,0,1,0,0,0,0,0,Cybercrime,None,2025-08-25,Delhi,0
1,30,0,0,0,1,0,2,0.557,14,4,0,0,1,0,0,0,0,0,0,1,0,0,0,0,1,0,0,0,0,0,0,Robbery,None,2022-07-14,Bihar,0
3,29,0,1,1,0,0,2,0.672,21,0,0,1,0,0,0,0,1,0,0,0,0,0,0,0,1,0,0,0,0,0,0,Assault,None,2019-09-04,Karnataka,0
1,36,0,0,0,1,1,0,0.113,12,1,0,0,0,0,0,1,0,0,0,1,0,0,0,0,0,0,1,0,0,0,0,Fraud,None,2025-03-03,Bihar,0
2,38,1,0,1,1,0,1,0.509,1,5,0,0,0,1,0,0,0,0,0,0,0,1,0,0,0,0,0,1,0,0,0,Drug Trafficking,Kaala Bichhoo Gang,2020-04-25,Maharashtra,1
0,26,0,1,1,1,0,1,0.157,12,7,0,0,0,1,0,0,0,0,0,0,0,1,0,0,0,0,0,1,0,0,0,Drug Trafficking,None,2022-12-27,Tamil Nadu,0
3,31,0,1,1,1,0,6,0.461,21,2,0,0,0,1,0,0,1,0,0,0,0,0,0,0,0,0,0,0,1,0,0,Kidnapping,None,2021-08-10,Uttar Pradesh,1
0,16,0,0,1,1,0,0,0.452,21,2,0,1,0,0,0,0,0,1,0,0,0,0,1,0,0,0,0,0,0,0,0,Vandalism,None,2018-02-26,Madhya Pradesh,0
4,39,0,1,0,0,0,2,0.76,18,1,0,0,0,1,0,0,1,0,0,0,0,0,0,1,0,0,0,0,0,0,0,Murder,None,2025-09-11,Karnataka,0
1,21,1,0,0,1,1,1,0.743,23,7,0,0,0,0,0,1,0,1,0,0,0,0,0,0,0,0,1,0,0,0,0,Cybercrime,Neela Saanp Syndicate,2019-08-10,West Bengal,1
1,28,0,1,0,0,0,2,0.317,19,2,1,0,0,0,0,0,0,1,0,0,0,0,0,0,1,0,0,0,0,0,0,Murder,None,2018-02-23,Maharashtra,1
2,24,0,0,0,0,0,1,0.835,0,3,0,0,1,0,0,0,0,0,0,0,0,1,0,0,0,0,0,1,0,0,0,Arms Trafficking,None,2018-08-30,Karnataka,1
1,41,0,0,0,1,1,0,0.081,9,1,0,0,0,0,1,0,0,1,0,0,0,0,0,0,0,1,0,0,0,0,0,Fraud,None,2019-05-25,Bihar,0
2,24,0,1,0,0,0,4,0.197,21,2,1,0,0,0,0,0,1,0,0,0,0,0,0,0,1,0,0,0,0,0,0,Assault,None,2025-03-20,Gujarat,1
0,26,0,0,0,1,0,1,0.487,20,4,0,0,0,0,1,0,0,0,1,0,0,0,1,0,0,0,0,0,0,0,0,Car Theft,None,2023-03-10,Uttar Pradesh,1
2,26,0,0,0,0,0,2,0.371,12,7,1,0,0,0,0,0,1,0,0,0,0,0,0,0,1,0,0,0,0,0,0,Murder,None,2021-02-23,Rajasthan,0
1,33,0,1,1,0,0,1,0.433,0,1,0,0,1,0,0,0,1,0,0,0,0,0,1,0,0,0,0,0,0,0,0,Assault,None,2022-06-12,Rajasthan,1
2,47,0,1,0,1,1,1,0.204,0,4,0,0,0,1,0,0,0,0,0,0,0,1,0,0,0,0,0,1,0,0,0,Arms Trafficking,None,2018-08-24,Uttar Pradesh,0
0,23,0,0,0,1,1,0,0.032,23,0,1,0,0,0,0,0,0,0,1,0,0,0,0,0,0,1,0,0,0,0,0,Car Theft,None,2019-07-09,Bihar,0
0,16,1,0,0,1,0,1,0.613,22,1,0,0,1,0,0,0,0,0,1,0,0,0,1,0,0,0,0,0,0,0,0,Car Theft,Kaali Billi Crew,2022-02-07,Madhya Pradesh,1
1,36,0,0,0,1,1,0,0.634,3,2,0,0,0,0,0,1,0,0,0,1,0,0,0,0,0,1,0,0,0,0,0,Cybercrime,None,2018-10-18,Gujarat,0
5,42,1,0,0,1,0,3,0.787,0,18,0,0,0,1,0,0,1,0,0,0,0,0,0,0,0,0,0,0,0,0,1,Human Trafficking,Patang Syndicate,2021-11-24,Telangana,1
3,27,1,0,0,1,0,0,0.414,21,4,0,1,0,0,0,0,0,1,0,0,0,0,1,0,0,0,0,0,0,0,0,Burglary,Kaali Billi Crew,2024-11-27,Haryana,0
0,29,0,1,1,1,0,0,0.439,9,6,0,0,0,1,0,0,0,0,0,0,0,1,0,0,0,0,0,1,0,0,0,Drug Trafficking,None,2020-12-18,Maharashtra,1
1,29,1,1,0,1,1,2,0.737,16,11,0,0,1,0,0,0,1,0,0,0,0,0,0,0,0,0,0,0,1,0,0,Kidnapping,Patang Syndicate,2019-06-05,Punjab,1
4,34,1,0,0,1,1,2,0.353,2,10,0,0,0,0,0,1,0,0,0,1,0,0,0,0,0,1,0,0,0,0,0,Fraud,Neela Saanp Syndicate,2020-02-12,Karnataka,1
0,39,0,0,0,1,0,0,0.322,16,1,0,0,0,0,1,0,0,0,0,1,0,0,0,0,0,1,0,0,0,0,0,Fraud,None,2025-11-05,Maharashtra,0
6,31,0,1,1,1,0,1,0.408,23,6,0,0,1,0,0,0,0,0,0,0,0,1,0,0,0,0,0,1,0,0,0,Drug Trafficking,None,2025-10-30,Bihar,1
1,45,0,0,0,1,1,1,0.701,11,5,0,0,0,0,0,1,0,0,0,1,0,0,0,0,0,1,0,0,0,0,0,Cybercrime,None,2025-04-08,Madhya Pradesh,1
3,23,1,0,0,0,1,1,0.458,18,11,0,0,0,0,0,1,0,0,0,1,0,0,0,0,0,0,1,0,0,0,0,Cybercrime,Neela Saanp Syndicate,2024-02-03,West Bengal,1
2,29,0,1,0,0,0,2,0.355,2,1,0,0,1,0,0,0,0,0,0,0,0,1,0,0,1,0,0,0,0,0,0,Assault,None,2025-03-16,Tamil Nadu,0
1,23,0,0,0,1,0,0,0.403,20,1,0,0,1,0,0,0,0,0,1,0,0,0,1,0,0,0,0,0,0,0,0,Car Theft,None,2023-04-13,Delhi,0
1,36,0,0,1,1,1,1,0.109,9,6,0,0,0,0,1,0,0,0,0,0,0,1,0,0,0,0,0,1,0,0,0,Drug Trafficking,None,2024-11-20,Maharashtra,0
1,19,0,0,0,1,0,1,0.595,4,0,0,1,0,0,0,0,0,0,0,1,0,0,1,0,0,0,0,0,0,0,0,Burglary,None,2023-07-05,Gujarat,1
2,32,0,0,0,1,0,0,0.226,2,5,0,1,0,0,0,0,0,1,0,0,0,0,1,0,0,0,0,0,0,0,0,Burglary,None,2023-05-18,Punjab,0
3,43,1,1,0,1,1,1,0.561,21,5,0,1,0,0,0,0,0,0,0,1,0,0,0,0,0,0,0,0,0,0,1,Extortion,Teen Talwar Gang,2019-01-06,Gujarat,1
0,36,1,0,0,1,0,0,0.717,8,11,0,0,0,0,1,0,0,0,0,1,0,0,0,0,0,1,0,0,0,0,0,Fraud,Neela Saanp Syndicate,2019-05-07,Karnataka,0
3,23,0,0,0,0,0,2,0.276,15,3,0,1,0,0,0,0,0,0,0,0,1,0,0,0,0,0,0,0,0,0,1,Assault,None,2021-07-24,Rajasthan,0
2,20,0,0,0,0,0,3,0.796,1,2,0,0,1,0,0,0,1,0,0,0,0,0,0,0,0,0,0,0,1,0,0,Assault,None,2019-05-15,Uttar Pradesh,0
4,42,1,0,0,1,1,4,0.43,16,14,0,0,1,0,0,0,1,0,0,0,0,0,0,0,0,1,0,0,0,0,0,Human Trafficking,Patang Syndicate,2018-03-12,Telangana,1
6,37,1,1,0,1,0,4,0.674,1,7,0,0,0,0,1,0,0,0,0,1,0,0,0,1,0,0,0,0,0,0,0,Extortion,Teen Talwar Gang,2025-07-19,Gujarat,1
3,21,0,0,0,0,0,2,0.757,17,3,0,0,0,1,0,0,1,0,0,0,0,0,0,0,0,0,0,0,0,0,1,Assault,None,2022-08-20,Rajasthan,1
2,22,0,0,1,1,0,4,0.653,21,5,0,0,1,0,0,0,0,0,0,0,0,1,0,1,0,0,0,0,0,0,0,Robbery,None,2019-01-20,Tamil Nadu,1
1,22,0,0,0,0,0,0,0.49,21,3,0,0,1,0,0,0,0,1,0,0,0,0,0,0,0,0,0,0,0,1,0,Vandalism,None,2018-11-26,Rajasthan,0
0,30,0,0,0,0,1,0,0.463,16,3,0,1,0,0,0,0,0,0,0,0,1,0,0,0,0,1,0,0,0,0,0,Cybercrime,None,2021-06-20,Rajasthan,1
1,28,0,1,0,0,1,4,0.342,12,5,1,0,0,0,0,0,1,0,0,0,0,0,0,0,0,0,0,0,1,0,0,Kidnapping,None,2022-03-07,Telangana,1
1,49,1,1,0,0,0,1,0.807,3,9,0,0,0,0,1,0,0,0,0,0,0,1,0,0,0,0,0,1,0,0,0,Arms Trafficking,Kaala Bichhoo Gang,2018-09-16,Kerala,0
0,29,0,1,0,1,0,1,0.58,19,0,0,1,0,0,0,0,0,1,0,0,0,0,0,1,0,0,0,0,0,0,0,Robbery,None,2020-10-03,Tamil Nadu,0
0,18,0,0,1,0,0,0,0.364,20,2,0,0,1,0,0,0,0,1,0,0,0,0,1,0,0,0,0,0,0,0,0,Vandalism,None,2023-05-08,Madhya Pradesh,0
4,37,1,1,0,1,0,3,0.721,0,4,0,1,0,0,0,0,0,0,0,1,0,0,0,0,0,0,0,0,1,0,0,Extortion,Teen Talwar Gang,2021-11-30,Tamil Nadu,1
0,21,0,0,0,1,1,0,0.396,0,0,0,0,0,0,0,1,0,0,0,0,1,0,0,0,0,1,0,0,0,0,0,Cybercrime,None,2025-12-17,Uttar Pradesh,0
1,36,0,1,0,0,0,2,0.513,18,3,1,0,0,0,0,0,1,0,0,0,0,0,0,0,0,0,0,0,1,0,0,Murder,None,2024-06-21,Uttar Pradesh,0
1,22,0,0,0,1,0,0,0.178,11,2,0,1,0,0,0,0,0,0,0,0,1,0,0,0,0,1,0,0,0,0,0,Car Theft,None,2025-10-13,West Bengal,0
2,50,0,0,0,1,1,0,0.283,14,2,0,0,0,0,0,1,0,0,0,1,0,0,0,0,0,1,0,0,0,0,0,Money Laundering,None,2018-05-16,West Bengal,0
0,30,0,1,0,1,0,1,0.497,20,2,0,0,1,0,0,0,0,0,0,0,0,1,1,0,0,0,0,0,0,0,0,Arms Trafficking,None,2022-08-04,Uttar Pradesh,0
0,28,0,0,0,1,0,0,0.143,23,1,0,0,1,0,0,0,0,0,1,0,0,0,1,0,0,0,0,0,0,0,0,Car Theft,None,2023-04-24,Uttar Pradesh,0
4,29,1,0,0,1,0,2,0.787,14,9,1,0,0,0,0,0,0,1,0,0,0,0,0,0,0,1,0,0,0,0,0,Burglary,Neela Saanp Syndicate,2021-04-12,Karnataka,0
5,58,0,0,0,1,0,0,0.238,14,4,0,0,0,0,1,0,0,0,1,0,0,0,0,0,0,1,0,0,0,0,0,Money Laundering,None,2022-03-31,Gujarat,0
1,44,0,0,0,1,1,1,0.255,17,2,0,0,0,0,1,0,0,0,0,1,0,0,0,0,0,1,0,0,0,0,0,Fraud,None,2019-07-26,Maharashtra,0
2,28,1,0,0,1,0,1,0.802,21,8,0,0,1,0,0,0,0,0,1,0,0,0,1,0,0,0,0,0,0,0,0,Car Theft,Lal Toofan Crew,2024-12-21,Delhi,0
2,37,1,1,0,1,0,2,0.605,2,9,0,0,1,0,0,0,0,0,0,0,0,1,0,0,0,0,0,1,0,0,0,Arms Trafficking,Teen Talwar Gang,2021-02-21,Tamil Nadu,0
1,30,1,1,0,1,0,3,0.748,23,7,0,0,1,0,0,0,0,0,0,1,0,0,0,1,0,0,0,0,0,0,0,Robbery,Lal Toofan Crew,2019-11-21,Rajasthan,1
2,34,0,1,0,1,0,2,0.8,2,5,0,0,0,1,0,0,0,0,0,1,0,0,0,0,0,0,0,1,0,0,0,Arms Trafficking,None,2018-04-17,Punjab,1
7,24,1,0,0,1,1,5,0.434,14,7,0,0,0,0,0,1,0,0,0,0,1,0,0,0,0,0,1,0,0,0,0,Cybercrime,Neela Saanp Syndicate,2021-02-17,West Bengal,1
2,46,0,0,0,1,0,0,0.147,18,2,0,0,0,0,0,1,0,0,0,1,0,0,0,0,0,1,0,0,0,0,0,Fraud,None,2022-11-15,Tamil Nadu,0
1,23,0,0,0,1,0,0,0.114,3,3,0,0,1,0,0,0,0,0,1,0,0,0,0,0,0,1,0,0,0,0,0,Car Theft,None,2025-04-14,Bihar,0
2,21,0,0,1,0,0,0,0.284,3,2,0,0,1,0,0,0,0,0,1,0,0,0,1,0,0,0,0,0,0,0,0,Car Theft,None,2023-03-08,Gujarat,0
3,16,1,0,1,0,0,1,0.45,22,3,0,0,1,0,0,0,0,1,0,0,0,0,0,0,0,0,0,0,0,1,0,Vandalism,Kaali Billi Crew,2020-07-20,Haryana,1
2,33,0,0,0,1,1,0,0.152,0,1,0,1,0,0,0,0,0,0,1,0,0,0,1,0,0,0,0,0,0,0,0,Car Theft,None,2018-03-08,Tamil Nadu,0
2,26,0,1,0,0,0,3,0.516,22,1,0,1,0,0,0,0,1,0,0,0,0,0,0,0,1,0,0,0,0,0,0,Assault,None,2021-06-10,Karnataka,0
0,40,1,1,0,0,0,3,0.836,13,9,0,0,1,0,0,0,0,0,0,0,0,1,0,0,0,0,0,1,0,0,0,Arms Trafficking,Teen Talwar Gang,2024-02-19,Gujarat,1
1,21,1,0,0,1,0,1,0.629,21,6,0,0,1,0,0,0,0,0,1,0,0,0,0,0,0,0,0,0,0,1,0,Car Theft,Lal Toofan Crew,2022-04-25,Rajasthan,1
1,23,0,1,1,1,0,1,0.191,8,4,0,0,0,1,0,0,0,0,0,0,0,1,0,0,0,0,0,1,0,0,0,Drug Trafficking,None,2024-06-03,Madhya Pradesh,0
4,32,0,0,0,1,1,0,0.382,23,3,0,0,0,0,0,1,0,0,0,0,1,0,0,0,0,0,1,0,0,0,0,Cybercrime,None,2020-06-29,Uttar Pradesh,1
1,35,0,1,0,1,0,3,0.526,14,2,0,0,1,0,0,0,0,0,0,0,0,1,0,0,0,0,0,1,0,0,0,Arms Trafficking,None,2023-07-13,Uttar Pradesh,1
0,20,0,0,0,1,0,0,0.482,20,3,0,0,1,0,0,0,1,0,0,0,0,0,0,0,0,0,0,0,1,0,0,Kidnapping,None,2023-01-30,Karnataka,1
1,18,0,0,0,1,0,1,0.217,1,3,1,0,0,0,0,0,0,0,0,1,0,0,0,0,0,1,0,0,0,0,0,Car Theft,None,2018-10-04,Uttar Pradesh,1
0,36,1,0,0,1,1,0,0.514,11,10,0,0,0,0,0,1,0,0,0,1,0,0,0,0,0,1,0,0,0,0,0,Cybercrime,Neela Saanp Syndicate,2018-06-21,West Bengal,0
0,22,0,0,0,0,0,2,0.302,2,3,0,1,0,0,0,0,0,1,0,0,0,0,0,0,0,0,0,0,0,1,0,Arson,None,2022-02-23,Gujarat,0
0,31,0,0,0,1,0,0,0.406,21,4,1,0,0,0,0,0,0,0,0,1,0,0,0,0,0,1,0,0,0,0,0,Fraud,None,2021-03-06,Bihar,0
3,45,1,0,0,1,1,2,0.664,8,9,0,0,0,0,0,1,0,0,0,1,0,0,0,0,0,0,1,0,0,0,0,Money Laundering,Neela Saanp Syndicate,2025-11-24,Karnataka,0
3,37,0,0,0,1,0,3,0.512,14,8,0,0,0,0,0,1,1,0,0,0,0,0,0,0,0,1,0,0,0,0,0,Human Trafficking,None,2019-07-30,Gujarat,0
3,44,1,0,0,1,0,2,0.767,16,6,0,1,0,0,0,0,0,0,0,1,0,0,1,0,0,0,0,0,0,0,0,Extortion,Teen Talwar Gang,2022-05-28,Gujarat,0
1,34,0,0,0,1,0,1,0.254,0,2,0,1,0,0,0,0,0,1,0,0,0,0,1,0,0,0,0,0,0,0,0,Car Theft,None,2021-02-06,Telangana,0
0,34,0,0,0,0,0,2,0.705,23,1,0,0,0,1,0,0,1,0,0,0,0,0,0,0,1,0,0,0,0,0,0,Assault,None,2022-05-30,Uttar Pradesh,0
2,39,0,0,1,1,0,1,0.542,16,4,0,0,1,0,0,0,1,0,0,0,0,0,0,0,0,0,0,0,1,0,0,Kidnapping,None,2019-08-04,Gujarat,0
2,38,0,1,0,0,0,0,0.484,23,2,0,1,0,0,0,0,0,1,0,0,0,0,0,1,0,0,0,0,0,0,0,Robbery,None,2022-02-26,Gujarat,0
0,21,0,1,0,1,0,3,0.632,12,8,0,0,1,0,0,0,0,0,0,1,0,0,0,0,0,0,0,0,0,0,1,Extortion,None,2021-08-08,Gujarat,0
2,35,1,1,0,1,0,1,0.532,20,8,0,1,0,0,0,0,0,0,0,0,0,1,0,0,0,0,0,1,0,0,0,Arms Trafficking,Teen Talwar Gang,2023-04-05,Gujarat,0
1,49,1,1,0,1,0,1,0.622,12,16,0,0,1,0,0,0,0,0,0,0,0,1,0,0,0,0,0,0,1,0,0,Human Trafficking,Patang Syndicate,2020-04-30,Telangana,1
0,28,0,0,0,1,0,0,0.423,13,2,0,1,0,0,0,0,0,1,0,0,0,0,1,0,0,0,0,0,0,0,0,Burglary,None,2020-12-18,Karnataka,0
1,16,1,0,0,0,0,1,0.38,0,3,0,1,0,0,0,0,0,1,0,0,0,0,0,0,0,0,0,0,0,1,0,Vandalism,Kaali Billi Crew,2018-10-05,Haryana,0
2,42,0,1,0,1,0,3,0.565,18,0,1,0,0,0,0,0,1,0,0,0,0,0,0,0,0,0,0,0,1,0,0,Kidnapping,None,2022-09-09,Uttar Pradesh,1
2,16,0,1,0,0,1,1,0.662,9,4,0,1,0,0,0,0,0,0,0,1,0,0,0,0,0,0,0,0,0,0,1,Extortion,None,2018-03-30,Rajasthan,0
2,45,0,0,0,1,1,1,0.157,17,7,0,1,0,0,0,0,0,0,0,1,0,0,0,0,0,1,0,0,0,0,0,Money Laundering,None,2023-04-17,Tamil Nadu,0
4,21,1,0,0,1,1,5,0.471,14,11,0,0,0,0,0,1,0,0,0,1,0,0,0,0,0,1,0,0,0,0,0,Cybercrime,Neela Saanp Syndicate,2023-07-07,West Bengal,1
0,29,0,0,0,0,1,0,0.373,10,3,0,0,0,0,0,1,0,0,0,1,0,0,0,0,0,0,1,0,0,0,0,Cybercrime,None,2023-07-26,Bihar,0
2,20,1,0,0,1,0,6,0.466,15,18,0,0,0,1,0,0,1,0,0,0,0,0,0,0,0,0,0,0,1,0,0,Kidnapping,Patang Syndicate,2023-11-11,Telangana,1
0,25,0,1,0,1,0,5,0.409,3,1,1,0,0,0,0,0,1,0,0,0,0,0,0,0,0,0,0,0,1,0,0,Kidnapping,None,2021-11-16,West Bengal,1
5,36,1,1,1,1,0,0,0.751,20,13,0,0,0,1,0,0,0,0,0,0,0,1,0,0,0,0,0,1,0,0,0,Drug Trafficking,Kaala Bichhoo Gang,2023-05-29,Kerala,1
3,45,0,0,0,0,0,1,0.427,18,5,0,0,1,0,0,0,1,0,0,0,0,0,0,0,1,0,0,0,0,0,0,Assault,None,2025-05-26,Madhya Pradesh,0
2,19,0,0,1,1,0,2,0.174,18,1,0,1,0,0,0,0,0,0,1,0,0,0,0,0,0,0,0,0,0,0,1,Vandalism,None,2018-09-14,West Bengal,0
0,28,0,1,0,1,0,1,0.466,1,3,1,0,0,0,0,0,1,0,0,0,0,0,0,0,1,0,0,0,0,0,0,Assault,None,2018-05-23,Maharashtra,1
2,32,1,0,0,1,1,4,0.452,1,7,0,1,0,0,0,0,0,0,0,0,1,0,0,0,0,1,0,0,0,0,0,Fraud,Neela Saanp Syndicate,2025-06-05,Karnataka,1
1,27,0,0,0,1,0,5,0.501,9,1,0,0,1,0,0,0,1,0,0,0,0,0,0,0,1,0,0,0,0,0,0,Murder,None,2019-02-10,Madhya Pradesh,1
5,40,0,0,0,0,0,7,0.474,16,6,0,0,1,0,0,0,1,0,0,0,0,0,0,0,0,0,0,0,1,0,0,Kidnapping,None,2021-09-25,Uttar Pradesh,1
0,26,0,0,0,0,0,1,0.506,3,2,0,0,1,0,0,0,1,0,0,0,0,0,0,0,1,0,0,0,0,0,0,Assault,None,2020-08-16,Madhya Pradesh,0
2,25,1,0,0,0,0,1,0.43,1,4,0,1,0,0,0,0,0,0,0,1,0,0,1,0,0,0,0,0,0,0,0,Burglary,Kaali Billi Crew,2021-04-06,Madhya Pradesh,1
5,26,1,0,0,0,0,6,0.271,0,4,1,0,0,0,0,0,0,1,0,0,0,0,0,0,0,0,0,0,0,1,0,Arson,Kaali Billi Crew,2025-09-04,Haryana,1
2,33,0,1,0,0,0,2,0.491,15,3,0,0,0,1,0,0,1,0,0,0,0,0,0,0,0,0,0,0,1,0,0,Kidnapping,None,2022-03-16,West Bengal,1
0,19,0,0,0,0,1,0,0.152,4,3,0,0,0,0,0,1,0,0,0,1,0,0,0,0,0,0,1,0,0,0,0,Cybercrime,None,2018-02-15,Madhya Pradesh,0
3,35,0,0,1,1,1,0,0.146,11,8,0,0,0,1,0,0,0,0,0,0,1,0,0,0,0,0,0,1,0,0,0,Drug Trafficking,None,2024-05-04,Gujarat,1
1,23,0,0,0,1,1,0,0.418,21,0,0,0,1,0,0,0,0,0,1,0,0,0,1,0,0,0,0,0,0,0,0,Car Theft,None,2024-11-20,Rajasthan,0
1,30,0,1,0,0,0,1,0.476,4,2,0,1,0,0,0,0,0,0,0,1,0,0,0,1,0,0,0,0,0,0,0,Assault,None,2023-09-18,Bihar,0
0,25,0,0,0,0,0,0,0.301,4,2,0,1,0,0,0,0,0,1,0,0,0,0,1,0,0,0,0,0,0,0,0,Burglary,None,2018-07-26,Delhi,0
1,33,0,0,0,1,0,1,0.577,16,2,1,0,0,0,0,0,0,0,0,1,0,0,1,0,0,0,0,0,0,0,0,Burglary,None,2020-01-19,Maharashtra,0
1,40,0,0,0,1,1,0,0.315,12,4,0,0,0,0,0,1,0,0,0,1,0,0,0,0,0,1,0,0,0,0,0,Fraud,None,2020-12-15,Telangana,1
0,25,0,0,1,0,0,0,0.066,21,7,0,0,1,0,0,0,0,0,0,0,0,1,0,0,0,0,0,1,0,0,0,Drug Trafficking,None,2025-11-28,West Bengal,1
2,16,1,0,1,0,1,2,0.546,20,4,0,0,1,0,0,0,0,0,1,0,0,0,1,0,0,0,0,0,0,0,0,Car Theft,Kaali Billi Crew,2018-06-17,Madhya Pradesh,1
3,32,1,1,0,1,0,3,0.814,12,9,0,0,1,0,0,0,0,0,0,0,0,1,0,0,0,0,0,1,0,0,0,Arms Trafficking,Kaala Bichhoo Gang,2022-09-26,Kerala,1
3,48,1,0,1,1,0,3,0.705,9,5,0,1,0,0,0,0,0,0,0,1,0,0,0,0,0,0,0,0,0,0,1,Extortion,Teen Talwar Gang,2023-02-12,Tamil Nadu,0
0,17,0,0,0,1,1,0,0.528,2,2,0,0,0,0,1,0,0,0,0,1,0,0,0,0,0,1,0,0,0,0,0,Cybercrime,None,2020-09-05,Uttar Pradesh,0
1,18,0,0,0,0,1,1,0.588,21,1,0,1,0,0,0,0,0,1,0,0,0,0,0,0,0,0,0,0,0,1,0,Vandalism,None,2020-03-11,Rajasthan,0
3,27,1,1,0,1,0,2,0.705,23,12,0,0,1,0,0,0,1,0,0,0,0,0,0,0,0,0,0,0,1,0,0,Kidnapping,Neela Saanp Syndicate,2024-07-01,West Bengal,1
2,38,0,0,1,1,0,0,0.245,16,4,0,0,0,0,1,0,0,0,0,0,1,0,0,0,0,0,0,0,0,0,1,Fraud,None,2020-10-13,Bihar,1
0,38,0,0,0,1,1,1,0.128,15,3,0,0,0,0,0,1,0,0,0,1,0,0,0,0,0,1,0,0,0,0,0,Money Laundering,None,2024-05-29,Uttar Pradesh,0
2,28,0,0,0,0,0,2,0.135,2,2,1,0,0,0,0,0,0,1,0,0,0,0,0,0,0,0,0,0,0,1,0,Vandalism,None,2023-04-12,West Bengal,1
3,36,1,0,0,1,0,2,0.642,13,19,0,0,0,1,0,0,1,0,0,0,0,0,0,0,0,1,0,0,0,0,0,Human Trafficking,Patang Syndicate,2025-05-26,Punjab,0
2,25,0,0,0,0,0,2,0.528,3,0,0,0,1,0,0,0,1,0,0,0,0,0,0,0,1,0,0,0,0,0,0,Assault,None,2022-03-24,Uttar Pradesh,1
1,27,0,1,0,1,0,0,0.717,22,1,0,0,1,0,0,0,0,0,1,0,0,0,1,0,0,0,0,0,0,0,0,Car Theft,None,2023-05-19,Gujarat,1
2,45,0,1,0,1,0,5,0.518,2,10,0,0,1,0,0,0,0,0,0,1,0,0,0,1,0,0,0,0,0,0,0,Robbery,None,2019-09-24,Telangana,1
2,29,0,0,0,1,0,0,0.451,12,4,1,0,0,0,0,0,0,0,0,1,0,0,0,0,0,0,1,0,0,0,0,Fraud,None,2018-12-11,Punjab,0
4,17,1,0,0,1,0,3,0.436,22,5,1,0,0,0,0,0,0,0,0,0,1,0,1,0,0,0,0,0,0,0,0,Car Theft,Lal Toofan Crew,2024-08-03,Delhi,1
1,22,1,1,0,1,0,2,0.461,23,8,0,0,1,0,0,0,0,0,0,1,0,0,0,1,0,0,0,0,0,0,0,Robbery,Lal Toofan Crew,2020-06-26,Delhi,1
0,27,1,0,1,0,0,1,0.767,21,2,0,0,1,0,0,0,0,0,1,0,0,0,1,0,0,0,0,0,0,0,0,Car Theft,Kaali Billi Crew,2019-10-17,Madhya Pradesh,0
3,26,0,1,0,1,0,1,0.338,20,2,0,0,1,0,0,0,0,0,0,1,0,0,0,0,1,0,0,0,0,0,0,Robbery,None,2023-09-11,Madhya Pradesh,0
1,28,0,1,1,0,0,3,0.684,22,2,0,0,1,0,0,0,1,0,0,0,0,0,0,0,1,0,0,0,0,0,0,Assault,None,2021-10-20,Maharashtra,0
3,38,0,1,0,1,0,0,0.454,13,4,0,0,0,1,0,0,0,0,0,0,0,1,0,1,0,0,0,0,0,0,0,Arms Trafficking,None,2018-09-14,Maharashtra,1
2,30,0,0,0,0,0,3,0.754,22,2,0,0,1,0,0,0,1,0,0,0,0,0,0,1,0,0,0,0,0,0,0,Assault,None,2022-02-18,West Bengal,1
1,20,0,0,0,1,0,1,0.713,2,1,0,0,0,0,1,0,0,1,0,0,0,0,1,0,0,0,0,0,0,0,0,Burglary,None,2019-09-29,West Bengal,0
0,28,0,1,0,0,0,3,0.417,19,1,0,0,1,0,0,0,1,0,0,0,0,0,0,0,1,0,0,0,0,0,0,Assault,None,2023-09-23,Telangana,0
2,37,0,0,0,0,0,0,0.378,21,4,1,0,0,0,0,0,0,0,1,0,0,0,0,0,1,0,0,0,0,0,0,Assault,None,2021-08-17,Gujarat,0
0,25,0,1,0,1,0,1,0.521,8,4,0,0,0,0,0,1,0,1,0,0,0,0,0,0,0,0,0,0,0,0,1,Extortion,None,2020-08-10,Kerala,0
2,28,0,0,0,1,0,0,0.368,22,1,0,0,1,0,0,0,0,0,1,0,0,0,0,0,0,1,0,0,0,0,0,Car Theft,None,2023-10-07,West Bengal,0
2,18,0,0,0,1,1,1,0.634,3,1,1,0,0,0,0,0,0,0,1,0,0,0,1,0,0,0,0,0,0,0,0,Car Theft,None,2023-11-06,Uttar Pradesh,1
2,31,0,0,0,0,0,3,0.326,3,0,1,0,0,0,0,0,0,1,0,0,0,0,0,0,1,0,0,0,0,0,0,Assault,None,2025-02-05,Karnataka,1
2,27,0,0,0,0,0,2,0.49,15,0,0,0,1,0,0,0,1,0,0,0,0,0,0,0,1,0,0,0,0,0,0,Assault,None,2020-06-26,Bihar,0
1,51,1,1,0,1,1,2,0.827,21,6,0,1,0,0,0,0,0,0,0,1,0,0,0,0,0,0,1,0,0,0,0,Extortion,Teen Talwar Gang,2024-01-06,Tamil Nadu,0
0,37,1,1,0,1,0,4,0.46,10,8,1,0,0,0,0,0,1,0,0,0,0,0,0,0,0,0,0,0,0,0,1,Extortion,Teen Talwar Gang,2025-04-15,Gujarat,0
0,29,0,1,1,1,0,1,0.387,22,4,0,0,0,1,0,0,0,0,0,0,0,1,1,0,0,0,0,0,0,0,0,Arms Trafficking,None,2018-03-04,Uttar Pradesh,0
0,17,0,0,0,0,1,1,0.214,4,2,0,0,1,0,0,0,1,0,0,0,0,0,0,0,0,1,0,0,0,0,0,Car Theft,None,2023-10-16,Gujarat,0
0,39,0,0,0,1,0,0,0.22,14,1,0,1,0,0,0,0,0,0,0,0,1,0,0,0,0,1,0,0,0,0,0,Fraud,None,2021-09-11,Uttar Pradesh,0
1,30,0,0,0,1,1,1,0.529,10,4,1,0,0,0,0,0,0,0,0,1,0,0,0,0,0,0,0,0,0,0,1,Extortion,None,2022-10-01,Rajasthan,1
1,32,0,1,0,0,0,4,0.472,11,2,0,0,0,1,0,0,0,0,0,1,0,0,0,1,0,0,0,0,0,0,0,Robbery,None,2024-07-14,West Bengal,0
4,48,1,1,0,1,1,1,0.739,0,8,0,0,1,0,0,0,0,0,0,1,0,0,0,0,0,0,0,1,0,0,0,Arms Trafficking,Teen Talwar Gang,2021-04-09,Tamil Nadu,1
1,26,1,0,0,0,0,0,0.74,0,2,1,0,0,0,0,0,0,0,1,0,0,0,0,0,0,1,0,0,0,0,0,Car Theft,Kaali Billi Crew,2022-04-28,Madhya Pradesh,0
2,29,0,1,0,0,1,4,0.373,20,0,1,0,0,0,0,0,1,0,0,0,0,0,0,1,0,0,0,0,0,0,0,Murder,None,2020-06-08,Telangana,1
1,37,0,0,1,1,1,0,0.569,4,2,0,0,0,1,0,0,0,0,0,1,0,0,0,0,0,0,1,0,0,0,0,Fraud,None,2021-12-04,West Bengal,0
2,44,0,0,0,1,1,0,0.204,15,2,0,0,0,0,0,1,0,0,0,1,0,0,0,0,0,0,1,0,0,0,0,Fraud,None,2022-11-14,Tamil Nadu,0
2,23,0,0,1,1,0,1,0.491,20,7,0,0,0,1,0,0,0,0,0,1,0,0,0,0,0,0,0,1,0,0,0,Drug Trafficking,None,2019-06-25,Uttar Pradesh,1
8,35,1,0,0,1,0,4,0.565,20,10,0,1,0,0,0,0,0,0,0,1,0,0,0,0,0,0,0,0,0,0,1,Extortion,Teen Talwar Gang,2025-03-26,Gujarat,1
2,44,1,0,0,1,0,0,0.563,19,6,0,1,0,0,0,0,0,0,0,1,0,0,0,0,0,1,0,0,0,0,0,Money Laundering,Kaala Bichhoo Gang,2022-05-28,Kerala,0
0,24,0,1,0,1,0,1,0.665,0,1,0,0,0,1,0,0,1,0,0,0,0,0,0,0,0,0,0,0,1,0,0,Kidnapping,None,2024-11-29,Tamil Nadu,0
2,24,0,0,0,0,0,6,0.253,3,3,0,0,1,0,0,0,0,0,0,0,1,0,0,0,1,0,0,0,0,0,0,Assault,None,2021-03-27,Telangana,1
2,27,1,1,1,1,1,4,0.424,14,12,0,0,1,0,0,0,0,0,0,0,0,1,0,0,0,0,0,1,0,0,0,Drug Trafficking,Kaala Bichhoo Gang,2023-10-24,Kerala,1
4,16,1,0,0,0,0,1,0.739,21,1,0,0,1,0,0,0,0,0,1,0,0,0,0,0,0,1,0,0,0,0,0,Car Theft,Kaali Billi Crew,2022-02-14,Madhya Pradesh,1
4,35,0,1,0,0,0,1,0.736,17,4,0,1,0,0,0,0,0,1,0,0,0,0,0,0,0,0,1,0,0,0,0,Robbery,None,2025-11-09,Maharashtra,0
1,45,0,0,0,1,1,0,0.049,9,4,0,1,0,0,0,0,0,0,0,1,0,0,0,0,0,1,0,0,0,0,0,Fraud,None,2023-03-01,Bihar,0
0,41,0,0,0,1,1,0,0.122,18,0,0,1,0,0,0,0,0,0,0,1,0,0,0,0,0,1,0,0,0,0,0,Fraud,None,2023-03-12,Rajasthan,0
3,25,1,0,0,1,0,5,0.682,3,7,0,0,1,0,0,0,1,0,0,0,0,0,0,1,0,0,0,0,0,0,0,Robbery,Lal Toofan Crew,2019-10-03,Rajasthan,1
0,29,0,0,0,1,0,1,0.614,1,3,0,0,0,0,1,0,0,1,0,0,0,0,1,0,0,0,0,0,0,0,0,Burglary,None,2021-10-16,Bihar,0
7,43,1,1,0,1,0,1,0.68,3,6,0,0,0,1,0,0,0,0,0,1,0,0,0,1,0,0,0,0,0,0,0,Robbery,Teen Talwar Gang,2019-06-19,Gujarat,0
1,24,0,0,0,1,1,1,0.531,8,3,0,0,0,0,0,1,0,0,0,1,0,0,0,0,0,1,0,0,0,0,0,Fraud,None,2019-01-05,Maharashtra,0
2,21,0,1,0,0,0,2,0.45,18,6,0,0,0,1,0,0,0,0,0,0,0,1,0,0,0,0,0,1,0,0,0,Arms Trafficking,None,2023-03-29,Madhya Pradesh,1
0,19,0,0,0,1,0,0,0.22,2,1,1,0,0,0,0,0,0,0,0,0,0,1,1,0,0,0,0,0,0,0,0,Car Theft,None,2018-11-24,Karnataka,0
2,39,0,0,0,1,0,1,0.204,15,1,0,0,0,0,1,0,0,0,0,1,0,0,0,0,0,0,1,0,0,0,0,Fraud,None,2021-07-29,West Bengal,0
2,36,0,1,0,1,0,1,0.544,1,1,1,0,0,0,0,0,0,0,0,0,1,0,0,0,0,1,0,0,0,0,0,Burglary,None,2020-01-05,Gujarat,0
5,26,0,1,0,0,0,4,0.505,18,1,1,0,0,0,0,0,1,0,0,0,0,0,0,0,1,0,0,0,0,0,0,Assault,None,2023-10-28,Uttar Pradesh,0
1,43,0,1,0,0,0,4,0.262,1,0,1,0,0,0,0,0,1,0,0,0,0,0,0,1,0,0,0,0,0,0,0,Murder,None,2019-11-28,Kerala,1
2,28,0,1,0,1,0,5,0.399,4,6,1,0,0,0,0,0,0,0,0,1,0,0,0,0,0,0,0,0,0,0,1,Extortion,None,2025-02-01,Tamil Nadu,0
0,19,0,0,0,0,0,0,0.889,4,1,1,0,0,0,0,0,0,1,0,0,0,0,0,0,0,0,0,0,0,1,0,Vandalism,None,2019-10-05,Bihar,1
1,40,0,1,0,0,0,2,0.35,1,3,0,0,1,0,0,0,1,0,0,0,0,0,1,0,0,0,0,0,0,0,0,Assault,None,2021-05-14,West Bengal,1
0,25,0,0,0,1,0,0,0.677,23,1,1,0,0,0,0,0,0,0,0,1,0,0,0,1,0,0,0,0,0,0,0,Kidnapping,None,2019-11-14,Bihar,0
3,28,1,0,1,1,0,1,0.672,10,7,1,0,0,0,0,0,0,0,0,1,0,0,0,0,1,0,0,0,0,0,0,Robbery,Lal Toofan Crew,2021-01-25,Rajasthan,1
0,39,0,0,0,0,0,4,0.655,18,1,0,1,0,0,0,0,0,1,0,0,0,0,0,0,1,0,0,0,0,0,0,Assault,None,2021-12-20,Uttar Pradesh,0
0,41,0,0,0,0,0,0,0.497,4,3,0,0,1,0,0,0,0,1,0,0,0,0,1,0,0,0,0,0,0,0,0,Vandalism,None,2025-12-10,Rajasthan,0
2,39,1,0,0,1,0,4,0.509,11,12,0,0,0,0,0,1,0,0,0,1,0,0,0,0,0,0,0,0,0,0,1,Extortion,Teen Talwar Gang,2021-09-08,Tamil Nadu,1
2,27,0,0,0,1,0,3,0.188,10,0,1,0,0,0,0,0,0,0,0,0,0,1,0,0,0,0,0,0,0,1,0,Arson,None,2023-10-29,Punjab,1
0,38,0,0,1,1,0,0,0.649,12,4,0,0,0,1,0,0,0,0,0,0,0,1,0,0,0,0,0,1,0,0,0,Drug Trafficking,None,2021-05-31,Uttar Pradesh,1
0,25,1,0,0,1,1,2,0.676,4,6,0,0,1,0,0,0,0,0,1,0,0,0,0,0,0,0,1,0,0,0,0,Car Theft,Lal Toofan Crew,2021-04-29,Delhi,0
2,24,0,1,0,1,0,3,0.507,21,3,0,1,0,0,0,0,0,0,0,0,0,1,0,0,0,0,0,1,0,0,0,Arms Trafficking,None,2024-12-18,Uttar Pradesh,0
3,19,0,0,0,0,0,0,0.529,17,3,0,0,0,1,0,0,0,1,0,0,0,0,0,0,1,0,0,0,0,0,0,Assault,None,2021-04-21,Gujarat,1
6,45,1,1,0,1,1,3,0.654,15,7,0,0,1,0,0,0,0,0,0,1,0,0,0,0,0,0,0,0,0,0,1,Extortion,Teen Talwar Gang,2023-10-11,Gujarat,1
2,19,0,0,0,1,1,1,0.18,23,1,0,0,0,0,0,1,0,0,0,1,0,0,0,0,0,1,0,0,0,0,0,Cybercrime,None,2021-08-23,Haryana,0
0,27,0,0,0,1,1,0,0.187,2,3,0,0,0,0,0,1,0,0,0,0,1,0,0,0,0,0,1,0,0,0,0,Cybercrime,None,2024-03-02,Kerala,0
2,41,0,1,0,1,0,6,0.557,11,4,0,0,1,0,0,0,1,0,0,0,0,0,0,0,0,0,0,0,0,0,1,Extortion,None,2022-10-07,Gujarat,1
1,26,0,1,1,1,0,4,0.507,23,4,1,0,0,0,0,0,0,0,0,1,0,0,0,0,1,0,0,0,0,0,0,Robbery,None,2024-02-02,Uttar Pradesh,1
7,40,0,1,0,1,0,0,0.14,17,2,0,0,0,0,0,1,0,0,0,0,1,0,0,0,0,1,0,0,0,0,0,Fraud,None,2018-08-15,Haryana,1
1,16,0,0,0,0,0,1,0.237,23,3,0,0,1,0,0,0,0,1,0,0,0,0,0,0,0,0,0,0,0,1,0,Vandalism,None,2025-09-01,Karnataka,0
0,28,0,0,0,0,0,0,0.207,19,2,1,0,0,0,0,0,0,0,1,0,0,0,1,0,0,0,0,0,0,0,0,Car Theft,None,2025-06-09,Uttar Pradesh,0
0,36,0,0,0,0,0,1,0.354,20,4,1,0,0,0,0,0,1,0,0,0,0,0,0,0,0,0,0,0,0,0,1,Assault,None,2025-10-17,Uttar Pradesh,0
0,22,0,1,0,0,0,0,0.584,13,1,0,0,1,0,0,0,1,0,0,0,0,0,0,0,1,0,0,0,0,0,0,Assault,None,2023-01-09,Karnataka,0
3,42,0,0,0,1,1,1,0.466,3,9,1,0,0,0,0,0,1,0,0,0,0,0,0,0,0,1,0,0,0,0,0,Human Trafficking,None,2019-11-25,Uttar Pradesh,0
1,33,0,0,0,0,0,1,0.544,20,1,0,1,0,0,0,0,0,1,0,0,0,0,0,0,0,0,0,0,0,1,0,Arson,None,2019-10-11,Telangana,0
1,16,0,0,0,1,0,0,0.098,8,3,0,0,1,0,0,0,0,0,1,0,0,0,0,0,0,1,0,0,0,0,0,Car Theft,None,2024-03-23,Karnataka,1
3,31,0,0,0,0,1,4,0.593,20,8,0,0,1,0,0,0,1,0,0,0,0,0,0,0,0,0,0,0,1,0,0,Kidnapping,None,2019-03-04,Madhya Pradesh,1
1,27,1,1,0,1,0,5,0.621,0,4,0,0,0,0,1,0,0,1,0,0,0,0,0,1,0,0,0,0,0,0,0,Robbery,Lal Toofan Crew,2022-11-28,Delhi,1
3,26,0,1,0,1,0,2,0.651,16,7,0,1,0,0,0,0,0,0,0,0,0,1,0,0,1,0,0,0,0,0,0,Arms Trafficking,None,2020-05-30,Maharashtra,0
0,35,0,0,0,1,0,0,0.338,3,2,0,0,1,0,0,0,0,0,1,0,0,0,1,0,0,0,0,0,0,0,0,Car Theft,None,2025-09-06,Bihar,0
2,34,0,0,0,1,1,0,0.282,15,3,0,1,0,0,0,0,0,0,0,1,0,0,0,0,0,1,0,0,0,0,0,Money Laundering,None,2023-02-01,Punjab,0
4,41,1,1,0,1,0,1,0.633,3,5,0,0,0,1,0,0,0,0,0,0,0,1,0,1,0,0,0,0,0,0,0,Arms Trafficking,Kaala Bichhoo Gang,2020-06-05,Kerala,1
3,48,1,0,0,1,1,0,0.725,0,6,0,0,0,0,1,0,0,0,0,1,0,0,0,0,0,0,1,0,0,0,0,Fraud,Kaala Bichhoo Gang,2018-11-26,Kerala,0
2,16,0,0,0,1,0,0,0.368,2,2,1,0,0,0,0,0,0,0,1,0,0,0,1,0,0,0,0,0,0,0,0,Car Theft,None,2022-12-01,Maharashtra,0
0,24,0,0,0,0,0,0,0.629,0,2,0,0,1,0,0,0,0,1,0,0,0,0,1,0,0,0,0,0,0,0,0,Vandalism,None,2023-06-06,Uttar Pradesh,0
0,36,0,1,0,1,1,1,0.572,0,5,0,0,0,1,0,0,0,0,0,0,0,1,0,0,0,0,0,1,0,0,0,Arms Trafficking,None,2022-04-08,Bihar,0
4,49,0,1,0,1,0,0,0.117,8,2,0,0,1,0,0,0,0,0,0,0,1,0,0,0,0,1,0,0,0,0,0,Fraud,None,2022-01-24,West Bengal,1
1,31,0,0,1,1,1,0,0.169,1,7,0,0,0,1,0,0,0,0,0,1,0,0,0,0,0,0,0,1,0,0,0,Drug Trafficking,None,2023-08-01,Kerala,0
2,24,0,0,0,0,0,1,0.381,2,4,1,0,0,0,0,0,1,0,0,0,0,0,0,0,0,0,0,0,1,0,0,Kidnapping,None,2024-09-30,Uttar Pradesh,0
0,38,0,1,0,0,1,1,0.823,8,11,0,0,0,1,0,0,1,0,0,0,0,0,0,0,0,0,0,0,1,0,0,Kidnapping,None,2024-10-17,Bihar,0
1,21,0,0,0,0,1,0,0.158,10,0,0,0,0,0,0,1,0,0,0,1,0,0,0,0,0,0,1,0,0,0,0,Cybercrime,None,2021-11-10,West Bengal,0
5,20,0,0,0,1,0,0,0.083,19,1,0,0,1,0,0,0,0,0,1,0,0,0,1,0,0,0,0,0,0,0,0,Car Theft,None,2018-10-04,Delhi,1
1,16,0,1,0,1,0,2,0.189,13,4,0,1,0,0,0,0,1,0,0,0,0,0,0,0,0,0,0,0,1,0,0,Kidnapping,None,2022-12-06,Uttar Pradesh,0
4,29,1,0,0,0,0,6,0.569,2,18,1,0,0,0,0,0,1,0,0,0,0,0,0,0,0,0,0,0,1,0,0,Kidnapping,Patang Syndicate,2024-10-05,Telangana,1
3,23,1,0,1,1,1,0,0.644,18,7,0,0,0,0,0,1,0,0,0,1,0,0,0,0,0,0,1,0,0,0,0,Cybercrime,Neela Saanp Syndicate,2018-06-25,Karnataka,1
1,20,1,0,0,1,0,2,0.674,4,5,0,0,1,0,0,0,0,0,1,0,0,0,1,0,0,0,0,0,0,0,0,Car Theft,Lal Toofan Crew,2025-12-17,Rajasthan,1
0,25,0,0,0,1,1,0,0.056,16,2,0,0,0,0,0,1,0,0,0,1,0,0,0,0,0,0,1,0,0,0,0,Cybercrime,None,2024-07-15,Punjab,0
0,50,0,0,0,1,0,0,0.464,12,2,0,0,0,1,0,0,0,0,0,1,0,0,0,0,0,1,0,0,0,0,0,Money Laundering,None,2018-06-24,Uttar Pradesh,1
4,32,1,0,0,0,0,3,0.513,2,4,1,0,0,0,0,0,0,0,0,1,0,0,1,0,0,0,0,0,0,0,0,Burglary,Lal Toofan Crew,2018-07-03,Rajasthan,0
1,29,0,1,0,1,0,1,0.408,16,2,1,0,0,0,0,0,0,0,1,0,0,0,0,0,1,0,0,0,0,0,0,Assault,None,2023-07-22,Gujarat,0
3,28,0,1,0,1,0,2,0.6,13,5,0,0,0,1,0,0,0,0,0,0,1,0,0,0,1,0,0,0,0,0,0,Robbery,None,2025-10-13,West Bengal,1
0,24,0,1,0,0,0,3,0.682,2,0,0,0,1,0,0,0,1,0,0,0,0,0,0,0,1,0,0,0,0,0,0,Assault,None,2025-02-05,Uttar Pradesh,1
1,37,0,0,0,0,0,0,0.187,9,1,1,0,0,0,0,0,0,1,0,0,0,0,0,0,0,0,0,0,0,1,0,Arson,None,2024-11-08,Karnataka,0
1,48,0,0,0,1,1,0,0.262,11,2,0,0,0,0,1,0,0,0,0,1,0,0,0,0,0,1,0,0,0,0,0,Fraud,None,2024-08-13,Haryana,1
3,24,1,0,0,0,0,1,0.367,3,3,0,1,0,0,0,0,0,1,0,0,0,0,0,0,0,0,0,0,0,1,0,Arson,Kaali Billi Crew,2018-03-09,Madhya Pradesh,1
1,16,1,0,1,0,0,3,0.481,20,3,0,1,0,0,0,0,0,0,0,0,0,1,0,0,0,0,0,0,0,1,0,Vandalism,Kaali Billi Crew,2021-12-09,Madhya Pradesh,1
2,21,0,1,0,1,0,1,0.589,21,6,0,0,0,0,0,1,1,0,0,0,0,0,0,1,0,0,0,0,0,0,0,Extortion,None,2024-08-29,Bihar,0
0,36,0,0,0,1,1,0,0.563,12,10,0,1,0,0,0,0,0,0,0,1,0,0,0,1,0,0,0,0,0,0,0,Extortion,None,2020-03-07,West Bengal,1
2,23,0,0,0,1,1,0,0.427,23,0,0,0,0,0,0,1,0,0,0,0,1,0,0,0,0,0,1,0,0,0,0,Cybercrime,None,2018-06-02,Maharashtra,1
2,33,0,0,0,1,0,1,0.399,4,0,0,0,0,1,0,0,0,1,0,0,0,0,1,0,0,0,0,0,0,0,0,Burglary,None,2021-06-19,Delhi,0
1,49,0,0,0,1,1,1,0.384,1,1,0,1,0,0,0,0,0,0,0,1,0,0,0,0,0,0,1,0,0,0,0,Fraud,None,2018-02-04,Rajasthan,0
6,16,1,0,0,1,0,3,0.621,21,5,1,0,0,0,0,0,0,1,0,0,0,0,0,0,1,0,0,0,0,0,0,Robbery,Lal Toofan Crew,2024-05-21,Rajasthan,1
0,38,0,0,1,0,0,4,0.613,9,1,1,0,0,0,0,0,1,0,0,0,0,0,0,1,0,0,0,0,0,0,0,Assault,None,2024-04-07,West Bengal,0
2,18,1,0,0,0,0,2,0.313,0,9,0,0,1,0,0,0,0,1,0,0,0,0,1,0,0,0,0,0,0,0,0,Vandalism,Patang Syndicate,2025-01-27,Punjab,1
2,38,0,1,0,1,0,2,0.36,22,7,1,0,0,0,0,0,0,0,0,1,0,0,0,0,0,0,0,0,0,0,1,Extortion,None,2020-05-14,Gujarat,0
2,38,0,0,0,0,0,4,0.559,4,0,1,0,0,0,0,0,1,0,0,0,0,0,0,0,1,0,0,0,0,0,0,Assault,None,2019-11-29,Kerala,1
3,23,1,1,1,1,0,3,0.565,21,4,0,0,1,0,0,0,1,0,0,0,0,0,0,0,0,0,1,0,0,0,0,Robbery,Lal Toofan Crew,2023-10-05,Delhi,1
0,39,0,0,0,1,0,0,0.145,21,1,1,0,0,0,0,0,0,1,0,0,0,0,1,0,0,0,0,0,0,0,0,Burglary,None,2025-03-03,Karnataka,0
0,17,0,0,0,1,0,2,0.274,4,2,1,0,0,0,0,0,0,0,0,1,0,0,0,0,1,0,0,0,0,0,0,Burglary,None,2020-02-15,Uttar Pradesh,0
1,34,0,0,0,0,0,1,0.37,14,0,0,0,1,0,0,0,1,0,0,0,0,0,0,0,1,0,0,0,0,0,0,Assault,None,2021-07-03,Delhi,0
1,45,0,0,0,1,0,0,0.198,15,5,0,0,0,0,1,0,0,0,0,0,1,0,0,0,0,1,0,0,0,0,0,Money Laundering,None,2019-12-05,Tamil Nadu,0
0,26,0,0,0,1,0,0,0.208,16,0,0,1,0,0,0,0,0,1,0,0,0,0,1,0,0,0,0,0,0,0,0,Burglary,None,2024-05-10,Tamil Nadu,0
1,28,1,0,0,1,0,1,0.885,14,9,0,0,0,0,0,1,0,0,0,0,1,0,0,0,0,1,0,0,0,0,0,Fraud,Neela Saanp Syndicate,2018-10-22,Karnataka,0
3,40,1,1,0,1,0,4,0.567,21,9,0,0,0,1,0,0,0,0,0,0,0,1,0,0,0,0,0,1,0,0,0,Arms Trafficking,Kaala Bichhoo Gang,2021-12-06,Kerala,1
2,29,1,1,1,1,0,1,0.788,10,9,0,0,0,1,0,0,0,0,0,0,0,1,0,0,0,0,0,1,0,0,0,Drug Trafficking,Kaala Bichhoo Gang,2020-05-26,Kerala,1
3,43,0,0,1,0,0,4,0.396,0,3,1,0,0,0,0,0,0,0,0,0,1,0,0,0,1,0,0,0,0,0,0,Assault,None,2018-02-04,Uttar Pradesh,0
1,28,1,1,0,1,0,3,0.596,18,6,0,0,0,1,0,0,1,0,0,0,0,0,0,0,0,0,0,1,0,0,0,Arms Trafficking,Teen Talwar Gang,2024-04-10,Tamil Nadu,1
0,32,0,0,0,1,0,1,0.418,1,2,0,1,0,0,0,0,0,0,0,1,0,0,1,0,0,0,0,0,0,0,0,Burglary,None,2025-01-22,Uttar Pradesh,1
1,35,0,0,0,0,0,1,0.647,2,3,0,1,0,0,0,0,0,0,1,0,0,0,1,0,0,0,0,0,0,0,0,Car Theft,None,2025-12-10,Uttar Pradesh,1
1,28,0,0,0,0,1,0,0.347,13,2,0,1,0,0,0,0,0,0,0,1,0,0,0,0,0,0,1,0,0,0,0,Cybercrime,None,2018-07-27,Karnataka,0
0,26,0,1,0,1,1,3,0.375,22,2,1,0,0,0,0,0,1,0,0,0,0,0,0,0,0,0,0,0,1,0,0,Kidnapping,None,2019-02-12,Bihar,0
3,19,1,0,0,0,0,4,0.899,15,0,0,0,1,0,0,0,1,0,0,0,0,0,0,0,1,0,0,0,0,0,0,Assault,Kaali Billi Crew,2022-02-21,Madhya Pradesh,1
3,33,0,0,0,1,1,0,0.395,14,4,0,1,0,0,0,0,0,0,0,1,0,0,0,0,0,1,0,0,0,0,0,Fraud,None,2022-12-24,Maharashtra,1
0,31,0,1,0,0,0,4,0.704,9,2,0,0,1,0,0,0,1,0,0,0,0,0,0,1,0,0,0,0,0,0,0,Assault,None,2024-01-06,Madhya Pradesh,0
2,16,1,0,0,1,1,4,0.531,23,10,0,0,0,0,0,1,0,0,0,0,1,0,0,0,0,0,1,0,0,0,0,Cybercrime,Neela Saanp Syndicate,2018-04-02,West Bengal,1
0,21,0,0,0,1,1,0,0.309,13,4,0,0,0,0,0,1,0,0,0,0,1,0,0,0,0,1,0,0,0,0,0,Cybercrime,None,2023-05-14,Karnataka,0
1,27,0,1,1,1,0,0,0.484,11,3,0,0,1,0,0,0,0,0,0,0,0,1,0,0,0,0,0,1,0,0,0,Drug Trafficking,None,2020-06-23,Karnataka,0
2,19,0,0,0,0,0,1,0.263,16,1,0,1,0,0,0,0,0,0,0,0,0,1,1,0,0,0,0,0,0,0,0,Vandalism,None,2018-03-29,Delhi,1
1,21,0,0,0,0,0,0,0.073,23,0,1,0,0,0,0,0,0,1,0,0,0,0,0,0,0,0,0,0,0,1,0,Vandalism,None,2024-07-06,Uttar Pradesh,0
4,33,1,0,1,1,0,1,0.475,3,11,1,0,0,0,0,0,0,0,0,1,0,0,0,0,0,0,0,1,0,0,0,Drug Trafficking,Kaala Bichhoo Gang,2024-05-07,Maharashtra,1
4,16,1,1,0,1,0,2,0.708,3,2,1,0,0,0,0,0,0,1,0,0,0,0,1,0,0,0,0,0,0,0,0,Burglary,Lal Toofan Crew,2022-05-04,Rajasthan,1
2,21,0,0,0,1,0,0,0.132,18,3,0,0,1,0,0,0,0,1,0,0,0,0,1,0,0,0,0,0,0,0,0,Car Theft,None,2025-02-09,Bihar,0
4,32,0,1,0,1,0,4,0.513,18,6,1,0,0,0,0,0,0,0,0,0,0,1,0,0,0,0,0,1,0,0,0,Arms Trafficking,None,2021-06-26,Uttar Pradesh,1
0,21,0,0,0,1,1,0,0.264,19,1,0,0,0,0,0,1,0,0,0,0,1,0,0,0,0,0,1,0,0,0,0,Cybercrime,None,2024-08-09,Punjab,0
1,47,1,1,0,1,0,3,0.441,11,8,0,0,1,0,0,0,0,0,0,0,0,1,0,0,0,0,0,1,0,0,0,Arms Trafficking,Teen Talwar Gang,2022-09-25,Tamil Nadu,1
0,32,0,0,0,0,0,1,0.608,12,2,1,0,0,0,0,0,0,0,1,0,0,0,0,0,0,0,0,0,0,1,0,Arson,None,2020-05-24,Uttar Pradesh,1
1,43,1,0,1,0,1,0,0.486,15,15,1,0,0,0,0,0,1,0,0,0,0,0,0,1,0,0,0,0,0,0,0,Human Trafficking,Patang Syndicate,2023-07-09,Punjab,0
5,35,1,0,1,1,0,2,0.683,11,9,0,0,0,1,0,0,0,0,0,0,0,1,0,0,0,0,0,1,0,0,0,Drug Trafficking,Kaala Bichhoo Gang,2020-12-27,Kerala,1
4,43,0,1,0,0,0,3,0.289,23,1,0,0,1,0,0,0,1,0,0,0,0,0,0,1,0,0,0,0,0,0,0,Murder,None,2019-07-21,Uttar Pradesh,1
4,25,1,0,1,1,1,1,0.749,21,15,1,0,0,0,0,0,0,0,0,0,0,1,0,0,0,0,0,1,0,0,0,Drug Trafficking,Neela Saanp Syndicate,2021-11-04,Karnataka,1
1,32,0,0,0,0,0,1,0.441,20,1,0,0,1,0,0,0,1,0,0,0,0,0,1,0,0,0,0,0,0,0,0,Assault,None,2018-06-15,Uttar Pradesh,0
3,35,0,0,0,1,0,1,0.449,8,1,0,0,1,0,0,0,0,0,1,0,0,0,0,0,0,1,0,0,0,0,0,Car Theft,None,2023-03-05,Maharashtra,0
3,38,0,0,0,0,0,1,0.674,1,1,0,1,0,0,0,0,1,0,0,0,0,0,0,0,1,0,0,0,0,0,0,Assault,None,2023-03-25,Tamil Nadu,0
0,44,0,0,1,1,1,1,0.363,11,13,0,0,0,0,0,1,0,0,1,0,0,0,0,0,0,0,0,0,0,0,1,Arms Trafficking,None,2018-11-04,Rajasthan,1
1,30,0,0,0,1,0,0,0.518,9,1,0,0,1,0,0,0,0,1,0,0,0,0,0,0,0,0,0,0,1,0,0,Kidnapping,None,2023-11-15,Telangana,1
2,32,0,1,0,0,0,3,0.437,1,1,1,0,0,0,0,0,1,0,0,0,0,0,0,0,1,0,0,0,0,0,0,Assault,None,2022-10-27,Rajasthan,0
1,40,0,1,0,1,0,2,0.805,1,5,0,1,0,0,0,0,0,0,0,1,0,0,0,0,0,0,0,0,0,0,1,Extortion,None,2022-02-21,Bihar,1
2,24,0,0,0,0,0,1,0.069,22,1,0,0,1,0,0,0,0,1,0,0,0,0,1,0,0,0,0,0,0,0,0,Vandalism,None,2020-04-23,Uttar Pradesh,0
1,33,0,0,0,1,1,0,0.314,0,4,0,0,0,0,0,1,0,0,0,0,1,0,0,0,0,0,1,0,0,0,0,Cybercrime,None,2018-04-06,Madhya Pradesh,0
3,41,1,0,0,1,0,2,0.714,2,11,0,0,0,0,1,0,0,0,0,1,0,0,0,0,0,1,0,0,0,0,0,Money Laundering,Kaala Bichhoo Gang,2021-10-16,Maharashtra,1
0,24,0,0,0,0,0,2,0.763,3,2,0,0,0,1,0,0,1,0,0,0,0,0,0,0,1,0,0,0,0,0,0,Assault,None,2021-03-19,Gujarat,0
3,31,1,0,1,1,0,3,0.743,3,3,1,0,0,0,0,0,0,1,0,0,0,0,0,0,0,0,0,0,0,1,0,Arson,Kaali Billi Crew,2022-11-14,Haryana,0
2,32,0,1,0,0,0,5,0.492,3,4,0,0,1,0,0,0,1,0,0,0,0,0,0,0,1,0,0,0,0,0,0,Murder,None,2021-09-19,Bihar,0
3,26,1,0,0,0,0,0,0.372,4,1,0,0,1,0,0,0,1,0,0,0,0,0,1,0,0,0,0,0,0,0,0,Arson,Kaali Billi Crew,2020-08-31,Madhya Pradesh,1
3,38,0,0,0,1,0,1,0.763,22,1,1,0,0,0,0,0,0,1,0,0,0,0,1,0,0,0,0,0,0,0,0,Burglary,None,2023-06-11,Maharashtra,0
2,59,1,0,0,1,0,0,0.42,19,8,0,0,0,0,1,0,0,0,0,1,0,0,0,0,0,1,0,0,0,0,0,Money Laundering,Kaala Bichhoo Gang,2023-09-20,Kerala,0
2,18,0,1,0,1,1,3,0.279,8,3,0,1,0,0,0,0,0,0,0,1,0,0,0,0,0,0,0,0,1,0,0,Extortion,None,2022-06-02,Madhya Pradesh,0
0,16,0,0,0,1,0,1,0.259,3,3,1,0,0,0,0,0,0,0,0,1,0,0,1,0,0,0,0,0,0,0,0,Burglary,None,2025-11-11,Delhi,0
2,27,1,0,0,0,1,0,0.371,16,8,0,0,0,0,0,1,0,0,0,1,0,0,0,0,0,0,1,0,0,0,0,Cybercrime,Neela Saanp Syndicate,2025-08-04,Karnataka,0
1,28,0,0,0,0,0,4,0.381,12,2,1,0,0,0,0,0,1,0,0,0,0,0,0,0,1,0,0,0,0,0,0,Assault,None,2023-12-13,Uttar Pradesh,0
3,38,0,1,0,1,1,3,0.464,23,8,0,0,0,1,0,0,0,0,0,0,0,1,0,0,0,0,0,1,0,0,0,Arms Trafficking,None,2022-09-30,Maharashtra,1
1,30,0,1,0,0,0,1,0.67,8,3,0,1,0,0,0,0,1,0,0,0,0,0,0,0,0,0,0,0,0,0,1,Assault,None,2023-06-05,Maharashtra,0
0,40,0,1,0,0,1,3,0.443,9,5,0,0,0,1,0,0,1,0,0,0,0,0,0,0,0,0,0,0,1,0,0,Kidnapping,None,2021-07-05,Bihar,0
3,46,1,0,1,1,0,1,0.298,18,12,0,0,0,0,0,1,1,0,0,0,0,0,0,0,0,0,0,0,1,0,0,Human Trafficking,Patang Syndicate,2021-04-04,Telangana,1
1,32,0,1,0,1,0,0,0.288,14,7,0,0,0,1,0,0,0,0,0,0,0,1,0,0,0,0,0,1,0,0,0,Arms Trafficking,None,2018-05-21,Madhya Pradesh,0
0,17,1,1,0,1,0,2,0.662,10,16,0,0,1,0,0,0,0,0,1,0,0,0,0,0,0,1,0,0,0,0,0,Arms Trafficking,Kaali Billi Crew,2018-01-04,Madhya Pradesh,1
0,20,1,0,0,1,1,0,0.449,19,8,0,0,0,0,0,1,0,0,0,1,0,0,0,0,0,0,1,0,0,0,0,Cybercrime,Neela Saanp Syndicate,2018-12-14,West Bengal,0
2,29,0,1,0,0,0,2,0.325,16,1,1,0,0,0,0,0,1,0,0,0,0,0,0,0,1,0,0,0,0,0,0,Assault,None,2023-08-12,Telangana,1
0,37,0,0,0,1,1,0,0.14,16,4,0,0,1,0,0,0,0,1,0,0,0,0,0,0,0,1,0,0,0,0,0,Money Laundering,None,2020-05-03,West Bengal,0
3,31,0,0,0,0,0,5,0.696,4,1,0,1,0,0,0,0,1,0,0,0,0,0,0,0,0,0,0,0,0,0,1,Assault,None,2019-12-02,Bihar,0
1,25,0,0,0,0,0,2,0.324,20,0,0,1,0,0,0,0,1,0,0,0,0,0,0,0,1,0,0,0,0,0,0,Murder,None,2025-10-12,Maharashtra,0
1,33,1,1,0,1,0,3,0.657,4,13,0,0,0,1,0,0,1,0,0,0,0,0,0,0,0,0,0,0,1,0,0,Kidnapping,Patang Syndicate,2023-04-20,Telangana,0
2,31,1,0,0,1,1,0,0.504,11,6,0,0,0,0,0,1,0,0,0,1,0,0,0,0,0,0,1,0,0,0,0,Cybercrime,Patang Syndicate,2019-02-02,Punjab,0
1,23,0,0,0,0,0,0,0.367,1,1,1,0,0,0,0,0,0,0,1,0,0,0,1,0,0,0,0,0,0,0,0,Car Theft,None,2021-05-25,Karnataka,0
1,23,0,0,0,1,1,0,0.383,8,1,0,0,0,0,0,1,0,0,0,0,1,0,0,0,0,0,1,0,0,0,0,Cybercrime,None,2022-06-09,Maharashtra,0
1,22,0,0,0,0,0,0,0.414,2,3,0,0,1,0,0,0,0,0,1,0,0,0,1,0,0,0,0,0,0,0,0,Car Theft,None,2020-12-30,Gujarat,0
0,29,0,0,0,1,1,0,0.47,0,2,1,0,0,0,0,0,0,0,1,0,0,0,0,0,0,0,1,0,0,0,0,Car Theft,None,2023-12-07,Gujarat,0
2,38,0,0,0,1,1,2,0.39,3,11,1,0,0,0,0,0,1,0,0,0,0,0,0,0,0,1,0,0,0,0,0,Human Trafficking,None,2024-06-13,West Bengal,1
1,43,0,1,0,1,0,0,0.619,18,7,0,0,0,1,0,0,0,0,0,0,0,1,0,0,0,0,0,1,0,0,0,Arms Trafficking,None,2018-02-09,Bihar,1
6,35,1,1,0,1,0,3,0.78,2,10,0,1,0,0,0,0,0,0,0,0,0,1,0,0,0,0,0,1,0,0,0,Arms Trafficking,Kaala Bichhoo Gang,2024-09-25,Maharashtra,1
0,33,1,1,0,0,0,2,0.787,3,6,1,0,0,0,0,0,0,0,0,1,0,0,0,1,0,0,0,0,0,0,0,Robbery,Lal Toofan Crew,2020-10-18,Rajasthan,1
0,44,0,1,0,0,0,2,0.626,19,5,0,0,1,0,0,0,1,0,0,0,0,0,0,0,0,0,0,0,1,0,0,Murder,None,2021-01-23,Maharashtra,0
0,25,0,1,0,1,0,1,0.437,21,4,0,0,1,0,0,0,0,0,0,1,0,0,0,0,0,0,0,0,0,0,1,Robbery,None,2024-06-06,Uttar Pradesh,0
3,33,1,1,0,0,0,2,0.615,10,16,1,0,0,0,0,0,1,0,0,0,0,0,0,0,0,0,0,0,1,0,0,Kidnapping,Patang Syndicate,2021-08-21,Punjab,1
1,27,0,0,0,0,0,0,0.178,22,1,0,0,1,0,0,0,0,1,0,0,0,0,0,0,0,0,0,0,0,1,0,Vandalism,None,2018-03-29,Bihar,0
2,25,0,0,0,1,1,1,0.368,3,0,0,0,0,0,0,1,0,0,0,1,0,0,0,0,0,0,1,0,0,0,0,Cybercrime,None,2024-08-07,Madhya Pradesh,0
1,31,0,0,0,1,0,0,0.407,0,1,0,0,1,0,0,0,0,0,1,0,0,0,1,0,0,0,0,0,0,0,0,Car Theft,None,2018-05-10,Uttar Pradesh,0
1,34,0,0,1,1,0,0,0.518,20,5,1,0,0,0,0,0,0,0,0,0,0,1,0,0,0,0,0,1,0,0,0,Drug Trafficking,None,2024-01-31,Uttar Pradesh,1
0,17,0,0,0,1,1,0,0.355,16,1,0,0,0,0,0,1,0,0,0,0,1,0,0,0,0,1,0,0,0,0,0,Cybercrime,None,2023-03-25,Delhi,0
3,16,0,1,1,0,0,2,0.085,14,0,0,0,1,0,0,0,0,1,0,0,0,0,1,0,0,0,0,0,0,0,0,Vandalism,None,2018-12-23,Uttar Pradesh,1
1,23,0,0,0,0,0,1,0.232,21,2,1,0,0,0,0,0,0,0,0,1,0,0,1,0,0,0,0,0,0,0,0,Burglary,None,2023-02-15,Rajasthan,1
0,21,1,0,0,1,0,1,0.45,18,9,0,1,0,0,0,0,0,0,0,1,0,0,0,0,0,1,0,0,0,0,0,Fraud,Neela Saanp Syndicate,2018-03-18,Karnataka,0
2,31,0,1,1,0,1,2,0.549,21,0,0,0,1,0,0,0,1,0,0,0,0,0,0,0,1,0,0,0,0,0,0,Assault,None,2024-05-13,Gujarat,1
2,21,1,0,0,0,0,2,0.33,9,4,1,0,0,0,0,0,0,1,0,0,0,0,0,0,1,0,0,0,0,0,0,Burglary,Kaali Billi Crew,2021-03-24,Madhya Pradesh,1
1,21,1,1,0,1,0,0,0.368,1,6,0,0,1,0,0,0,0,0,1,0,0,0,0,0,0,0,1,0,0,0,0,Car Theft,Lal Toofan Crew,2022-07-22,Delhi,1
0,17,0,0,1,1,1,1,0.242,14,1,0,1,0,0,0,0,0,0,1,0,0,0,1,0,0,0,0,0,0,0,0,Car Theft,None,2022-07-21,Haryana,0
0,26,0,0,0,1,1,0,0.068,1,0,0,0,0,0,0,1,0,0,0,0,1,0,0,0,0,1,0,0,0,0,0,Cybercrime,None,2024-01-05,Karnataka,1
4,31,0,0,0,0,0,2,0.455,4,2,0,1,0,0,0,0,0,1,0,0,0,0,0,0,0,0,0,0,0,1,0,Arson,None,2025-01-10,Gujarat,0
7,52,1,0,0,1,0,6,0.648,21,15,0,0,1,0,0,0,1,0,0,0,0,0,0,0,0,0,0,0,1,0,0,Human Trafficking,Patang Syndicate,2021-10-16,Punjab,1
0,16,1,0,0,1,1,2,0.382,12,11,0,0,0,0,0,1,0,0,0,0,1,0,0,0,0,0,1,0,0,0,0,Cybercrime,Neela Saanp Syndicate,2023-10-13,Karnataka,0
0,24,0,0,0,0,0,2,0.59,2,1,1,0,0,0,0,0,1,0,0,0,0,0,0,1,0,0,0,0,0,0,0,Assault,None,2020-01-31,Rajasthan,1
2,16,1,0,0,0,0,3,0.575,4,4,0,0,1,0,0,0,0,1,0,0,0,0,0,0,0,0,0,0,0,1,0,Vandalism,Kaali Billi Crew,2025-04-20,Haryana,1
6,45,1,1,0,0,0,6,0.359,17,3,1,0,0,0,0,0,1,0,0,0,0,0,0,0,1,0,0,0,0,0,0,Murder,Teen Talwar Gang,2018-12-31,Gujarat,1
3,33,1,0,1,1,0,4,0.457,14,12,0,0,0,1,0,0,0,0,0,0,0,1,0,0,0,0,0,1,0,0,0,Drug Trafficking,Kaala Bichhoo Gang,2020-11-21,Kerala,0
2,23,0,0,0,0,0,1,0.203,3,0,0,1,0,0,0,0,0,1,0,0,0,0,1,0,0,0,0,0,0,0,0,Burglary,None,2020-07-02,West Bengal,1
2,49,0,0,0,1,0,2,0.345,18,1,0,1,0,0,0,0,0,0,0,1,0,0,0,0,0,0,1,0,0,0,0,Fraud,None,2019-11-01,Uttar Pradesh,0
4,39,1,0,0,1,0,2,0.495,12,14,0,0,1,0,0,0,1,0,0,0,0,0,0,0,0,0,0,0,1,0,0,Human Trafficking,Patang Syndicate,2023-10-26,Telangana,1
0,22,0,1,0,1,0,4,0.837,16,2,1,0,0,0,0,0,0,0,0,1,0,0,0,0,0,0,0,0,0,0,1,Extortion,None,2023-02-23,Gujarat,0
0,44,0,0,0,1,0,1,0.359,18,2,0,0,0,0,0,1,0,0,0,1,0,0,0,0,0,1,0,0,0,0,0,Fraud,None,2019-06-27,Bihar,0
2,31,0,1,0,1,0,2,0.896,2,6,0,1,0,0,0,0,0,0,0,0,0,1,0,1,0,0,0,0,0,0,0,Arms Trafficking,None,2024-10-30,Kerala,1
0,21,0,0,0,1,1,1,0.528,19,1,0,1,0,0,0,0,0,0,0,0,1,0,0,0,0,0,1,0,0,0,0,Cybercrime,None,2024-04-23,Tamil Nadu,1
0,30,0,0,0,0,0,0,0.308,1,1,1,0,0,0,0,0,0,0,0,1,0,0,1,0,0,0,0,0,0,0,0,Burglary,None,2025-11-02,Uttar Pradesh,0
0,19,0,0,0,0,0,1,0.348,1,1,0,1,0,0,0,0,0,1,0,0,0,0,0,0,0,0,0,0,0,1,0,Arson,None,2023-04-27,Maharashtra,0
1,20,0,1,0,0,0,3,0.592,1,1,0,0,1,0,0,0,1,0,0,0,0,0,0,1,0,0,0,0,0,0,0,Murder,None,2019-04-02,Maharashtra,0
3,44,0,1,0,1,0,3,0.494,23,5,0,0,1,0,0,0,1,0,0,0,0,0,0,1,0,0,0,0,0,0,0,Kidnapping,None,2021-10-17,Maharashtra,1
3,37,0,0,0,1,0,0,0.589,4,0,0,0,1,0,0,0,0,0,1,0,0,0,1,0,0,0,0,0,0,0,0,Car Theft,None,2023-12-26,Tamil Nadu,0
3,31,1,0,0,1,0,3,0.461,3,8,1,0,0,0,0,0,0,1,0,0,0,0,0,0,0,1,0,0,0,0,0,Burglary,Patang Syndicate,2023-03-07,Telangana,1
2,23,1,1,0,1,0,0,0.715,3,5,0,0,1,0,0,0,0,0,1,0,0,0,0,0,0,1,0,0,0,0,0,Car Theft,Lal Toofan Crew,2021-11-01,Rajasthan,0
3,43,1,0,1,1,1,4,0.717,22,21,0,0,0,0,0,1,1,0,0,0,0,0,0,0,0,1,0,0,0,0,0,Human Trafficking,Patang Syndicate,2021-09-14,Punjab,0
2,17,1,1,0,1,0,1,0.445,21,6,1,0,0,0,0,0,0,0,0,0,0,1,1,0,0,0,0,0,0,0,0,Burglary,Lal Toofan Crew,2022-03-18,Delhi,0
2,41,0,0,0,1,0,0,0.38,16,1,0,0,0,0,1,0,0,0,0,1,0,0,0,0,0,1,0,0,0,0,0,Fraud,None,2023-06-29,Uttar Pradesh,0
2,17,1,0,0,0,0,3,0.622,23,5,0,0,1,0,0,0,0,1,0,0,0,0,0,0,0,0,0,0,0,1,0,Vandalism,Kaali Billi Crew,2021-03-06,Haryana,1
0,28,0,0,0,1,0,0,0.493,23,0,0,0,0,0,1,0,0,1,0,0,0,0,1,0,0,0,0,0,0,0,0,Burglary,None,2021-12-10,Uttar Pradesh,0
4,44,1,0,0,1,1,1,0.535,9,10,0,1,0,0,0,0,1,0,0,0,0,0,0,0,0,0,0,0,0,1,0,Human Trafficking,Patang Syndicate,2023-08-29,Punjab,1
3,23,0,0,0,1,1,0,0.482,14,1,0,0,0,0,0,1,0,0,0,0,1,0,0,0,0,1,0,0,0,0,0,Cybercrime,None,2018-02-09,Rajasthan,0
3,31,0,0,0,0,1,5,0.607,21,9,0,0,1,0,0,0,0,0,0,1,0,0,0,0,0,0,0,0,1,0,0,Kidnapping,None,2024-05-24,Rajasthan,1
1,32,0,0,0,0,0,1,0.26,4,1,0,1,0,0,0,0,1,0,0,0,0,0,0,0,1,0,0,0,0,0,0,Assault,None,2021-08-21,Tamil Nadu,0
2,26,0,1,0,1,0,5,0.223,14,4,0,0,1,0,0,0,1,0,0,0,0,0,0,0,0,0,0,0,0,0,1,Kidnapping,None,2021-06-08,Punjab,1
2,27,1,0,0,1,1,1,0.718,16,9,0,1,0,0,0,0,0,0,0,0,1,0,0,0,0,0,1,0,0,0,0,Cybercrime,Neela Saanp Syndicate,2019-07-26,Karnataka,0
1,34,0,0,0,0,0,2,0.558,20,2,1,0,0,0,0,0,1,0,0,0,0,0,0,0,1,0,0,0,0,0,0,Murder,None,2025-10-21,Maharashtra,0
2,28,0,0,0,1,0,0,0.101,22,0,0,0,1,0,0,0,0,0,1,0,0,0,1,0,0,0,0,0,0,0,0,Car Theft,None,2021-02-24,Uttar Pradesh,0
1,16,1,1,0,1,0,3,0.778,4,3,0,0,1,0,0,0,0,0,0,1,0,0,0,1,0,0,0,0,0,0,0,Robbery,Lal Toofan Crew,2023-07-17,Delhi,1
3,33,0,0,0,1,0,0,0.586,19,2,0,0,0,0,1,0,0,0,0,1,0,0,0,0,0,1,0,0,0,0,0,Fraud,None,2020-09-12,Uttar Pradesh,0
1,16,1,0,0,0,0,0,0.68,4,0,0,0,1,0,0,0,0,0,1,0,0,0,1,0,0,0,0,0,0,0,0,Car Theft,Kaali Billi Crew,2023-03-20,Haryana,1
0,18,0,0,0,1,1,0,0.343,21,0,0,1,0,0,0,0,0,0,0,0,1,0,0,0,0,0,1,0,0,0,0,Cybercrime,None,2020-02-29,Bihar,1
5,46,0,1,0,0,0,3,0.443,4,2,0,0,1,0,0,0,1,0,0,0,0,0,0,1,0,0,0,0,0,0,0,Assault,None,2025-09-06,Rajasthan,1
1,16,1,0,0,1,0,2,0.514,1,2,0,1,0,0,0,0,0,0,1,0,0,0,1,0,0,0,0,0,0,0,0,Car Theft,Kaali Billi Crew,2022-11-20,Haryana,1
0,20,0,0,0,1,1,0,0.251,20,3,0,0,1,0,0,0,0,0,1,0,0,0,1,0,0,0,0,0,0,0,0,Car Theft,None,2019-10-17,Maharashtra,0
0,42,0,0,0,0,0,2,0.527,10,0,0,0,0,1,0,0,1,0,0,0,0,0,0,1,0,0,0,0,0,0,0,Assault,None,2025-11-07,Punjab,0
1,25,1,0,0,1,1,0,0.543,18,7,0,0,0,0,0,1,0,0,0,0,1,0,0,0,0,0,1,0,0,0,0,Cybercrime,Neela Saanp Syndicate,2024-04-05,Karnataka,0
2,30,0,0,0,1,0,0,0.137,1,1,0,1,0,0,0,0,0,0,0,1,0,0,1,0,0,0,0,0,0,0,0,Burglary,None,2020-02-09,Gujarat,0
3,24,0,1,0,1,0,2,0.386,19,2,0,0,0,1,0,0,0,0,0,1,0,0,0,1,0,0,0,0,0,0,0,Robbery,None,2022-09-19,Maharashtra,0
3,16,1,0,0,0,0,1,0.514,8,7,0,0,1,0,0,0,0,0,1,0,0,0,0,0,0,1,0,0,0,0,0,Car Theft,Kaali Billi Crew,2019-05-27,Haryana,0
0,19,0,0,0,0,0,0,0.197,16,5,0,1,0,0,0,0,0,1,0,0,0,0,0,1,0,0,0,0,0,0,0,Vandalism,None,2020-07-28,West Bengal,0
1,23,0,0,0,1,0,0,0.529,1,1,0,0,1,0,0,0,0,0,1,0,0,0,1,0,0,0,0,0,0,0,0,Car Theft,None,2022-06-30,Rajasthan,1
2,46,0,0,0,1,0,0,0.222,15,1,0,0,0,0,1,0,1,0,0,0,0,0,0,0,0,1,0,0,0,0,0,Fraud,None,2018-05-09,Uttar Pradesh,0
1,34,0,1,0,1,0,4,0.201,15,0,0,1,0,0,0,0,0,1,0,0,0,0,1,0,0,0,0,0,0,0,0,Burglary,None,2022-06-02,Tamil Nadu,1
4,28,1,1,0,1,0,4,0.69,3,7,0,1,0,0,0,0,0,0,0,1,0,0,0,0,0,0,0,0,0,0,1,Extortion,Teen Talwar Gang,2022-01-19,Gujarat,1
1,24,0,0,0,1,0,0,0.585,10,2,1,0,0,0,0,0,0,0,1,0,0,0,0,0,0,0,1,0,0,0,0,Car Theft,None,2019-06-19,Bihar,0
1,35,0,0,0,1,0,0,0.329,13,0,0,0,0,0,0,1,0,1,0,0,0,0,0,0,0,1,0,0,0,0,0,Fraud,None,2025-01-04,Uttar Pradesh,0
0,39,0,0,0,0,0,0,0.331,21,3,0,0,1,0,0,0,0,0,1,0,0,0,1,0,0,0,0,0,0,0,0,Car Theft,None,2024-05-18,Rajasthan,0
0,16,0,0,0,1,1,0,0.196,13,1,0,0,0,0,0,1,0,0,0,0,1,0,0,0,0,0,0,1,0,0,0,Cybercrime,None,2023-01-13,Madhya Pradesh,0
3,38,0,0,0,1,0,0,0.609,14,2,0,1,0,0,0,0,0,0,0,1,0,0,0,0,0,1,0,0,0,0,0,Fraud,None,2020-02-29,Uttar Pradesh,0
2,31,0,0,0,0,0,2,0.48,22,1,0,1,0,0,0,0,1,0,0,0,0,0,0,0,1,0,0,0,0,0,0,Assault,None,2018-08-02,Maharashtra,0
3,35,0,0,0,1,0,0,0.201,16,4,0,0,0,0,0,1,0,0,0,1,0,0,0,0,0,1,0,0,0,0,0,Fraud,None,2018-12-20,Maharashtra,1
2,31,1,0,0,0,0,6,0.665,19,4,0,0,1,0,0,0,1,0,0,0,0,0,0,0,1,0,0,0,0,0,0,Assault,Kaali Billi Crew,2023-11-18,Haryana,0
0,31,0,1,1,0,0,1,0.187,22,3,1,0,0,0,0,0,1,0,0,0,0,0,0,0,1,0,0,0,0,0,0,Assault,None,2018-10-04,Maharashtra,0
1,27,0,0,0,0,0,1,0.835,23,4,0,0,1,0,0,0,1,0,0,0,0,0,0,0,0,0,0,0,1,0,0,Kidnapping,None,2024-12-26,Uttar Pradesh,0
2,27,0,1,0,1,0,4,0.44,4,3,0,1,0,0,0,0,0,0,0,0,0,1,0,0,0,0,0,1,0,0,0,Arms Trafficking,None,2022-11-01,Madhya Pradesh,1
6,44,0,1,0,0,0,2,0.081,18,4,0,0,0,1,0,0,1,0,0,0,0,0,0,0,1,0,0,0,0,0,0,Murder,None,2025-09-19,Maharashtra,1
2,24,0,0,0,0,0,1,0.384,17,1,0,0,1,0,0,0,0,1,0,0,0,0,0,0,1,0,0,0,0,0,0,Assault,None,2020-05-26,Delhi,0
1,29,0,0,0,1,0,0,0.097,15,2,0,1,0,0,0,0,0,0,0,0,1,0,0,0,0,1,0,0,0,0,0,Fraud,None,2022-08-02,Telangana,1
0,37,0,0,0,0,0,2,0.444,8,4,0,0,1,0,0,0,0,0,0,1,0,0,0,0,1,0,0,0,0,0,0,Assault,None,2022-06-09,Uttar Pradesh,0
3,38,0,1,0,1,1,0,0.045,18,3,0,0,0,0,0,1,0,0,0,1,0,0,0,0,0,1,0,0,0,0,0,Money Laundering,None,2022-02-10,Bihar,0
0,28,0,1,1,1,0,0,0.698,13,4,1,0,0,0,0,0,0,0,0,1,0,0,0,1,0,0,0,0,0,0,0,Robbery,None,2021-01-29,Maharashtra,1
3,40,1,0,0,1,0,0,0.397,10,19,0,0,0,0,0,1,1,0,0,0,0,0,0,0,0,0,0,0,1,0,0,Human Trafficking,Patang Syndicate,2022-11-16,Telangana,1
2,27,0,0,0,1,1,0,0.483,17,2,0,0,0,0,0,1,0,0,0,0,1,0,0,0,0,0,1,0,0,0,0,Cybercrime,None,2020-06-12,Maharashtra,0
6,48,1,1,0,1,0,3,0.646,19,10,0,0,0,0,0,1,1,0,0,0,0,0,0,0,0,0,0,0,0,0,1,Extortion,Patang Syndicate,2020-08-19,Punjab,1
3,41,1,0,0,1,1,1,0.162,17,13,0,0,0,0,1,0,0,0,0,1,0,0,0,0,0,1,0,0,0,0,0,Money Laundering,Neela Saanp Syndicate,2022-06-04,Karnataka,0
0,31,0,1,1,1,0,2,0.555,16,0,0,0,0,0,1,0,1,0,0,0,0,0,0,0,1,0,0,0,0,0,0,Murder,None,2022-05-20,Uttar Pradesh,0
2,26,0,0,0,1,0,1,0.136,4,2,0,0,0,0,1,0,0,1,0,0,0,0,1,0,0,0,0,0,0,0,0,Burglary,None,2018-05-25,Uttar Pradesh,0
0,20,1,0,0,0,0,2,0.439,21,5,1,0,0,0,0,0,0,1,0,0,0,0,1,0,0,0,0,0,0,0,0,Car Theft,Lal Toofan Crew,2019-03-25,Rajasthan,1
0,23,0,1,0,1,0,0,0.299,1,0,1,0,0,0,0,0,0,1,0,0,0,0,1,0,0,0,0,0,0,0,0,Car Theft,None,2018-08-28,Gujarat,0
1,42,0,0,0,1,0,0,0.341,0,6,0,1,0,0,0,0,0,1,0,0,0,0,0,0,1,0,0,0,0,0,0,Robbery,None,2025-10-14,Haryana,0
5,29,1,1,0,1,0,0,0.678,13,6,1,0,0,0,0,0,0,1,0,0,0,0,1,0,0,0,0,0,0,0,0,Burglary,Kaali Billi Crew,2021-09-24,Madhya Pradesh,1
3,53,0,0,0,1,1,1,0.462,15,3,0,0,0,0,0,1,0,0,0,1,0,0,0,0,0,1,0,0,0,0,0,Money Laundering,None,2021-10-17,Rajasthan,0
3,34,0,0,0,1,1,0,0.328,21,1,0,1,0,0,0,0,0,1,0,0,0,0,1,0,0,0,0,0,0,0,0,Burglary,None,2020-11-13,Bihar,0
1,21,1,0,0,1,1,1,0.615,19,6,1,0,0,0,0,0,0,0,0,1,0,0,1,0,0,0,0,0,0,0,0,Burglary,Kaali Billi Crew,2021-11-23,Haryana,1
2,25,1,1,0,1,0,1,0.551,3,6,0,0,0,0,1,0,0,0,0,1,0,0,1,0,0,0,0,0,0,0,0,Burglary,Lal Toofan Crew,2022-05-18,Rajasthan,0
1,23,0,0,0,0,0,1,0.279,21,0,1,0,0,0,0,0,0,0,0,1,0,0,1,0,0,0,0,0,0,0,0,Burglary,None,2018-08-26,West Bengal,0
2,16,0,0,0,0,0,0,0.63,20,1,0,0,1,0,0,0,1,0,0,0,0,0,0,0,1,0,0,0,0,0,0,Assault,None,2023-05-31,Uttar Pradesh,0
2,24,0,1,0,1,0,3,0.451,9,4,0,0,0,0,1,0,0,0,0,0,0,1,0,0,0,0,0,1,0,0,0,Arms Trafficking,None,2025-10-12,Uttar Pradesh,0
0,19,0,1,0,0,0,1,0.535,15,2,0,0,1,0,0,0,0,1,0,0,0,0,0,0,1,0,0,0,0,0,0,Assault,None,2021-11-10,Rajasthan,1
1,38,1,0,0,0,0,3,0.792,3,8,0,0,1,0,0,0,1,0,0,0,0,0,0,0,0,0,0,0,0,0,1,Assault,Lal Toofan Crew,2021-04-04,Rajasthan,0
6,39,1,0,1,1,1,3,0.535,15,19,0,0,0,1,0,0,1,0,0,0,0,0,0,0,0,0,0,0,1,0,0,Human Trafficking,Patang Syndicate,2018-03-16,Punjab,1
3,24,0,0,0,1,0,0,0.504,2,2,0,1,0,0,0,0,0,1,0,0,0,0,1,0,0,0,0,0,0,0,0,Burglary,None,2025-09-27,West Bengal,0
1,37,0,0,0,0,0,1,0.741,22,3,0,0,1,0,0,0,1,0,0,0,0,0,0,0,1,0,0,0,0,0,0,Assault,None,2022-04-03,Rajasthan,0
2,24,0,1,1,0,0,6,0.464,14,2,0,0,1,0,0,0,1,0,0,0,0,0,0,1,0,0,0,0,0,0,0,Murder,None,2025-04-13,Maharashtra,1
1,31,1,0,1,1,0,0,0.457,2,7,0,0,1,0,0,0,0,0,0,0,0,1,0,0,0,0,0,1,0,0,0,Drug Trafficking,Kaala Bichhoo Gang,2022-12-04,Kerala,1
2,17,1,0,0,0,1,1,0.328,8,7,0,0,0,0,0,1,0,0,0,0,1,0,0,0,0,0,1,0,0,0,0,Cybercrime,Neela Saanp Syndicate,2019-02-23,West Bengal,1
0,35,1,1,0,1,1,2,0.344,13,10,0,0,0,1,0,0,0,1,0,0,0,0,0,0,0,0,0,0,1,0,0,Human Trafficking,Patang Syndicate,2025-06-18,Punjab,0
0,35,0,1,0,1,0,2,0.576,8,8,0,1,0,0,0,0,0,0,0,0,0,1,0,0,0,0,0,1,0,0,0,Arms Trafficking,None,2025-11-26,Uttar Pradesh,0
1,24,0,0,0,0,1,0,0.095,16,0,0,0,0,0,0,1,0,0,0,1,0,0,0,0,0,1,0,0,0,0,0,Cybercrime,None,2021-09-03,Rajasthan,1
0,39,1,1,0,1,0,1,0.681,11,24,0,0,0,1,0,0,1,0,0,0,0,0,0,1,0,0,0,0,0,0,0,Human Trafficking,Patang Syndicate,2020-01-02,Punjab,1
0,45,0,0,0,1,0,0,0.278,9,8,0,0,0,0,0,1,1,0,0,0,0,0,0,0,0,0,0,0,1,0,0,Human Trafficking,None,2023-10-25,Bihar,0
6,33,0,0,0,0,0,4,0.355,20,0,1,0,0,0,0,0,1,0,0,0,0,0,0,0,1,0,0,0,0,0,0,Assault,None,2022-09-03,Maharashtra,1
2,45,1,1,0,1,0,0,0.82,17,7,0,0,1,0,0,0,0,0,0,0,0,1,0,0,0,0,0,1,0,0,0,Arms Trafficking,Teen Talwar Gang,2023-06-02,Gujarat,0
0,25,0,0,0,1,0,0,0.596,15,8,1,0,0,0,0,0,0,0,0,0,0,1,0,0,0,0,0,1,0,0,0,Drug Trafficking,None,2023-01-08,Kerala,0
0,28,0,0,0,0,0,2,0.497,23,4,0,0,1,0,0,0,0,0,0,0,0,1,0,0,0,0,0,1,0,0,0,Vandalism,None,2023-04-19,Maharashtra,0
0,26,0,0,0,0,0,1,0.167,4,1,1,0,0,0,0,0,1,0,0,0,0,0,0,1,0,0,0,0,0,0,0,Assault,None,2019-12-24,Gujarat,0
1,28,0,1,0,1,0,2,0.548,3,4,0,0,0,0,0,1,0,0,0,1,0,0,0,0,0,0,0,0,0,0,1,Extortion,None,2025-09-20,Punjab,1
0,24,0,0,0,1,0,0,0.302,4,4,0,0,1,0,0,0,0,0,1,0,0,0,1,0,0,0,0,0,0,0,0,Car Theft,None,2021-12-05,Maharashtra,0
3,16,1,0,0,0,1,0,0.89,4,9,1,0,0,0,0,0,0,0,1,0,0,0,1,0,0,0,0,0,0,0,0,Car Theft,Kaali Billi Crew,2023-03-27,Haryana,1
0,21,0,1,0,1,0,3,0.389,21,1,1,0,0,0,0,0,1,0,0,0,0,0,0,0,1,0,0,0,0,0,0,Murder,None,2023-10-20,Gujarat,0
1,33,0,0,0,0,0,0,0.526,22,0,0,1,0,0,0,0,1,0,0,0,0,0,0,0,1,0,0,0,0,0,0,Assault,None,2022-05-17,Kerala,0
2,22,0,1,0,1,0,1,0.508,2,7,0,0,1,0,0,0,0,0,0,0,0,1,0,0,0,1,0,0,0,0,0,Arms Trafficking,None,2023-09-19,Gujarat,1
0,16,0,0,0,0,0,1,0.636,14,3,0,0,1,0,0,0,0,1,0,0,0,0,1,0,0,0,0,0,0,0,0,Vandalism,None,2018-07-25,Maharashtra,0
3,43,1,1,0,1,0,3,0.67,2,10,0,0,0,1,0,0,0,0,0,0,0,1,0,0,0,0,0,1,0,0,0,Arms Trafficking,Kaala Bichhoo Gang,2023-08-21,Maharashtra,0
0,30,0,0,0,1,0,0,0.604,1,3,0,1,0,0,0,0,0,1,0,0,0,0,1,0,0,0,0,0,0,0,0,Burglary,None,2022-03-03,Uttar Pradesh,0
1,32,0,1,0,0,0,3,0.359,1,2,0,0,1,0,0,0,1,0,0,0,0,0,0,0,0,0,0,0,0,0,1,Assault,None,2023-12-08,Tamil Nadu,0
2,16,0,0,0,1,0,1,0.234,22,1,0,1,0,0,0,0,0,1,0,0,0,0,1,0,0,0,0,0,0,0,0,Burglary,None,2023-05-04,Haryana,0
2,36,1,1,0,1,0,4,0.736,16,16,0,1,0,0,0,0,0,0,0,1,0,0,0,0,0,0,0,0,1,0,0,Kidnapping,Patang Syndicate,2025-12-29,Punjab,1
2,18,1,1,0,1,1,2,0.639,23,4,0,1,0,0,0,0,0,0,0,1,0,0,0,0,0,0,0,0,0,0,1,Extortion,Kaali Billi Crew,2020-12-13,Madhya Pradesh,0
1,16,1,1,0,0,0,1,0.312,0,7,1,0,0,0,0,0,0,1,0,0,0,0,1,0,0,0,0,0,0,0,0,Vandalism,Kaali Billi Crew,2021-11-07,Haryana,1
0,23,1,0,0,1,0,2,0.416,9,8,0,0,0,0,1,0,0,0,0,1,0,0,0,0,0,0,0,1,0,0,0,Money Laundering,Lal Toofan Crew,2019-06-22,Delhi,0
4,40,1,0,1,1,0,3,0.557,11,6,0,0,0,0,1,0,0,0,0,1,0,0,0,0,0,1,0,0,0,0,0,Money Laundering,Kaala Bichhoo Gang,2020-12-22,Kerala,0
2,24,1,0,0,1,0,1,0.562,10,8,0,0,1,0,0,0,0,0,0,0,0,1,0,0,0,1,0,0,0,0,0,Drug Trafficking,Lal Toofan Crew,2018-11-15,Delhi,1
2,27,0,1,0,0,0,2,0.617,14,0,1,0,0,0,0,0,0,0,0,0,0,1,0,0,0,0,0,0,0,0,1,Assault,None,2021-06-02,Tamil Nadu,1
0,21,0,0,0,1,1,0,0.019,13,0,0,0,0,0,0,1,0,0,0,1,0,0,0,0,0,0,1,0,0,0,0,Cybercrime,None,2025-08-10,West Bengal,0
2,21,0,1,0,1,0,2,0.141,1,1,1,0,0,0,0,0,0,1,0,0,0,0,1,0,0,0,0,0,0,0,0,Burglary,None,2025-02-28,Gujarat,0
0,27,0,0,0,1,0,0,0.189,2,3,1,0,0,0,0,0,0,0,1,0,0,0,0,0,0,0,1,0,0,0,0,Car Theft,None,2019-03-29,Karnataka,0
0,36,0,1,0,0,0,1,0.653,20,2,0,1,0,0,0,0,1,0,0,0,0,0,0,0,1,0,0,0,0,0,0,Murder,None,2021-04-06,Uttar Pradesh,0
2,33,0,0,0,1,0,1,0.367,8,3,0,0,1,0,0,0,0,1,0,0,0,0,0,0,0,0,0,0,0,0,1,Robbery,None,2020-06-13,Maharashtra,0
3,21,0,0,0,0,1,4,0.729,3,4,0,0,1,0,0,0,1,0,0,0,0,0,0,0,0,0,0,0,0,0,1,Kidnapping,None,2018-05-02,Tamil Nadu,1
0,26,0,0,0,1,0,0,0.627,2,2,0,1,0,0,0,0,0,0,0,0,0,1,0,0,0,0,0,1,0,0,0,Arms Trafficking,None,2023-01-01,West Bengal,0
1,17,0,0,0,0,0,1,0.288,3,2,0,0,1,0,0,0,0,1,0,0,0,0,0,0,0,0,0,0,0,0,1,Vandalism,None,2021-10-17,Delhi,1
0,16,0,0,0,1,0,0,0.487,22,2,0,0,1,0,0,0,0,0,1,0,0,0,1,0,0,0,0,0,0,0,0,Car Theft,None,2022-04-28,West Bengal,1
0,34,0,0,0,1,1,0,0.452,19,3,0,0,0,0,0,1,0,0,0,0,1,0,0,0,0,0,1,0,0,0,0,Cybercrime,None,2021-04-17,Uttar Pradesh,0
0,17,0,0,0,1,0,0,0.165,17,1,0,0,0,0,1,0,0,0,0,0,1,0,0,0,0,1,0,0,0,0,0,Fraud,None,2024-04-02,Tamil Nadu,1
2,21,0,0,0,1,0,0,0.284,1,3,0,0,1,0,0,0,0,0,1,0,0,0,1,0,0,0,0,0,0,0,0,Car Theft,None,2024-02-08,Delhi,0
2,17,1,0,0,1,1,1,0.774,11,9,0,0,0,0,0,1,0,0,0,1,0,0,0,0,0,1,0,0,0,0,0,Cybercrime,Neela Saanp Syndicate,2023-02-02,Karnataka,1
5,16,1,0,0,0,0,4,0.251,21,3,0,1,0,0,0,0,0,0,1,0,0,0,0,0,0,1,0,0,0,0,0,Car Theft,Kaali Billi Crew,2021-12-04,Madhya Pradesh,1
0,16,0,0,1,0,0,0,0.439,13,1,0,0,1,0,0,0,0,1,0,0,0,0,0,0,0,0,0,0,0,1,0,Vandalism,None,2021-07-13,Delhi,1
0,25,0,1,0,1,0,5,0.411,1,7,0,0,1,0,0,0,0,0,0,0,0,1,0,0,0,0,0,0,1,0,0,Kidnapping,None,2018-02-25,Maharashtra,0
0,26,0,0,1,1,0,0,0.193,3,9,0,0,0,1,0,0,0,0,0,0,0,1,0,0,0,0,0,1,0,0,0,Drug Trafficking,None,2021-03-21,West Bengal,0
0,23,0,0,0,0,1,0,0.618,15,2,0,0,0,0,0,1,0,0,0,0,1,0,0,0,0,0,1,0,0,0,0,Cybercrime,None,2018-05-15,Rajasthan,1
1,26,0,0,0,1,0,0,0.104,3,0,1,0,0,0,0,0,0,0,1,0,0,0,0,0,0,0,1,0,0,0,0,Car Theft,None,2023-01-28,Uttar Pradesh,0
3,33,0,0,1,0,0,5,0.571,20,0,1,0,0,0,0,0,1,0,0,0,0,0,0,0,1,0,0,0,0,0,0,Assault,None,2018-11-03,Bihar,1
10,30,1,0,0,1,0,2,0.72,20,6,0,0,1,0,0,0,0,0,0,1,0,0,0,1,0,0,0,0,0,0,0,Robbery,Lal Toofan Crew,2019-06-27,Delhi,1
1,35,0,1,0,1,0,3,0.314,2,3,1,0,0,0,0,0,1,0,0,0,0,0,0,0,1,0,0,0,0,0,0,Assault,None,2021-07-10,Uttar Pradesh,0
3,22,1,0,0,1,0,0,0.669,0,0,0,1,0,0,0,0,0,1,0,0,0,0,1,0,0,0,0,0,0,0,0,Burglary,Kaali Billi Crew,2022-10-16,Madhya Pradesh,0
0,26,0,1,0,1,0,3,0.445,8,5,0,1,0,0,0,0,0,0,0,1,0,0,0,1,0,0,0,0,0,0,0,Robbery,None,2022-01-19,Uttar Pradesh,0
1,37,0,0,0,0,0,1,0.265,18,1,0,0,1,0,0,0,1,0,0,0,0,0,0,0,1,0,0,0,0,0,0,Assault,None,2018-02-28,Maharashtra,0
0,50,0,1,0,1,0,0,0.316,19,4,0,0,0,1,0,0,0,0,0,0,0,1,0,0,0,0,0,1,0,0,0,Arms Trafficking,None,2023-03-18,West Bengal,0
1,26,1,1,1,1,0,5,0.521,20,7,1,0,0,0,0,0,1,0,0,0,0,0,0,0,0,0,0,0,1,0,0,Kidnapping,Lal Toofan Crew,2019-07-09,Delhi,1
5,44,0,0,0,1,0,1,0.694,8,0,0,0,0,0,0,1,0,0,0,0,1,0,0,0,0,1,0,0,0,0,0,Fraud,None,2021-11-17,Tamil Nadu,0
0,20,1,0,0,0,1,2,0.625,8,2,0,0,1,0,0,0,0,0,1,0,0,0,1,0,0,0,0,0,0,0,0,Car Theft,Kaali Billi Crew,2025-05-01,Madhya Pradesh,1
2,29,1,0,0,1,1,0,0.477,17,12,0,0,0,0,0,1,0,0,0,0,1,0,0,0,0,1,0,0,0,0,0,Cybercrime,Neela Saanp Syndicate,2018-01-12,Karnataka,1
2,30,0,1,0,0,0,1,0.534,2,9,0,1,0,0,0,0,0,0,0,0,0,1,0,1,0,0,0,0,0,0,0,Arms Trafficking,None,2021-06-07,Rajasthan,1
0,30,0,0,0,1,0,0,0.339,9,4,0,0,0,0,1,0,0,0,0,1,0,0,0,0,0,1,0,0,0,0,0,Fraud,None,2025-12-17,West Bengal,1
1,28,0,1,0,0,0,3,0.36,4,0,1,0,0,0,0,0,1,0,0,0,0,0,0,1,0,0,0,0,0,0,0,Murder,None,2021-07-10,Karnataka,1
0,31,0,1,0,1,0,0,0.233,14,6,0,1,0,0,0,0,0,0,0,0,0,1,0,0,0,0,0,1,0,0,0,Arms Trafficking,None,2022-07-17,Madhya Pradesh,0
3,32,0,0,0,0,0,5,0.659,16,2,0,1,0,0,0,0,1,0,0,0,0,0,0,0,1,0,0,0,0,0,0,Assault,None,2019-02-20,Uttar Pradesh,0
1,46,0,0,0,1,1,0,0.526,19,7,0,0,0,0,1,0,1,0,0,0,0,0,0,0,0,1,0,0,0,0,0,Money Laundering,None,2022-04-05,Tamil Nadu,1
4,44,1,1,0,0,0,2,0.315,21,8,0,1,0,0,0,0,1,0,0,0,0,0,0,0,1,0,0,0,0,0,0,Murder,Teen Talwar Gang,2020-08-06,Tamil Nadu,1
1,22,0,0,0,0,0,2,0.377,2,2,1,0,0,0,0,0,0,0,1,0,0,0,1,0,0,0,0,0,0,0,0,Car Theft,None,2021-05-30,Rajasthan,1
5,40,1,1,1,0,0,2,0.724,16,10,1,0,0,0,0,0,1,0,0,0,0,0,0,0,0,0,1,0,0,0,0,Extortion,Teen Talwar Gang,2020-06-22,Tamil Nadu,0
1,23,0,0,0,0,0,5,0.681,21,3,1,0,0,0,0,0,1,0,0,0,0,0,0,0,0,0,0,0,0,1,0,Murder,None,2019-05-10,Uttar Pradesh,1
3,33,1,1,0,1,0,1,0.662,17,5,0,0,0,1,0,0,0,0,0,0,0,1,0,0,0,0,0,1,0,0,0,Arms Trafficking,Kaala Bichhoo Gang,2021-11-18,Kerala,1
3,40,0,0,0,1,0,4,0.571,19,4,1,0,0,0,0,0,1,0,0,0,0,0,0,0,0,0,0,0,0,0,1,Extortion,None,2023-07-12,Kerala,0
3,31,0,1,0,0,0,2,0.551,17,0,0,0,0,0,1,0,1,0,0,0,0,0,0,0,1,0,0,0,0,0,0,Murder,None,2025-09-11,Haryana,1
0,35,0,0,0,1,1,0,0.546,11,3,0,0,0,0,0,1,0,0,0,1,0,0,0,0,0,1,0,0,0,0,0,Fraud,None,2019-07-16,West Bengal,0
0,27,0,0,0,1,0,1,0.537,20,1,1,0,0,0,0,0,0,1,0,0,0,0,0,0,1,0,0,0,0,0,0,Burglary,None,2020-04-10,Uttar Pradesh,1
0,16,0,0,0,1,0,1,0.33,23,2,1,0,0,0,0,0,0,1,0,0,0,0,1,0,0,0,0,0,0,0,0,Burglary,None,2023-12-19,Bihar,0
0,30,0,1,0,1,0,2,0.192,12,2,0,0,0,1,0,0,0,1,0,0,0,0,0,0,1,0,0,0,0,0,0,Robbery,None,2018-08-18,Kerala,0
2,23,1,0,0,0,1,1,0.96,15,13,0,0,0,0,0,1,0,0,0,0,1,0,0,0,0,0,0,0,0,0,1,Cybercrime,Neela Saanp Syndicate,2024-12-17,Karnataka,1
2,38,0,1,0,0,0,2,0.574,11,1,0,0,1,0,0,0,1,0,0,0,0,0,0,0,1,0,0,0,0,0,0,Assault,None,2022-10-04,Tamil Nadu,0
5,37,1,1,0,1,0,5,0.651,16,10,1,0,0,0,0,0,1,0,0,0,0,0,0,0,0,0,0,0,0,0,1,Extortion,Teen Talwar Gang,2020-11-25,Gujarat,0
2,21,0,0,1,0,0,0,0.151,22,0,0,0,0,0,0,1,0,1,0,0,0,0,0,0,0,0,0,0,0,1,0,Vandalism,None,2025-03-17,Rajasthan,0
1,28,0,0,1,0,0,0,0.222,2,3,0,1,0,0,0,0,0,0,0,1,0,0,0,0,1,0,0,0,0,0,0,Burglary,None,2023-09-03,Bihar,0
3,39,1,0,1,1,0,2,0.681,3,7,0,1,0,0,0,0,0,0,0,0,0,1,0,0,0,0,0,0,0,0,1,Drug Trafficking,Kaala Bichhoo Gang,2020-06-23,Maharashtra,1
1,31,0,0,0,1,0,0,0.403,17,3,0,1,0,0,0,0,0,0,0,1,0,0,0,0,0,1,0,0,0,0,0,Fraud,None,2019-06-25,Uttar Pradesh,0
2,40,1,0,0,1,0,1,0.468,10,11,0,1,0,0,0,0,0,0,0,1,0,0,0,0,0,1,0,0,0,0,0,Money Laundering,Kaala Bichhoo Gang,2025-03-25,Kerala,0
0,31,0,0,0,1,0,0,0.265,21,1,1,0,0,0,0,0,0,1,0,0,0,0,1,0,0,0,0,0,0,0,0,Burglary,None,2025-02-24,Uttar Pradesh,1
1,31,0,0,1,1,1,1,0.336,0,3,0,0,0,1,0,0,0,0,0,0,0,1,0,0,0,0,0,1,0,0,0,Drug Trafficking,None,2023-03-17,Maharashtra,0
0,25,0,0,0,0,1,1,0.104,20,0,0,0,0,0,0,1,0,0,0,1,0,0,0,0,0,1,0,0,0,0,0,Cybercrime,None,2021-11-05,Madhya Pradesh,0
2,43,0,0,0,1,0,0,0.308,23,3,0,0,0,0,0,1,0,0,0,1,0,0,0,0,0,1,0,0,0,0,0,Fraud,None,2020-01-20,Uttar Pradesh,0
2,28,1,0,0,1,1,3,0.556,23,13,0,1,0,0,0,0,0,0,0,1,0,0,0,0,0,0,0,0,0,0,1,Extortion,Patang Syndicate,2025-09-20,Telangana,1
5,32,1,0,0,1,1,3,0.582,13,5,0,0,0,0,1,0,0,0,0,1,0,0,0,0,0,0,1,0,0,0,0,Fraud,Neela Saanp Syndicate,2024-04-12,West Bengal,1
4,25,1,0,0,1,0,1,0.698,1,4,0,0,1,0,0,0,0,1,0,0,0,0,0,0,0,0,0,0,0,1,0,Arson,Kaali Billi Crew,2019-01-08,Madhya Pradesh,0
1,42,0,0,0,1,0,0,0.211,14,0,0,1,0,0,0,0,0,0,0,1,0,0,0,0,0,0,1,0,0,0,0,Fraud,None,2019-01-24,Bihar,0
1,18,0,0,0,0,0,0,0.271,4,1,0,1,0,0,0,0,0,1,0,0,0,0,0,0,0,0,0,0,0,1,0,Vandalism,None,2018-09-16,Uttar Pradesh,0
0,22,0,0,0,1,0,0,0.456,21,1,0,1,0,0,0,0,0,0,0,1,0,0,1,0,0,0,0,0,0,0,0,Burglary,None,2019-06-09,Telangana,0
0,17,0,1,0,0,0,0,0.062,2,4,1,0,0,0,0,0,0,1,0,0,0,0,0,0,0,0,0,0,0,1,0,Arson,None,2019-10-31,Tamil Nadu,1
5,46,1,0,0,1,1,1,0.852,9,14,0,0,0,0,1,0,0,0,0,1,0,0,0,0,0,1,0,0,0,0,0,Money Laundering,Neela Saanp Syndicate,2019-12-24,Karnataka,1
1,25,0,0,1,0,0,5,0.675,20,0,0,0,1,0,0,0,1,0,0,0,0,0,0,0,0,0,1,0,0,0,0,Assault,None,2019-10-27,Delhi,0
0,16,0,0,0,1,0,1,0.265,17,1,0,1,0,0,0,0,0,1,0,0,0,0,1,0,0,0,0,0,0,0,0,Burglary,None,2020-01-05,Maharashtra,0
0,22,0,1,0,1,0,0,0.522,22,1,1,0,0,0,0,0,1,0,0,0,0,0,0,1,0,0,0,0,0,0,0,Murder,None,2022-03-21,Bihar,1
0,34,0,0,0,1,0,0,0.273,0,3,1,0,0,0,0,0,0,0,1,0,0,0,0,0,0,1,0,0,0,0,0,Car Theft,None,2018-02-03,Uttar Pradesh,0
0,29,0,0,0,0,0,0,0.146,20,4,0,1,0,0,0,0,0,0,0,1,0,0,1,0,0,0,0,0,0,0,0,Burglary,None,2018-11-09,Uttar Pradesh,0
5,21,1,0,0,0,1,3,0.933,2,5,0,0,0,1,0,0,1,0,0,0,0,0,0,0,0,0,0,0,1,0,0,Kidnapping,Lal Toofan Crew,2022-05-27,Delhi,1
0,17,1,0,0,0,0,0,0.529,15,5,0,0,1,0,0,0,0,1,0,0,0,0,1,0,0,0,0,0,0,0,0,Vandalism,Kaali Billi Crew,2025-04-14,Haryana,0
1,37,0,1,1,1,1,2,0.639,17,8,1,0,0,0,0,0,0,0,0,0,0,1,0,0,0,0,0,1,0,0,0,Drug Trafficking,None,2018-06-09,Uttar Pradesh,0
1,31,0,0,0,0,0,3,0.798,8,2,0,0,0,1,0,0,1,0,0,0,0,0,0,0,1,0,0,0,0,0,0,Assault,None,2019-08-17,Kerala,0
0,16,0,0,0,0,0,0,0.262,22,7,0,1,0,0,0,0,0,0,0,0,0,1,1,0,0,0,0,0,0,0,0,Vandalism,None,2024-03-30,Uttar Pradesh,0
1,24,0,0,0,1,1,0,0.118,22,0,0,0,0,0,0,1,0,0,0,1,0,0,0,0,0,0,1,0,0,0,0,Cybercrime,None,2025-10-25,Uttar Pradesh,0
1,31,0,0,0,1,0,1,0.292,3,1,0,1,0,0,0,0,0,1,0,0,0,0,0,0,0,0,0,0,0,1,0,Arson,None,2024-09-20,Maharashtra,0
1,38,0,0,1,0,0,1,0.479,4,3,0,0,1,0,0,0,0,0,0,0,0,1,0,0,0,0,0,1,0,0,0,Drug Trafficking,None,2018-04-19,Telangana,0
1,39,0,0,0,1,0,3,0.47,8,6,0,0,1,0,0,0,1,0,0,0,0,0,0,0,0,0,0,0,1,0,0,Kidnapping,None,2024-06-12,Telangana,0
1,21,0,1,1,1,0,1,0.558,4,4,0,0,0,1,0,0,0,1,0,0,0,0,0,0,0,0,0,0,0,0,1,Robbery,None,2019-06-28,Rajasthan,0
3,38,1,1,0,1,1,1,0.814,9,5,0,0,0,0,0,1,0,0,0,1,0,0,0,1,0,0,0,0,0,0,0,Extortion,Teen Talwar Gang,2018-09-04,Tamil Nadu,1
2,36,1,1,0,1,1,5,0.654,10,4,0,0,0,1,0,0,1,0,0,0,0,0,0,0,0,0,0,0,1,0,0,Kidnapping,Teen Talwar Gang,2019-02-13,Tamil Nadu,0
2,40,0,1,0,0,0,1,0.749,8,4,1,0,0,0,0,0,1,0,0,0,0,0,0,0,1,0,0,0,0,0,0,Assault,None,2020-06-24,Uttar Pradesh,0
0,16,1,0,0,1,1,0,0.682,14,8,0,0,0,0,0,1,0,0,0,1,0,0,0,0,0,0,1,0,0,0,0,Cybercrime,Neela Saanp Syndicate,2019-04-22,West Bengal,0
1,40,0,0,0,1,0,0,0.503,18,0,0,0,0,0,1,0,0,0,0,1,0,0,0,0,0,1,0,0,0,0,0,Fraud,None,2018-04-20,Uttar Pradesh,0
1,23,0,1,0,1,0,2,0.462,21,1,0,0,1,0,0,0,1,0,0,0,0,0,0,0,1,0,0,0,0,0,0,Robbery,None,2019-12-11,Rajasthan,0
5,41,0,0,1,1,1,1,0.514,1,8,0,0,1,0,0,0,1,0,0,0,0,0,0,0,0,0,0,0,0,0,1,Human Trafficking,None,2023-05-16,West Bengal,0
1,40,1,1,0,1,1,4,0.734,9,12,1,0,0,0,0,0,0,0,0,1,0,0,0,0,0,0,0,0,0,0,1,Extortion,Patang Syndicate,2023-03-04,Punjab,1
1,37,0,1,0,0,0,2,0.517,1,1,1,0,0,0,0,0,0,0,1,0,0,0,0,0,1,0,0,0,0,0,0,Murder,None,2021-07-17,Telangana,1
2,32,0,0,0,0,0,3,0.723,3,4,1,0,0,0,0,0,1,0,0,0,0,0,0,1,0,0,0,0,0,0,0,Assault,None,2021-04-10,Gujarat,0
3,33,1,1,0,0,0,3,0.481,17,9,0,0,0,1,0,0,0,0,0,1,0,0,0,0,0,0,0,1,0,0,0,Arms Trafficking,Kaala Bichhoo Gang,2020-02-15,Kerala,0
1,21,0,1,1,1,0,1,0.656,18,3,0,0,1,0,0,0,0,0,0,1,0,0,0,0,0,0,0,1,0,0,0,Arms Trafficking,None,2020-05-21,Tamil Nadu,1
1,44,0,0,0,1,0,0,0.16,3,4,0,0,0,1,0,0,0,0,0,1,0,0,0,0,0,1,0,0,0,0,0,Fraud,None,2020-02-23,Tamil Nadu,0
1,35,0,0,0,0,0,2,0.631,10,1,1,0,0,0,0,0,1,0,0,0,0,0,0,1,0,0,0,0,0,0,0,Murder,None,2021-11-28,Gujarat,0
1,24,0,1,1,1,0,3,0.204,1,4,0,1,0,0,0,0,0,1,0,0,0,0,0,0,0,0,0,0,0,1,0,Arson,None,2018-06-16,Telangana,0
1,28,0,0,0,1,0,0,0.109,10,2,1,0,0,0,0,0,0,0,1,0,0,0,0,0,0,1,0,0,0,0,0,Car Theft,None,2025-11-14,Bihar,0
1,20,1,0,0,0,0,4,0.683,20,2,1,0,0,0,0,0,0,1,0,0,0,0,0,0,0,0,0,0,0,1,0,Arson,Kaali Billi Crew,2025-01-10,Madhya Pradesh,1
3,36,1,0,0,1,1,1,0.791,17,10,1,0,0,0,0,0,1,0,0,0,0,0,0,0,0,0,0,0,1,0,0,Extortion,Teen Talwar Gang,2019-04-03,Gujarat,1
2,29,0,0,0,1,1,0,0.064,18,3,0,1,0,0,0,0,0,0,0,1,0,0,0,0,0,0,1,0,0,0,0,Fraud,None,2023-03-13,West Bengal,1
0,25,0,0,0,1,0,0,0.127,13,3,0,0,0,0,0,1,0,0,0,1,0,0,0,0,0,1,0,0,0,0,0,Fraud,None,2025-10-04,Maharashtra,0
0,37,1,0,0,1,0,3,0.627,11,12,0,0,1,0,0,0,1,0,0,0,0,0,1,0,0,0,0,0,0,0,0,Car Theft,Teen Talwar Gang,2023-01-27,Tamil Nadu,0
0,35,0,0,0,0,0,0,0.57,22,0,1,0,0,0,0,0,0,0,1,0,0,0,0,0,0,1,0,0,0,0,0,Car Theft,None,2023-11-25,Uttar Pradesh,0
2,41,1,0,0,1,0,0,0.319,18,5,0,0,0,0,0,1,0,0,0,1,0,0,0,0,0,1,0,0,0,0,0,Fraud,Neela Saanp Syndicate,2025-03-15,Karnataka,0
2,23,1,1,0,0,0,4,0.542,1,3,0,0,0,0,1,0,0,0,0,1,0,0,0,0,1,0,0,0,0,0,0,Robbery,Lal Toofan Crew,2023-09-30,Rajasthan,1
4,40,0,0,0,1,1,1,0.167,9,7,0,0,0,0,1,0,0,0,0,1,0,0,0,0,0,1,0,0,0,0,0,Money Laundering,None,2024-12-01,Tamil Nadu,1
0,16,0,0,0,1,1,1,0.516,12,0,0,0,0,0,0,1,0,0,0,1,0,0,0,0,0,0,1,0,0,0,0,Cybercrime,None,2024-07-09,Uttar Pradesh,0
0,28,0,1,0,0,0,1,0.733,13,2,1,0,0,0,0,0,1,0,0,0,0,0,0,0,1,0,0,0,0,0,0,Assault,None,2018-05-07,Rajasthan,0
3,32,0,0,0,1,0,3,0.278,0,1,1,0,0,0,0,0,0,1,0,0,0,0,1,0,0,0,0,0,0,0,0,Burglary,None,2025-05-14,Gujarat,0
0,16,1,0,0,0,0,1,0.557,1,6,0,0,1,0,0,0,0,0,1,0,0,0,1,0,0,0,0,0,0,0,0,Car Theft,Lal Toofan Crew,2022-12-21,Rajasthan,0
1,18,0,0,1,1,0,0,0.301,10,5,0,0,0,1,0,0,0,0,0,0,0,1,0,0,0,0,0,1,0,0,0,Drug Trafficking,None,2018-02-21,West Bengal,0
3,35,0,1,0,1,0,1,0.531,16,7,1,0,0,0,0,0,1,0,0,0,0,0,0,0,0,0,0,0,1,0,0,Kidnapping,None,2018-03-20,West Bengal,1
2,35,1,0,0,1,1,3,0.621,21,11,1,0,0,0,0,0,1,0,0,0,0,0,0,0,0,0,0,0,1,0,0,Human Trafficking,Patang Syndicate,2023-09-29,Punjab,1
0,35,1,0,1,0,0,1,0.577,23,7,0,0,1,0,0,0,0,0,0,0,0,1,0,0,0,0,0,1,0,0,0,Drug Trafficking,Kaala Bichhoo Gang,2022-01-22,Kerala,0
1,24,0,0,0,1,0,0,0.675,0,2,1,0,0,0,0,0,0,0,0,1,0,0,1,0,0,0,0,0,0,0,0,Burglary,None,2018-03-20,Kerala,0
0,23,0,0,0,1,1,0,0.557,3,4,0,1,0,0,0,0,0,0,1,0,0,0,1,0,0,0,0,0,0,0,0,Car Theft,None,2018-07-21,Uttar Pradesh,1
0,22,0,0,0,0,0,1,0.254,9,5,0,1,0,0,0,0,0,1,0,0,0,0,0,0,0,0,0,0,0,1,0,Vandalism,None,2023-11-11,Uttar Pradesh,0
0,23,0,0,0,0,0,1,0.346,3,2,0,0,1,0,0,0,0,0,0,0,1,0,0,0,0,0,0,0,0,1,0,Car Theft,None,2025-10-22,Karnataka,0
5,38,1,1,0,1,0,2,0.753,23,8,0,1,0,0,0,0,0,0,0,1,0,0,0,0,0,0,0,0,0,0,1,Extortion,Teen Talwar Gang,2022-10-06,Tamil Nadu,1
2,36,1,0,0,1,0,3,0.59,2,8,0,0,0,1,0,0,1,0,0,0,0,0,0,0,0,0,0,0,1,0,0,Kidnapping,Patang Syndicate,2022-01-25,Telangana,0
1,21,0,0,0,0,1,1,0.013,10,1,0,0,0,0,0,1,0,0,0,0,1,0,0,0,0,1,0,0,0,0,0,Cybercrime,None,2025-01-16,Tamil Nadu,0
0,26,0,1,0,1,1,3,0.763,11,1,0,0,0,1,0,0,1,0,0,0,0,0,0,0,0,0,0,0,1,0,0,Kidnapping,None,2023-04-02,Gujarat,1
6,32,0,1,0,1,0,8,0.5,3,1,0,0,1,0,0,0,1,0,0,0,0,0,0,1,0,0,0,0,0,0,0,Murder,None,2025-09-25,Maharashtra,1
0,22,1,1,0,0,0,0,0.63,20,1,0,1,0,0,0,0,0,1,0,0,0,0,0,0,0,0,0,0,0,1,0,Vandalism,Teen Talwar Gang,2020-06-05,Gujarat,0
0,16,0,0,0,1,0,0,0.363,0,1,0,0,1,0,0,0,0,0,1,0,0,0,0,0,0,0,1,0,0,0,0,Car Theft,None,2021-01-24,Uttar Pradesh,0
7,43,1,0,0,1,1,6,0.585,20,16,0,0,0,1,0,0,1,0,0,0,0,0,0,0,0,1,0,0,0,0,0,Human Trafficking,Patang Syndicate,2021-10-30,Telangana,1
0,20,0,0,0,0,0,1,0.436,22,1,0,0,1,0,0,0,0,1,0,0,0,0,1,0,0,0,0,0,0,0,0,Vandalism,None,2019-04-27,Karnataka,1
1,38,0,1,0,0,0,1,0.377,14,2,1,0,0,0,0,0,1,0,0,0,0,0,0,0,1,0,0,0,0,0,0,Assault,None,2025-11-05,West Bengal,0
0,16,1,1,1,0,0,1,0.782,21,2,1,0,0,0,0,0,0,1,0,0,0,0,0,0,0,0,0,0,0,1,0,Arson,Kaali Billi Crew,2021-01-08,Madhya Pradesh,1
0,36,0,0,0,1,1,0,0.192,16,5,0,0,0,0,1,0,0,0,0,1,0,0,0,0,0,1,0,0,0,0,0,Money Laundering,None,2025-09-30,Tamil Nadu,1
5,19,1,1,0,1,0,2,0.374,2,1,1,0,0,0,0,0,1,0,0,0,0,0,0,0,0,1,0,0,0,0,0,Car Theft,Kaali Billi Crew,2019-11-27,Haryana,1
1,49,1,1,0,1,0,0,0.72,13,9,0,1,0,0,0,0,0,0,0,0,0,1,0,0,0,0,0,1,0,0,0,Arms Trafficking,Teen Talwar Gang,2019-09-03,Gujarat,0
0,16,0,0,0,0,0,3,0.319,3,3,0,0,1,0,0,0,0,1,0,0,0,0,0,0,0,0,0,0,0,1,0,Vandalism,None,2019-03-14,Gujarat,0
0,25,0,0,0,1,0,0,0.501,23,0,1,0,0,0,0,0,0,1,0,0,0,0,0,0,1,0,0,0,0,0,0,Burglary,None,2021-06-07,Tamil Nadu,0
0,31,0,0,0,0,0,1,0.455,21,2,1,0,0,0,0,0,1,0,0,0,0,0,0,0,1,0,0,0,0,0,0,Assault,None,2019-06-22,Telangana,0
0,36,0,0,0,1,1,0,0.379,15,1,0,0,0,0,0,1,0,0,0,1,0,0,0,0,0,0,1,0,0,0,0,Fraud,None,2024-09-06,Uttar Pradesh,0
2,30,1,0,0,1,1,0,0.535,19,5,0,0,0,0,0,1,0,0,0,0,1,0,0,0,0,0,1,0,0,0,0,Cybercrime,Neela Saanp Syndicate,2020-05-29,West Bengal,0
4,36,1,0,1,1,0,2,0.457,2,7,0,0,0,1,0,0,0,0,0,0,0,1,0,0,0,0,0,1,0,0,0,Drug Trafficking,Kaala Bichhoo Gang,2021-01-19,Maharashtra,1
1,21,0,1,1,1,0,3,0.381,2,5,0,1,0,0,0,0,0,0,0,0,0,1,0,0,0,0,0,1,0,0,0,Arms Trafficking,None,2025-02-28,Kerala,1
2,41,0,1,0,1,0,3,0.839,11,6,0,0,0,1,0,0,0,0,0,0,0,1,0,0,0,0,0,1,0,0,0,Arms Trafficking,None,2020-03-27,Rajasthan,1
0,19,1,0,0,0,1,1,0.28,21,2,0,0,1,0,0,0,0,0,1,0,0,0,1,0,0,0,0,0,0,0,0,Car Theft,Kaali Billi Crew,2021-08-28,Haryana,0
0,35,0,0,0,1,1,0,0.378,3,4,0,0,0,1,0,0,1,0,0,0,0,0,0,0,0,0,0,0,1,0,0,Human Trafficking,None,2025-12-06,Gujarat,0
0,28,0,1,1,0,0,3,0.304,19,0,1,0,0,0,0,0,1,0,0,0,0,0,0,1,0,0,0,0,0,0,0,Assault,None,2023-12-29,Rajasthan,0
0,34,1,0,0,1,1,2,0.683,18,12,0,0,0,0,1,0,0,0,0,1,0,0,0,0,0,1,0,0,0,0,0,Money Laundering,Neela Saanp Syndicate,2022-01-26,West Bengal,0
1,26,0,0,0,1,1,1,0.451,12,3,1,0,0,0,0,0,1,0,0,0,0,0,0,0,0,0,0,0,0,0,1,Extortion,None,2021-02-08,Telangana,0
3,33,1,1,0,1,0,2,0.89,15,8,0,0,0,0,1,0,0,0,0,0,0,1,0,1,0,0,0,0,0,0,0,Arms Trafficking,Kaala Bichhoo Gang,2022-09-19,Kerala,1
1,48,1,0,0,1,1,0,0.513,21,5,0,0,0,0,1,0,0,0,0,1,0,0,0,0,0,1,0,0,0,0,0,Fraud,Kaali Billi Crew,2023-12-02,Madhya Pradesh,0
1,35,0,1,0,0,0,2,0.59,13,1,1,0,0,0,0,0,1,0,0,0,0,0,0,0,1,0,0,0,0,0,0,Assault,None,2018-06-02,Uttar Pradesh,0
1,24,0,1,0,1,0,2,0.413,23,1,0,0,1,0,0,0,1,0,0,0,0,0,0,1,0,0,0,0,0,0,0,Robbery,None,2025-10-24,Rajasthan,0
2,26,0,1,0,0,0,2,0.678,1,0,1,0,0,0,0,0,1,0,0,0,0,0,0,0,1,0,0,0,0,0,0,Assault,None,2018-08-26,Maharashtra,0
1,26,0,1,0,0,0,1,0.595,4,1,0,0,1,0,0,0,1,0,0,0,0,0,0,0,1,0,0,0,0,0,0,Assault,None,2025-11-15,Karnataka,1
1,27,0,1,0,1,1,2,0.294,0,5,0,1,0,0,0,0,0,0,0,1,0,0,0,0,0,0,0,0,0,0,1,Extortion,None,2022-06-23,Uttar Pradesh,0
0,22,0,1,0,1,0,1,0.576,22,5,0,0,0,1,0,0,0,0,0,0,0,1,0,0,0,0,0,1,0,0,0,Arms Trafficking,None,2021-10-16,Kerala,1
1,33,1,0,0,0,0,1,0.879,20,3,1,0,0,0,0,0,0,1,0,0,0,0,1,0,0,0,0,0,0,0,0,Burglary,Kaali Billi Crew,2020-05-27,Madhya Pradesh,0
1,40,0,0,0,1,1,0,0.178,0,2,1,0,0,0,0,0,0,0,0,1,0,0,0,0,0,1,0,0,0,0,0,Fraud,None,2022-06-19,Maharashtra,0
1,23,0,0,0,0,0,3,0.64,14,4,0,0,1,0,0,0,0,0,0,0,0,1,0,0,0,0,0,1,0,0,0,Arms Trafficking,None,2020-02-18,Uttar Pradesh,1
0,22,0,1,0,1,0,0,0.278,10,6,0,0,0,0,0,1,0,0,0,0,0,1,0,1,0,0,0,0,0,0,0,Robbery,None,2022-10-17,West Bengal,0
4,30,1,0,1,1,1,3,0.585,3,11,0,0,1,0,0,0,0,0,0,0,0,1,0,0,0,0,0,1,0,0,0,Drug Trafficking,Kaala Bichhoo Gang,2022-01-15,Maharashtra,1
1,26,0,0,0,1,1,0,0.349,4,4,1,0,0,0,0,0,0,0,1,0,0,0,0,0,0,0,1,0,0,0,0,Car Theft,None,2018-08-27,Uttar Pradesh,0
0,27,0,0,0,0,0,1,0.6,4,0,0,0,1,0,0,0,1,0,0,0,0,0,0,0,1,0,0,0,0,0,0,Assault,None,2023-11-26,Uttar Pradesh,0
2,29,0,1,0,0,0,3,0.4,10,4,0,0,0,1,0,0,1,0,0,0,0,0,0,0,1,0,0,0,0,0,0,Murder,None,2022-10-13,Uttar Pradesh,0
1,24,0,0,0,1,0,0,0.132,15,1,0,0,1,0,0,0,0,0,1,0,0,0,1,0,0,0,0,0,0,0,0,Car Theft,None,2018-11-27,Uttar Pradesh,0
4,37,1,1,0,1,1,1,0.694,11,17,1,0,0,0,0,0,0,0,0,1,0,0,0,0,0,0,0,0,0,0,1,Extortion,Patang Syndicate,2025-09-22,Telangana,1
1,16,0,0,0,1,0,1,0.113,22,2,1,0,0,0,0,0,0,1,0,0,0,0,1,0,0,0,0,0,0,0,0,Burglary,None,2019-11-25,Tamil Nadu,0
4,38,0,0,0,1,0,0,0.174,20,6,0,0,0,1,0,0,1,0,0,0,0,0,0,1,0,0,0,0,0,0,0,Human Trafficking,None,2024-01-17,Uttar Pradesh,1
1,26,0,1,0,1,0,1,0.291,9,3,0,0,0,1,0,0,0,0,0,0,0,1,0,0,0,0,0,1,0,0,0,Arms Trafficking,None,2018-12-17,Uttar Pradesh,1
1,16,1,0,1,0,0,2,0.76,19,2,0,0,1,0,0,0,0,1,0,0,0,0,0,0,1,0,0,0,0,0,0,Vandalism,Kaali Billi Crew,2024-01-18,Haryana,1
1,21,0,0,0,1,0,3,0.418,2,4,0,0,0,0,1,0,1,0,0,0,0,0,0,0,0,0,0,0,1,0,0,Kidnapping,None,2023-04-24,West Bengal,0
1,17,0,0,1,1,0,0,0.73,22,4,1,0,0,0,0,0,0,1,0,0,0,0,1,0,0,0,0,0,0,0,0,Burglary,None,2021-08-02,West Bengal,1
0,28,1,0,0,1,1,2,0.587,23,9,0,0,0,0,0,1,0,0,0,1,0,0,0,0,0,1,0,0,0,0,0,Fraud,Neela Saanp Syndicate,2019-07-04,Karnataka,1
2,46,1,0,0,1,1,1,0.744,18,6,0,0,0,0,1,0,0,0,0,1,0,0,0,0,0,1,0,0,0,0,0,Money Laundering,Kaala Bichhoo Gang,2025-02-16,Kerala,0
2,16,1,0,0,1,0,2,0.234,2,0,0,0,1,0,0,0,0,0,1,0,0,0,0,0,0,1,0,0,0,0,0,Car Theft,Kaali Billi Crew,2021-08-31,Madhya Pradesh,0
1,30,1,0,1,1,0,0,0.426,3,10,0,0,0,1,0,0,0,0,0,0,0,1,0,0,1,0,0,0,0,0,0,Drug Trafficking,Kaala Bichhoo Gang,2023-08-13,Maharashtra,0
1,32,0,0,0,1,0,0,0.21,22,2,1,0,0,0,0,0,0,0,1,0,0,0,1,0,0,0,0,0,0,0,0,Car Theft,None,2024-06-28,Maharashtra,0
0,19,0,0,1,1,0,0,0.078,19,5,0,0,1,0,0,0,0,0,0,0,0,1,0,0,0,0,0,1,0,0,0,Drug Trafficking,None,2021-01-14,Maharashtra,0
0,18,0,0,1,1,0,3,0.118,8,6,0,0,1,0,0,0,0,0,0,0,0,1,0,0,0,0,0,1,0,0,0,Drug Trafficking,None,2020-05-27,Bihar,0
2,37,1,1,0,0,0,5,0.451,2,5,1,0,0,0,0,0,1,0,0,0,0,0,0,0,1,0,0,0,0,0,0,Murder,Teen Talwar Gang,2024-01-16,Gujarat,1
5,24,1,1,0,1,0,1,0.565,10,5,0,0,1,0,0,0,0,0,1,0,0,0,0,0,0,0,0,0,0,1,0,Car Theft,Lal Toofan Crew,2022-08-06,Rajasthan,1
1,37,1,0,0,1,0,2,0.776,8,6,0,0,0,0,1,0,0,0,0,1,0,0,0,0,0,1,0,0,0,0,0,Fraud,Teen Talwar Gang,2022-02-28,Tamil Nadu,0
3,23,0,0,0,1,1,0,0.473,13,1,0,0,0,0,0,1,0,0,0,0,1,0,0,0,0,1,0,0,0,0,0,Cybercrime,None,2025-04-19,Uttar Pradesh,0
3,46,0,1,0,1,0,3,0.565,13,9,0,0,1,0,0,0,0,0,0,0,0,1,0,0,0,0,0,1,0,0,0,Arms Trafficking,None,2018-11-21,Kerala,1
1,47,0,0,0,1,0,0,0.637,14,5,0,0,0,0,0,1,0,0,0,1,0,0,0,0,1,0,0,0,0,0,0,Money Laundering,None,2022-12-25,Uttar Pradesh,0
1,34,0,0,1,1,1,0,0.283,15,7,0,0,0,1,0,0,0,0,0,0,0,1,0,0,0,0,0,0,0,0,1,Drug Trafficking,None,2018-07-16,Uttar Pradesh,1
1,38,0,0,0,0,1,2,0.279,0,5,0,0,0,1,0,0,1,0,0,0,0,0,0,0,0,0,0,1,0,0,0,Kidnapping,None,2024-08-11,West Bengal,0
0,16,0,0,0,1,0,1,0.459,23,5,0,0,1,0,0,0,0,0,0,0,1,0,1,0,0,0,0,0,0,0,0,Car Theft,None,2018-03-29,Karnataka,1
1,29,0,0,1,1,0,0,0.521,1,5,0,0,0,1,0,0,0,0,0,0,0,1,0,0,0,0,0,1,0,0,0,Drug Trafficking,None,2018-07-16,Bihar,1
1,33,1,0,0,1,1,1,0.778,15,11,0,0,0,0,1,0,1,0,0,0,0,0,0,0,0,0,0,0,0,1,0,Cybercrime,Neela Saanp Syndicate,2022-02-13,West Bengal,0
1,39,0,0,0,1,1,0,0.181,0,7,0,0,0,0,1,0,0,0,0,1,0,0,0,0,0,0,0,0,0,0,1,Money Laundering,None,2018-04-07,West Bengal,0
2,16,1,0,0,0,1,0,0.697,14,1,0,0,0,0,0,1,0,0,0,1,0,0,0,0,0,0,1,0,0,0,0,Cybercrime,Kaali Billi Crew,2018-08-25,Madhya Pradesh,0
2,16,1,0,0,0,1,4,0.773,17,6,0,0,1,0,0,0,0,1,0,0,0,0,1,0,0,0,0,0,0,0,0,Assault,Neela Saanp Syndicate,2020-06-08,West Bengal,1
2,16,1,0,0,1,0,1,0.631,13,1,0,0,1,0,0,0,0,0,1,0,0,0,1,0,0,0,0,0,0,0,0,Car Theft,Lal Toofan Crew,2020-03-18,Delhi,0
0,20,0,1,0,1,0,1,0.657,2,2,0,0,0,1,0,0,1,0,0,0,0,0,0,1,0,0,0,0,0,0,0,Robbery,None,2021-10-25,Gujarat,1
2,36,0,1,1,1,0,1,0.314,17,4,0,0,0,1,0,0,1,0,0,0,0,0,0,0,0,0,0,0,1,0,0,Human Trafficking,None,2025-04-25,Madhya Pradesh,1
1,30,0,1,0,1,0,2,0.428,11,1,0,1,0,0,0,0,0,1,0,0,0,0,0,1,0,0,0,0,0,0,0,Robbery,None,2020-05-10,Bihar,0
0,27,0,0,1,0,0,1,0.349,20,1,0,0,1,0,0,0,0,0,0,0,0,1,0,0,0,0,0,1,0,0,0,Drug Trafficking,None,2020-01-22,Bihar,0
1,25,0,1,1,1,1,1,0.14,14,5,0,0,1,0,0,0,0,0,0,0,0,1,0,0,0,0,0,1,0,0,0,Drug Trafficking,None,2022-09-08,Uttar Pradesh,0
5,34,0,1,0,0,0,3,0.575,23,3,1,0,0,0,0,0,0,1,0,0,0,0,0,0,1,0,0,0,0,0,0,Assault,None,2024-03-05,Punjab,0
3,58,1,0,0,1,1,1,0.589,17,9,0,0,0,0,1,0,0,0,0,1,0,0,0,0,0,1,0,0,0,0,0,Money Laundering,Kaala Bichhoo Gang,2023-03-24,Maharashtra,0
0,21,0,0,0,0,0,1,0.67,0,4,0,1,0,0,0,0,0,1,0,0,0,0,1,0,0,0,0,0,0,0,0,Burglary,None,2025-05-28,Uttar Pradesh,0
3,30,0,0,0,1,1,0,0.206,21,1,0,1,0,0,0,0,0,0,0,0,1,0,0,0,0,1,0,0,0,0,0,Cybercrime,None,2018-12-25,Maharashtra,0
5,37,0,1,0,0,0,1,0.524,12,3,0,0,0,1,0,0,1,0,0,0,0,0,0,0,0,0,0,0,1,0,0,Kidnapping,None,2022-01-29,Maharashtra,1
4,36,1,1,0,1,0,6,0.789,16,5,0,0,0,1,0,0,1,0,0,0,0,0,0,1,0,0,0,0,0,0,0,Murder,Teen Talwar Gang,2021-01-17,Gujarat,1
3,37,1,1,1,1,0,4,0.775,2,9,0,0,0,1,0,0,1,0,0,0,0,0,0,1,0,0,0,0,0,0,0,Kidnapping,Kaala Bichhoo Gang,2022-05-23,Maharashtra,1
4,35,0,1,0,1,0,1,0.405,22,4,1,0,0,0,0,0,1,0,0,0,0,0,0,0,0,0,0,0,0,0,1,Human Trafficking,None,2019-12-13,West Bengal,1
2,36,0,1,0,1,0,1,0.328,23,1,1,0,0,0,0,0,0,0,0,1,0,0,0,1,0,0,0,0,0,0,0,Robbery,None,2021-03-23,Bihar,0
2,37,0,0,0,1,0,0,0.146,17,3,0,0,0,0,1,0,0,0,0,1,0,0,0,0,0,1,0,0,0,0,0,Fraud,None,2020-06-27,Punjab,1
1,27,1,1,0,1,0,5,0.585,0,15,0,0,1,0,0,0,0,1,0,0,0,0,0,0,1,0,0,0,0,0,0,Robbery,Patang Syndicate,2021-10-03,Telangana,1
3,40,1,1,0,1,0,1,0.662,3,5,1,0,0,0,0,0,0,0,0,0,0,1,0,0,0,0,0,0,1,0,0,Arms Trafficking,Teen Talwar Gang,2019-07-11,Gujarat,1
1,23,0,0,1,1,0,3,0.207,17,4,0,0,1,0,0,0,0,0,0,0,0,1,0,0,0,1,0,0,0,0,0,Drug Trafficking,None,2024-08-30,Rajasthan,1
2,16,0,0,0,1,1,0,0.036,23,2,0,0,0,0,0,1,0,0,0,1,0,0,0,0,0,0,1,0,0,0,0,Cybercrime,None,2021-01-27,Punjab,1
1,29,0,1,1,1,0,2,0.216,22,4,0,0,1,0,0,0,0,0,0,0,0,1,0,0,0,0,0,1,0,0,0,Drug Trafficking,None,2019-01-25,Gujarat,1
1,28,0,0,0,1,0,2,0.349,19,7,0,1,0,0,0,0,1,0,0,0,0,0,0,0,0,0,0,0,0,0,1,Extortion,None,2023-09-08,Maharashtra,0
1,32,0,0,0,0,0,0,0.327,8,1,1,0,0,0,0,0,1,0,0,0,0,0,0,0,1,0,0,0,0,0,0,Assault,None,2022-05-31,Delhi,0
2,32,0,0,0,0,0,5,0.584,19,1,0,0,1,0,0,0,1,0,0,0,0,0,0,0,0,0,0,1,0,0,0,Assault,None,2019-06-22,Delhi,1
1,32,0,0,0,1,0,2,0.055,19,6,0,0,0,1,0,0,1,0,0,0,0,0,0,0,0,1,0,0,0,0,0,Human Trafficking,None,2018-01-25,West Bengal,1
0,38,0,1,0,1,1,0,0.246,11,3,0,0,0,1,0,0,1,0,0,0,0,0,0,0,0,0,0,0,0,0,1,Human Trafficking,None,2019-05-24,Uttar Pradesh,1
1,37,0,0,0,1,0,1,0.024,17,3,0,0,0,1,0,0,0,0,0,1,0,0,0,0,0,1,0,0,0,0,0,Fraud,None,2024-02-16,Punjab,1
0,25,0,0,1,1,0,2,0.441,19,10,0,0,0,0,1,0,0,0,0,0,0,1,0,0,0,0,0,1,0,0,0,Drug Trafficking,None,2023-08-07,Uttar Pradesh,0
4,45,0,0,0,1,0,0,0.051,21,0,0,1,0,0,0,0,0,0,0,1,0,0,0,0,0,0,0,0,0,0,1,Fraud,None,2020-02-19,Uttar Pradesh,0
0,27,0,1,0,0,0,3,0.188,23,3,0,0,0,1,0,0,1,0,0,0,0,0,0,0,0,0,0,0,1,0,0,Kidnapping,None,2025-11-20,Rajasthan,0
5,34,1,1,0,1,0,5,0.563,4,10,0,0,1,0,0,0,1,0,0,0,0,0,0,1,0,0,0,0,0,0,0,Kidnapping,Patang Syndicate,2022-07-09,Telangana,1
5,24,1,0,0,0,0,5,0.67,3,5,1,0,0,0,0,0,0,1,0,0,0,0,0,0,0,1,0,0,0,0,0,Burglary,Kaali Billi Crew,2024-05-15,Haryana,1
1,21,0,0,0,1,1,0,0.169,1,2,1,0,0,0,0,0,0,1,0,0,0,0,1,0,0,0,0,0,0,0,0,Car Theft,None,2024-10-28,Gujarat,1
2,35,0,0,0,1,0,1,0.567,10,3,1,0,0,0,0,0,0,0,0,1,0,0,0,0,0,0,0,0,0,0,1,Extortion,None,2024-06-09,Rajasthan,1
0,28,0,1,0,1,0,0,0.095,23,1,1,0,0,0,0,0,0,0,0,1,0,0,1,0,0,0,0,0,0,0,0,Burglary,None,2020-12-21,West Bengal,1
4,37,1,0,1,0,0,2,0.355,15,8,0,1,0,0,0,0,0,0,0,0,0,1,0,0,0,1,0,0,0,0,0,Drug Trafficking,Kaala Bichhoo Gang,2024-01-03,Maharashtra,1
2,21,1,1,1,1,1,2,0.725,22,15,0,0,0,1,0,0,0,0,0,0,0,1,0,0,0,0,0,1,0,0,0,Drug Trafficking,Kaala Bichhoo Gang,2025-12-23,Maharashtra,1
0,31,0,0,0,1,0,0,0.38,22,3,1,0,0,0,0,0,0,1,0,0,0,0,0,0,0,0,0,0,0,0,1,Burglary,None,2021-03-01,Madhya Pradesh,0
0,27,0,0,0,1,1,0,0.532,15,3,0,1,0,0,0,0,0,0,0,1,0,0,0,0,0,0,1,0,0,0,0,Cybercrime,None,2023-05-06,Delhi,0
5,47,1,0,0,1,0,5,0.743,14,8,0,1,0,0,0,0,0,0,0,1,0,0,0,0,0,0,1,0,0,0,0,Extortion,Teen Talwar Gang,2022-01-24,Gujarat,1
0,32,0,0,0,1,0,0,0.721,4,1,0,0,0,1,0,0,1,0,0,0,0,0,0,0,0,0,0,0,1,0,0,Kidnapping,None,2025-10-20,West Bengal,0
3,36,0,0,0,0,0,4,0.657,17,0,1,0,0,0,0,0,1,0,0,0,0,0,0,0,1,0,0,0,0,0,0,Assault,None,2024-04-06,Gujarat,1
1,34,0,0,0,0,0,0,0.372,21,3,0,1,0,0,0,0,0,1,0,0,0,0,0,0,0,0,0,0,0,1,0,Vandalism,None,2023-07-12,Gujarat,0
3,33,1,0,0,1,1,1,0.57,23,8,0,0,0,0,1,0,0,0,0,1,0,0,0,0,0,1,0,0,0,0,0,Fraud,Neela Saanp Syndicate,2019-01-05,Karnataka,0
2,42,0,0,0,1,1,0,0.261,8,1,1,0,0,0,0,0,0,0,0,1,0,0,0,0,0,1,0,0,0,0,0,Fraud,None,2023-10-07,Bihar,0
1,16,1,0,0,1,1,1,0.561,11,8,0,0,0,0,0,1,0,0,0,0,1,0,0,0,0,0,0,1,0,0,0,Cybercrime,Neela Saanp Syndicate,2021-07-28,Karnataka,1
4,36,0,0,0,1,1,1,0.049,10,3,1,0,0,0,0,0,0,0,0,1,0,0,0,0,0,1,0,0,0,0,0,Fraud,None,2025-05-10,Haryana,0
3,35,1,0,1,1,0,3,0.386,11,9,0,0,1,0,0,0,0,0,0,0,0,1,0,0,0,0,0,1,0,0,0,Drug Trafficking,Kaala Bichhoo Gang,2020-12-23,Kerala,1
1,35,0,1,0,1,0,0,0.39,1,6,0,0,0,0,1,0,0,0,0,1,0,0,0,0,0,0,0,0,0,0,1,Extortion,None,2019-06-22,Maharashtra,0
3,39,0,0,1,0,0,3,0.64,22,0,0,1,0,0,0,0,1,0,0,0,0,0,0,0,0,0,0,1,0,0,0,Assault,None,2021-08-21,Uttar Pradesh,0
3,23,1,0,0,0,0,2,0.295,22,3,0,0,1,0,0,0,0,0,0,0,0,1,0,0,0,1,0,0,0,0,0,Car Theft,Kaali Billi Crew,2023-09-27,Haryana,1
0,24,0,0,0,1,0,1,0.442,2,2,1,0,0,0,0,0,0,1,0,0,0,0,0,0,1,0,0,0,0,0,0,Burglary,None,2019-06-03,Punjab,0
2,21,1,0,0,1,1,0,0.63,18,12,0,1,0,0,0,0,0,0,0,1,0,0,0,0,0,0,1,0,0,0,0,Cybercrime,Neela Saanp Syndicate,2018-04-07,West Bengal,1
3,30,0,1,0,1,0,2,0.373,0,4,0,0,1,0,0,0,1,0,0,0,0,0,0,0,0,0,0,0,1,0,0,Kidnapping,None,2025-03-18,Uttar Pradesh,1
2,25,0,1,0,1,0,1,0.241,19,2,0,0,1,0,0,0,1,0,0,0,0,0,0,0,1,0,0,0,0,0,0,Murder,None,2020-04-22,Karnataka,1
3,35,0,1,0,0,0,0,0.562,22,4,0,0,1,0,0,0,0,0,0,0,0,1,0,0,0,0,0,1,0,0,0,Arms Trafficking,None,2022-02-15,Uttar Pradesh,0
0,30,0,0,1,1,0,2,0.469,23,0,0,0,1,0,0,0,1,0,0,0,0,0,0,0,0,0,0,0,0,0,1,Assault,None,2022-11-15,Kerala,0
1,30,0,0,0,0,0,0,0.129,2,3,0,0,1,0,0,0,0,1,0,0,0,0,0,0,0,0,0,0,0,1,0,Vandalism,None,2021-09-02,Haryana,0
3,18,1,0,0,1,0,0,0.807,0,2,0,0,1,0,0,0,1,0,0,0,0,0,1,0,0,0,0,0,0,0,0,Car Theft,Lal Toofan Crew,2024-10-27,Rajasthan,1
2,21,0,1,0,0,0,6,0.439,21,4,0,0,0,1,0,0,0,0,0,1,0,0,0,0,1,0,0,0,0,0,0,Murder,None,2022-06-23,Bihar,1
0,26,0,0,0,1,0,0,0.24,4,2,1,0,0,0,0,0,0,0,1,0,0,0,1,0,0,0,0,0,0,0,0,Car Theft,None,2024-10-08,Gujarat,1
1,25,0,0,0,1,1,3,0.052,3,2,1,0,0,0,0,0,0,0,1,0,0,0,0,0,0,0,1,0,0,0,0,Car Theft,None,2018-04-01,West Bengal,1
1,16,0,0,0,0,0,1,0.229,3,3,0,0,1,0,0,0,0,1,0,0,0,0,0,0,0,1,0,0,0,0,0,Car Theft,None,2024-04-10,Rajasthan,1
1,36,0,1,0,1,0,1,0.677,4,1,0,0,0,1,0,0,0,0,0,0,0,1,0,0,0,0,0,1,0,0,0,Arms Trafficking,None,2021-12-07,Delhi,0
1,38,0,0,0,1,0,1,0.46,10,0,0,0,0,0,1,0,0,0,0,1,0,0,0,0,0,1,0,0,0,0,0,Fraud,None,2021-08-07,Gujarat,0
6,18,1,1,0,1,0,4,0.685,22,7,0,0,1,0,0,0,1,0,0,0,0,0,0,0,0,0,0,0,1,0,0,Kidnapping,Lal Toofan Crew,2019-05-08,Rajasthan,1
1,36,0,0,0,1,0,2,0.45,4,2,0,0,1,0,0,0,0,1,0,0,0,0,0,0,0,0,0,0,0,1,0,Arson,None,2021-01-14,Kerala,0
0,28,0,0,0,1,1,0,0.753,10,1,0,0,0,0,1,0,0,0,0,1,0,0,0,0,0,0,1,0,0,0,0,Fraud,None,2020-05-30,West Bengal,0
1,16,1,0,0,0,0,0,0.141,1,1,0,1,0,0,0,0,0,1,0,0,0,0,1,0,0,0,0,0,0,0,0,Burglary,Kaali Billi Crew,2019-08-24,Haryana,1
1,32,1,0,0,1,0,0,0.633,13,8,1,0,0,0,0,0,0,0,0,1,0,0,0,0,0,0,1,0,0,0,0,Fraud,Neela Saanp Syndicate,2021-12-30,Karnataka,0
0,43,0,0,0,1,0,0,0.322,0,4,0,1,0,0,0,0,1,0,0,0,0,0,0,0,0,0,1,0,0,0,0,Fraud,None,2018-08-23,Kerala,0
0,33,0,0,0,1,1,0,0.536,18,5,0,0,0,0,0,1,0,0,0,1,0,0,0,0,0,1,0,0,0,0,0,Cybercrime,None,2023-09-23,Rajasthan,0
4,41,1,1,0,1,1,1,0.705,12,16,0,0,1,0,0,0,1,0,0,0,0,0,0,0,0,0,0,0,1,0,0,Human Trafficking,Patang Syndicate,2019-06-17,Punjab,1
1,27,0,0,0,0,1,1,0.135,4,1,1,0,0,0,0,0,0,1,0,0,0,0,1,0,0,0,0,0,0,0,0,Burglary,None,2021-01-08,Tamil Nadu,0
0,26,0,0,0,1,0,2,0.425,4,2,0,0,1,0,0,0,0,1,0,0,0,0,0,0,0,0,0,0,0,1,0,Arson,None,2024-03-27,Punjab,0
2,28,0,1,0,0,0,2,0.495,3,5,1,0,0,0,0,0,1,0,0,0,0,0,0,0,1,0,0,0,0,0,0,Murder,None,2025-10-12,West Bengal,1
1,17,1,0,0,1,0,0,0.481,2,3,0,0,0,0,1,0,0,0,0,1,0,0,0,0,0,0,0,0,0,1,0,Burglary,Kaali Billi Crew,2020-05-25,Madhya Pradesh,0
2,32,0,1,0,1,0,2,0.143,20,1,1,0,0,0,0,0,0,0,1,0,0,0,0,0,0,0,0,0,0,1,0,Arson,None,2021-03-09,Uttar Pradesh,1
1,30,0,1,1,1,0,1,0.271,1,3,0,0,0,0,0,1,0,0,0,0,0,1,0,0,0,0,0,0,0,1,0,Arms Trafficking,None,2022-05-17,Uttar Pradesh,1
1,26,1,0,0,1,1,1,0.695,14,10,0,0,0,0,1,0,0,0,0,1,0,0,0,0,0,1,0,0,0,0,0,Money Laundering,Lal Toofan Crew,2019-11-16,Delhi,1
3,35,0,1,0,1,0,1,0.333,18,6,1,0,0,0,0,0,0,0,0,0,0,1,0,0,0,0,0,1,0,0,0,Arms Trafficking,None,2018-12-28,Uttar Pradesh,1
2,36,0,1,0,1,0,3,0.711,22,4,0,0,1,0,0,0,1,0,0,0,0,0,0,0,0,0,0,0,1,0,0,Kidnapping,None,2025-01-08,Maharashtra,1
1,43,0,1,0,1,0,3,0.365,14,1,0,0,1,0,0,0,1,0,0,0,0,0,0,0,1,0,0,0,0,0,0,Murder,None,2023-09-29,Uttar Pradesh,0
1,27,0,0,0,1,1,0,0.471,2,0,0,0,0,0,0,1,0,0,0,0,1,0,0,0,0,0,1,0,0,0,0,Cybercrime,None,2018-11-20,Uttar Pradesh,0
4,25,0,1,1,1,0,4,0.634,10,3,1,0,0,0,0,0,1,0,0,0,0,0,0,0,1,0,0,0,0,0,0,Murder,None,2025-04-02,Gujarat,1
2,26,0,1,0,1,0,4,0.418,3,2,0,0,1,0,0,0,1,0,0,0,0,0,0,0,1,0,0,0,0,0,0,Assault,None,2021-03-20,Uttar Pradesh,0
1,46,0,0,0,1,0,4,0.394,23,8,0,0,0,1,0,0,1,0,0,0,0,0,0,0,0,1,0,0,0,0,0,Human Trafficking,None,2019-07-10,Delhi,1
1,37,0,0,0,1,0,0,0.275,19,1,0,0,0,0,1,0,0,0,0,1,0,0,0,0,0,1,0,0,0,0,0,Fraud,None,2020-08-11,Uttar Pradesh,0
0,18,1,1,0,1,0,0,0.641,20,3,0,0,1,0,0,0,0,0,1,0,0,0,0,0,0,0,1,0,0,0,0,Car Theft,Kaali Billi Crew,2025-01-07,Haryana,0
1,16,0,0,0,1,0,1,0.089,22,1,0,0,1,0,0,0,0,1,0,0,0,0,1,0,0,0,0,0,0,0,0,Car Theft,None,2022-10-30,Tamil Nadu,0
4,24,1,0,0,1,1,1,0.439,9,9,0,0,0,0,0,1,0,0,0,0,1,0,0,0,0,0,1,0,0,0,0,Cybercrime,Neela Saanp Syndicate,2023-06-04,West Bengal,1
0,24,0,0,0,1,0,0,0.064,18,1,0,0,1,0,0,0,0,0,1,0,0,0,1,0,0,0,0,0,0,0,0,Car Theft,None,2020-02-13,Delhi,0
0,26,0,0,0,1,1,1,0.508,11,1,0,0,0,0,0,1,0,0,0,1,0,0,0,0,0,0,1,0,0,0,0,Cybercrime,None,2021-11-06,Rajasthan,0
1,22,1,1,0,0,0,1,0.738,2,1,0,0,1,0,0,0,0,0,1,0,0,0,1,0,0,0,0,0,0,0,0,Car Theft,Lal Toofan Crew,2023-04-28,Delhi,0
0,30,0,0,0,0,0,0,0.367,4,1,0,1,0,0,0,0,0,1,0,0,0,0,1,0,0,0,0,0,0,0,0,Burglary,None,2024-08-18,West Bengal,0
1,25,1,0,0,1,1,2,0.706,18,5,0,0,1,0,0,0,1,0,0,0,0,0,1,0,0,0,0,0,0,0,0,Car Theft,Lal Toofan Crew,2018-11-14,Delhi,1
1,32,0,0,0,1,1,0,0.116,11,0,1,0,0,0,0,0,0,0,0,1,0,0,0,0,0,0,1,0,0,0,0,Fraud,None,2021-05-25,Bihar,0
2,30,0,0,0,1,0,1,0.489,16,0,1,0,0,0,0,0,0,0,0,1,0,0,0,0,0,1,0,0,0,0,0,Fraud,None,2024-05-29,Bihar,0
0,17,0,1,0,1,0,0,0.471,21,6,1,0,0,0,0,0,1,0,0,0,0,0,0,0,0,0,0,0,1,0,0,Kidnapping,None,2020-10-23,Gujarat,1
1,16,0,0,0,1,0,1,0.257,20,3,1,0,0,0,0,0,0,0,1,0,0,0,1,0,0,0,0,0,0,0,0,Car Theft,None,2023-08-23,Rajasthan,1
2,21,0,1,0,1,1,3,0.644,9,3,0,1,0,0,0,0,0,0,0,0,0,1,0,0,0,0,0,1,0,0,0,Arms Trafficking,None,2024-08-13,Rajasthan,1
3,38,1,1,0,1,0,4,0.786,16,9,1,0,0,0,0,0,0,0,0,0,0,1,0,0,0,0,0,1,0,0,0,Arms Trafficking,Kaala Bichhoo Gang,2022-03-07,Kerala,1
1,25,1,1,0,0,0,4,0.65,20,3,0,1,0,0,0,0,1,0,0,0,0,0,0,1,0,0,0,0,0,0,0,Murder,Lal Toofan Crew,2024-02-16,Delhi,0
5,25,0,1,1,1,0,2,0.017,13,5,0,0,1,0,0,0,0,1,0,0,0,0,0,0,0,1,0,0,0,0,0,Drug Trafficking,None,2022-07-26,Bihar,1
0,26,0,0,1,1,0,1,0.563,11,4,0,0,1,0,0,0,0,0,0,0,0,1,0,0,0,0,0,1,0,0,0,Drug Trafficking,None,2020-06-21,Bihar,1
1,27,0,0,0,0,0,1,0.479,4,2,0,1,0,0,0,0,0,1,0,0,0,0,0,0,0,0,0,0,0,1,0,Arson,None,2021-11-19,Bihar,1
0,22,1,0,0,1,0,2,0.81,3,4,0,0,1,0,0,0,0,0,1,0,0,0,1,0,0,0,0,0,0,0,0,Car Theft,Kaali Billi Crew,2019-01-16,Madhya Pradesh,1
0,23,0,0,0,1,0,0,0.443,4,0,0,0,0,0,0,1,0,1,0,0,0,0,0,0,0,0,0,1,0,0,0,Burglary,None,2025-09-03,Karnataka,0
1,36,0,0,1,0,0,0,0.496,13,0,1,0,0,0,0,0,1,0,0,0,0,0,0,0,1,0,0,0,0,0,0,Assault,None,2025-11-17,Uttar Pradesh,0
0,27,0,1,0,1,0,4,0.55,12,2,1,0,0,0,0,0,1,0,0,0,0,0,0,0,0,0,0,0,1,0,0,Kidnapping,None,2018-01-31,Uttar Pradesh,0
5,52,1,0,0,1,0,2,0.666,1,10,0,1,0,0,0,0,0,0,1,0,0,0,1,0,0,0,0,0,0,0,0,Car Theft,Kaala Bichhoo Gang,2018-12-11,Kerala,1
1,16,0,0,0,0,0,1,0.19,1,0,0,1,0,0,0,0,0,1,0,0,0,0,1,0,0,0,0,0,0,0,0,Vandalism,None,2018-04-29,Maharashtra,1
0,25,0,1,0,0,0,1,0.612,3,0,0,0,1,0,0,0,1,0,0,0,0,0,0,0,1,0,0,0,0,0,0,Assault,None,2019-04-28,Uttar Pradesh,0
0,32,0,0,0,1,0,1,0.263,4,2,1,0,0,0,0,0,0,1,0,0,0,0,0,0,0,0,1,0,0,0,0,Burglary,None,2018-10-31,Punjab,0
0,16,0,0,0,0,0,0,0.554,2,2,1,0,0,0,0,0,0,1,0,0,0,0,0,0,0,0,0,0,0,1,0,Vandalism,None,2019-03-23,Punjab,0
1,21,0,0,0,1,1,0,0.249,21,2,0,0,0,0,0,1,0,0,0,0,1,0,0,0,0,0,1,0,0,0,0,Cybercrime,None,2022-01-26,Tamil Nadu,0
4,38,1,1,0,1,0,3,0.629,11,6,0,1,0,0,0,0,0,0,0,1,0,0,0,0,0,0,0,0,0,0,1,Extortion,Patang Syndicate,2025-09-22,Telangana,1
6,42,1,1,0,0,0,3,0.533,12,7,1,0,0,0,0,0,1,0,0,0,0,0,0,1,0,0,0,0,0,0,0,Murder,Teen Talwar Gang,2018-05-10,Tamil Nadu,1
2,27,0,0,1,0,0,2,0.079,22,3,0,0,1,0,0,0,0,0,0,0,0,1,0,0,0,1,0,0,0,0,0,Drug Trafficking,None,2020-05-26,Madhya Pradesh,1
0,24,0,0,0,1,1,0,0.466,17,1,0,0,0,0,1,0,0,0,0,0,1,0,0,0,0,1,0,0,0,0,0,Cybercrime,None,2025-03-28,Bihar,0
2,29,1,0,0,1,1,1,0.64,17,14,0,0,0,0,0,1,0,0,0,1,0,0,0,0,0,1,0,0,0,0,0,Fraud,Neela Saanp Syndicate,2020-02-02,West Bengal,0
1,29,0,1,0,1,0,3,0.336,1,3,0,0,1,0,0,0,1,0,0,0,0,0,0,1,0,0,0,0,0,0,0,Kidnapping,None,2024-11-24,Maharashtra,1
3,24,1,0,0,1,0,0,0.538,22,7,1,0,0,0,0,0,0,0,1,0,0,0,1,0,0,0,0,0,0,0,0,Car Theft,Lal Toofan Crew,2023-02-25,Rajasthan,1
1,27,0,0,0,0,0,1,0.66,15,2,1,0,0,0,0,0,1,0,0,0,0,0,0,0,1,0,0,0,0,0,0,Assault,None,2022-11-23,Tamil Nadu,0
3,23,1,0,0,1,1,1,0.435,18,8,0,0,0,0,0,1,0,0,0,0,1,0,0,0,0,0,1,0,0,0,0,Cybercrime,Neela Saanp Syndicate,2019-09-03,West Bengal,0
0,31,0,0,0,0,0,1,0.635,13,0,1,0,0,0,0,0,1,0,0,0,0,0,0,0,1,0,0,0,0,0,0,Assault,None,2020-10-30,Uttar Pradesh,0
0,16,1,0,0,0,0,0,0.498,12,1,0,1,0,0,0,0,1,0,0,0,0,0,1,0,0,0,0,0,0,0,0,Burglary,Kaali Billi Crew,2025-11-06,Haryana,0
1,17,0,0,0,0,0,0,0.403,1,0,0,0,1,0,0,0,0,1,0,0,0,0,0,0,0,0,0,0,0,1,0,Vandalism,None,2020-12-02,Madhya Pradesh,0
2,29,0,0,0,1,1,0,0.443,11,2,1,0,0,0,0,0,0,0,0,0,1,0,0,0,0,0,1,0,0,0,0,Cybercrime,None,2020-03-06,Bihar,1
4,28,0,0,1,0,0,3,0.416,19,4,1,0,0,0,0,0,0,0,1,0,0,0,0,0,0,0,0,0,1,0,0,Kidnapping,None,2023-05-19,Bihar,1
1,29,0,0,0,1,0,2,0.599,4,3,0,0,1,0,0,0,1,0,0,0,0,0,0,0,0,0,0,0,1,0,0,Kidnapping,None,2020-12-28,West Bengal,0
1,29,0,0,0,0,0,0,0.505,20,2,1,0,0,0,0,0,0,1,0,0,0,0,0,0,0,0,0,0,0,1,0,Vandalism,None,2020-06-29,West Bengal,0
2,37,0,0,0,0,0,3,0.593,2,1,1,0,0,0,0,0,1,0,0,0,0,0,0,0,0,0,1,0,0,0,0,Assault,None,2020-09-10,Kerala,1
2,37,0,0,0,1,0,2,0.485,3,3,1,0,0,0,0,0,0,1,0,0,0,0,1,0,0,0,0,0,0,0,0,Burglary,None,2022-04-14,Bihar,0
4,25,1,0,0,1,0,2,0.821,23,1,0,1,0,0,0,0,0,1,0,0,0,0,1,0,0,0,0,0,0,0,0,Burglary,Kaali Billi Crew,2024-09-19,Haryana,1
2,37,0,0,0,1,0,1,0.014,20,3,0,0,1,0,0,0,0,0,1,0,0,0,1,0,0,0,0,0,0,0,0,Car Theft,None,2025-07-04,West Bengal,0
1,26,0,0,0,0,1,0,0.246,12,3,0,0,0,0,0,1,0,0,0,1,0,0,0,0,0,0,1,0,0,0,0,Cybercrime,None,2024-07-17,Karnataka,0
0,25,0,0,1,1,0,1,0.375,11,4,0,0,1,0,0,0,0,0,0,0,0,1,0,0,0,0,0,1,0,0,0,Drug Trafficking,None,2020-10-18,Maharashtra,0
2,29,0,1,0,0,0,4,0.403,9,1,0,0,1,0,0,0,1,0,0,0,0,0,0,1,0,0,0,0,0,0,0,Murder,None,2019-04-08,Rajasthan,0
2,28,0,1,1,1,0,2,0.253,15,3,0,0,1,0,0,0,1,0,0,0,0,0,0,0,0,0,0,0,1,0,0,Kidnapping,None,2022-11-20,Uttar Pradesh,0
1,24,0,1,0,1,0,1,0.404,21,3,0,1,0,0,0,0,0,0,0,0,0,1,0,0,0,0,0,0,0,1,0,Arson,None,2023-11-19,Uttar Pradesh,1
6,30,1,0,0,1,1,2,0.654,17,13,0,0,0,1,0,0,1,0,0,0,0,0,0,0,0,1,0,0,0,0,0,Human Trafficking,Patang Syndicate,2019-12-26,Punjab,1
5,36,1,0,0,1,1,4,0.47,15,13,1,0,0,0,0,0,1,0,0,0,0,0,0,0,0,0,0,0,0,1,0,Human Trafficking,Neela Saanp Syndicate,2023-09-21,West Bengal,1
1,44,0,0,0,1,0,0,0.424,22,2,0,0,0,0,1,0,0,0,0,1,0,0,0,0,0,1,0,0,0,0,0,Fraud,None,2021-11-15,Maharashtra,0
3,44,1,0,0,1,0,0,0.555,14,11,0,0,0,0,1,0,0,0,0,1,0,0,0,1,0,0,0,0,0,0,0,Money Laundering,Kaala Bichhoo Gang,2018-04-16,Maharashtra,1
2,23,0,0,0,1,1,3,0.526,21,3,0,0,1,0,0,0,0,0,1,0,0,0,1,0,0,0,0,0,0,0,0,Car Theft,None,2023-05-22,West Bengal,0
0,37,0,0,0,1,1,1,0.095,13,5,0,0,0,1,0,0,1,0,0,0,0,0,0,0,0,0,0,0,1,0,0,Human Trafficking,None,2019-04-01,West Bengal,0
2,28,0,1,0,1,1,2,0.381,11,4,0,0,0,0,0,1,1,0,0,0,0,0,0,0,0,0,1,0,0,0,0,Extortion,None,2018-03-11,Delhi,0
0,24,0,0,0,0,1,2,0.408,4,1,1,0,0,0,0,0,0,0,1,0,0,0,0,0,1,0,0,0,0,0,0,Car Theft,None,2024-07-20,Gujarat,0
1,30,0,1,0,0,0,2,0.458,8,5,1,0,0,0,0,0,1,0,0,0,0,0,0,0,0,0,0,0,1,0,0,Kidnapping,None,2018-01-14,Uttar Pradesh,0
1,31,0,0,0,1,1,0,0.425,15,3,0,0,0,0,1,0,0,0,0,1,0,0,0,0,0,1,0,0,0,0,0,Fraud,None,2019-09-03,Haryana,0
0,25,0,1,0,1,0,4,0.365,15,7,0,0,1,0,0,0,1,0,0,0,0,0,0,0,0,0,0,0,1,0,0,Kidnapping,None,2023-05-23,Kerala,0
1,25,0,1,1,1,0,0,0.391,8,4,1,0,0,0,0,0,0,0,0,1,0,0,0,0,0,1,0,0,0,0,0,Drug Trafficking,None,2021-06-24,Haryana,1
2,26,0,0,1,1,0,2,0.27,16,1,0,0,1,0,0,0,0,0,0,0,0,1,0,0,0,1,0,0,0,0,0,Drug Trafficking,None,2021-03-07,Uttar Pradesh,1
3,36,0,1,0,0,0,5,0.438,21,4,0,0,1,0,0,0,1,0,0,0,0,0,0,0,1,0,0,0,0,0,0,Murder,None,2018-01-03,Bihar,1
1,28,1,0,0,1,0,0,0.31,2,3,0,1,0,0,0,0,0,0,1,0,0,0,1,0,0,0,0,0,0,0,0,Burglary,Lal Toofan Crew,2021-12-25,Rajasthan,0
0,23,1,0,0,1,1,1,0.458,4,5,0,0,0,0,0,1,0,0,0,1,0,0,0,0,0,0,1,0,0,0,0,Cybercrime,Neela Saanp Syndicate,2020-04-18,Karnataka,0
4,28,1,0,0,1,1,3,0.336,18,8,0,0,1,0,0,0,0,0,0,1,0,0,0,0,0,0,1,0,0,0,0,Cybercrime,Neela Saanp Syndicate,2019-09-03,West Bengal,1
3,33,0,1,0,1,1,0,0.282,14,3,0,0,0,1,0,0,0,0,0,0,0,1,0,0,0,0,0,1,0,0,0,Arms Trafficking,None,2024-01-26,Haryana,1
2,16,1,0,0,0,0,3,0.475,8,2,0,1,0,0,0,0,0,0,1,0,0,0,0,0,1,0,0,0,0,0,0,Car Theft,Lal Toofan Crew,2018-11-17,Delhi,0
1,23,0,0,0,0,0,2,0.301,2,3,0,1,0,0,0,0,0,1,0,0,0,0,1,0,0,0,0,0,0,0,0,Burglary,None,2020-10-21,Tamil Nadu,0
1,26,0,0,0,0,1,2,0.676,3,8,0,0,0,1,0,0,1,0,0,0,0,0,0,0,1,0,0,0,0,0,0,Murder,None,2025-05-17,Haryana,0
2,47,0,0,0,1,1,0,0.411,12,3,0,0,0,0,0,1,0,0,0,1,0,0,0,0,0,1,0,0,0,0,0,Fraud,None,2022-08-14,Maharashtra,0
0,25,0,1,0,0,0,1,0.258,0,0,1,0,0,0,0,0,0,1,0,0,0,0,0,0,0,0,0,0,0,1,0,Arson,None,2022-06-09,Karnataka,1
1,25,0,0,0,0,0,2,0.716,15,3,0,0,1,0,0,0,0,0,0,0,1,0,0,0,1,0,0,0,0,0,0,Assault,None,2020-11-21,Punjab,0
3,30,0,0,1,0,0,3,0.453,9,1,0,0,1,0,0,0,1,0,0,0,0,0,0,0,1,0,0,0,0,0,0,Assault,None,2025-01-07,Bihar,1
1,30,0,1,0,1,0,1,0.353,18,0,0,1,0,0,0,0,0,0,0,1,0,0,0,1,0,0,0,0,0,0,0,Robbery,None,2022-08-31,Uttar Pradesh,1
3,39,0,1,0,0,0,3,0.696,22,1,0,0,0,0,1,0,1,0,0,0,0,0,0,1,0,0,0,0,0,0,0,Murder,None,2024-09-20,Karnataka,0
0,19,0,0,0,1,0,0,0.34,0,2,1,0,0,0,0,0,0,1,0,0,0,0,0,0,0,1,0,0,0,0,0,Burglary,None,2018-06-30,Gujarat,0
1,34,0,1,0,0,0,2,0.445,15,7,1,0,0,0,0,0,1,0,0,0,0,0,0,0,0,0,0,0,1,0,0,Kidnapping,None,2019-05-22,Telangana,1
3,44,1,1,1,1,0,4,0.559,10,13,0,1,0,0,0,0,0,0,0,0,0,1,0,0,0,0,0,1,0,0,0,Arms Trafficking,Kaala Bichhoo Gang,2024-08-08,Maharashtra,0
1,28,0,0,0,1,1,0,0.539,20,1,0,0,0,0,0,1,0,0,0,0,1,0,0,0,0,0,1,0,0,0,0,Cybercrime,None,2025-01-21,West Bengal,0
1,44,1,0,0,1,1,3,0.549,4,13,0,0,1,0,0,0,0,0,0,1,0,0,0,0,0,0,0,0,0,0,1,Extortion,Patang Syndicate,2019-09-14,Telangana,1
0,26,0,1,0,1,1,0,0.393,3,1,0,1,0,0,0,0,0,0,1,0,0,0,0,0,0,0,0,0,0,0,1,Car Theft,None,2024-02-27,Punjab,0
1,17,0,1,1,1,0,6,0.422,20,5,0,1,0,0,0,0,0,0,0,0,0,1,0,0,0,0,0,1,0,0,0,Arms Trafficking,None,2021-10-15,Uttar Pradesh,1
3,22,0,0,0,0,0,1,0.413,0,3,1,0,0,0,0,0,0,0,0,1,0,0,1,0,0,0,0,0,0,0,0,Burglary,None,2024-10-08,Kerala,0
4,35,1,0,0,1,1,1,0.568,17,10,0,0,0,0,1,0,0,0,0,1,0,0,0,0,0,1,0,0,0,0,0,Fraud,Neela Saanp Syndicate,2018-12-16,West Bengal,0
3,44,0,0,0,1,0,0,0.138,14,0,0,1,0,0,0,0,0,0,0,0,1,0,0,0,0,1,0,0,0,0,0,Fraud,None,2020-03-01,Uttar Pradesh,0
2,26,0,1,0,1,0,2,0.554,20,2,0,0,0,1,0,0,1,0,0,0,0,0,0,0,0,0,0,0,1,0,0,Kidnapping,None,2024-02-03,Uttar Pradesh,0
0,19,0,0,1,0,0,2,0.083,16,1,0,0,1,0,0,0,0,1,0,0,0,0,0,0,0,0,0,0,0,1,0,Vandalism,None,2024-06-18,Rajasthan,1
1,24,0,1,0,1,0,2,0.34,13,6,0,0,0,0,0,1,0,0,0,1,0,0,0,0,0,0,0,0,0,0,1,Robbery,None,2022-11-16,Madhya Pradesh,1
0,28,0,0,0,1,1,0,0.251,22,0,0,0,0,0,0,1,0,0,0,1,0,0,0,0,0,0,1,0,0,0,0,Cybercrime,None,2018-07-18,Madhya Pradesh,1
1,40,1,0,1,1,1,0,0.509,17,10,0,0,0,1,0,0,1,0,0,0,0,0,0,0,0,1,0,0,0,0,0,Human Trafficking,Patang Syndicate,2025-06-24,Telangana,1
2,31,0,0,0,0,0,3,0.546,11,1,0,1,0,0,0,0,0,1,0,0,0,0,0,0,0,0,0,0,0,1,0,Arson,None,2025-08-06,Gujarat,0
2,34,0,0,0,1,1,0,0.41,8,2,0,1,0,0,0,0,0,0,0,1,0,0,0,0,0,1,0,0,0,0,0,Fraud,None,2022-09-29,Uttar Pradesh,0
1,16,0,0,0,1,0,1,0.264,2,3,1,0,0,0,0,0,0,1,0,0,0,0,1,0,0,0,0,0,0,0,0,Burglary,None,2023-04-27,Maharashtra,0
3,36,1,1,0,1,1,2,0.863,19,7,0,1,0,0,0,0,1,0,0,0,0,0,0,0,0,0,0,0,0,0,1,Extortion,Teen Talwar Gang,2024-11-23,Gujarat,0
0,28,0,0,0,1,0,1,0.148,12,2,0,1,0,0,0,0,0,1,0,0,0,0,0,0,0,0,0,0,0,1,0,Arson,None,2018-11-30,Maharashtra,0
2,31,1,0,1,1,0,3,0.548,20,11,1,0,0,0,0,0,0,0,0,0,0,1,0,0,0,0,0,1,0,0,0,Drug Trafficking,Kaala Bichhoo Gang,2020-08-27,Maharashtra,1
0,21,0,0,0,1,0,0,0.362,0,0,0,1,0,0,0,0,0,1,0,0,0,0,0,0,0,0,0,0,0,1,0,Vandalism,None,2020-05-11,Rajasthan,0
3,16,1,0,0,1,1,2,0.759,23,9,0,0,0,0,0,1,0,0,0,1,0,0,0,0,0,0,1,0,0,0,0,Cybercrime,Neela Saanp Syndicate,2018-09-14,West Bengal,1
2,35,1,1,0,1,1,3,0.188,20,9,0,0,0,1,0,0,0,0,0,0,0,1,0,0,1,0,0,0,0,0,0,Arms Trafficking,Kaala Bichhoo Gang,2019-01-30,Maharashtra,1
1,29,0,0,0,1,0,1,0.636,4,1,1,0,0,0,0,0,0,0,0,1,0,0,1,0,0,0,0,0,0,0,0,Burglary,None,2024-09-09,Bihar,0
0,28,0,0,0,1,0,2,0.627,19,6,0,0,0,1,0,0,1,0,0,0,0,0,0,0,0,0,0,0,0,1,0,Human Trafficking,None,2021-12-15,Uttar Pradesh,1
2,38,0,1,0,1,0,3,0.297,2,7,0,0,0,1,0,0,0,0,0,0,0,1,0,0,0,0,0,1,0,0,0,Arms Trafficking,None,2018-09-07,Gujarat,1
0,28,0,0,0,0,0,3,0.409,12,1,0,1,0,0,0,0,1,0,0,0,0,0,0,0,1,0,0,0,0,0,0,Assault,None,2018-09-16,Maharashtra,0
2,51,1,0,0,0,0,1,0.698,17,23,0,0,1,0,0,0,1,0,0,0,0,0,0,0,1,0,0,0,0,0,0,Human Trafficking,Patang Syndicate,2021-06-01,Telangana,0
1,26,0,1,0,1,0,2,0.398,19,2,0,0,0,1,0,0,1,0,0,0,0,0,0,0,0,0,0,0,0,0,1,Kidnapping,None,2021-05-28,Kerala,1
1,23,0,1,0,1,0,2,0.258,16,1,0,0,0,0,0,1,0,0,0,1,0,0,0,0,0,0,0,0,0,0,1,Extortion,None,2020-07-11,Haryana,0
1,28,0,0,0,1,1,0,0.161,21,0,0,0,0,0,0,1,0,0,0,0,0,1,0,0,0,1,0,0,0,0,0,Cybercrime,None,2019-11-12,Uttar Pradesh,0
1,35,0,0,0,1,0,0,0.426,16,4,0,0,0,0,0,1,0,0,0,1,0,0,0,0,0,1,0,0,0,0,0,Fraud,None,2018-07-13,Karnataka,0
0,29,0,0,0,0,0,2,0.461,8,2,0,1,0,0,0,0,1,0,0,0,0,0,0,0,1,0,0,0,0,0,0,Assault,None,2021-11-08,Bihar,0
0,24,0,0,0,1,0,1,0.342,4,1,1,0,0,0,0,0,0,0,0,1,0,0,1,0,0,0,0,0,0,0,0,Burglary,None,2021-06-22,Tamil Nadu,0
0,30,0,0,0,0,0,2,0.459,21,3,0,0,1,0,0,0,1,0,0,0,0,0,0,0,1,0,0,0,0,0,0,Assault,None,2021-01-07,Tamil Nadu,0
2,64,1,0,1,1,0,1,0.658,17,5,0,0,0,0,1,0,0,0,0,1,0,0,0,0,0,1,0,0,0,0,0,Money Laundering,Kaala Bichhoo Gang,2023-12-09,Kerala,1
0,23,0,0,0,0,0,3,0.458,20,1,1,0,0,0,0,0,1,0,0,0,0,0,0,0,1,0,0,0,0,0,0,Assault,None,2020-01-26,West Bengal,1
6,54,1,0,0,0,0,4,0.615,14,12,0,0,0,1,0,0,1,0,0,0,0,0,0,1,0,0,0,0,0,0,0,Kidnapping,Patang Syndicate,2022-02-11,Punjab,1
2,17,0,0,0,1,0,5,0.704,9,0,0,0,1,0,0,0,1,0,0,0,0,0,0,0,0,0,0,0,0,1,0,Murder,None,2018-12-29,Maharashtra,1
0,24,0,0,1,0,0,0,0.289,1,4,0,0,1,0,0,0,0,1,0,0,0,0,0,0,0,0,0,0,0,1,0,Vandalism,None,2025-09-05,Bihar,0
2,35,0,1,0,0,0,4,0.625,22,2,0,0,1,0,0,0,1,0,0,0,0,0,0,0,1,0,0,0,0,0,0,Murder,None,2020-05-04,Uttar Pradesh,1
0,16,0,0,0,1,1,2,0.161,19,5,1,0,0,0,0,0,0,1,0,0,0,0,0,0,0,1,0,0,0,0,0,Car Theft,None,2021-04-15,Telangana,0
0,33,1,0,0,0,0,0,0.504,23,2,0,1,0,0,0,0,1,0,0,0,0,0,0,1,0,0,0,0,0,0,0,Assault,Kaali Billi Crew,2020-02-17,Madhya Pradesh,0
0,24,0,1,1,0,1,2,0.624,18,5,0,1,0,0,0,0,0,0,0,0,0,1,0,0,0,1,0,0,0,0,0,Arms Trafficking,None,2020-06-07,Madhya Pradesh,1
2,26,0,1,1,1,0,1,0.18,14,2,0,0,0,1,0,0,0,0,0,0,1,0,0,0,0,0,0,1,0,0,0,Drug Trafficking,None,2021-05-24,Telangana,0
0,33,0,1,0,0,0,2,0.518,22,1,0,1,0,0,0,0,1,0,0,0,0,0,0,0,1,0,0,0,0,0,0,Assault,None,2024-05-19,Tamil Nadu,0
1,30,0,0,0,0,0,1,0.252,21,3,0,0,1,0,0,0,1,0,0,0,0,0,0,0,1,0,0,0,0,0,0,Assault,None,2025-04-09,Maharashtra,1
4,24,0,1,1,1,0,5,0.701,20,8,0,0,0,1,0,0,0,0,0,0,0,1,0,0,0,0,0,1,0,0,0,Arms Trafficking,None,2022-11-01,Gujarat,1
0,16,0,1,1,1,0,0,0.164,22,2,1,0,0,0,0,0,0,0,0,0,0,1,0,0,0,0,0,1,0,0,0,Drug Trafficking,None,2020-06-17,Rajasthan,0
0,42,0,1,0,0,0,2,0.663,9,3,1,0,0,0,0,0,0,0,1,0,0,0,0,0,1,0,0,0,0,0,0,Murder,None,2022-12-12,Tamil Nadu,0
0,32,0,0,0,0,1,0,0.539,11,3,0,0,0,0,0,1,0,0,1,0,0,0,0,0,0,0,1,0,0,0,0,Cybercrime,None,2018-07-13,Gujarat,0
1,31,1,0,1,1,0,4,0.582,14,8,0,0,0,1,0,0,0,0,0,0,0,1,0,0,0,0,0,0,0,0,1,Drug Trafficking,Kaala Bichhoo Gang,2024-02-05,Kerala,1
2,35,1,1,1,1,0,2,0.647,8,9,1,0,0,0,0,0,0,0,0,0,0,1,0,0,0,0,0,1,0,0,0,Arms Trafficking,Kaala Bichhoo Gang,2024-11-28,Kerala,1
0,21,0,0,1,0,0,2,0.28,3,1,0,0,1,0,0,0,1,0,0,0,0,0,0,0,1,0,0,0,0,0,0,Assault,None,2022-07-24,Madhya Pradesh,1
1,28,0,1,0,1,0,2,0.358,2,9,0,0,0,1,0,0,0,0,0,0,0,1,0,0,0,0,0,0,1,0,0,Arms Trafficking,None,2024-10-28,Haryana,0
2,25,0,0,0,1,0,1,0.803,20,1,0,0,0,0,1,0,0,0,0,1,0,0,0,0,0,1,0,0,0,0,0,Fraud,None,2024-06-17,West Bengal,1
3,47,1,1,0,1,0,1,0.426,11,7,0,0,0,0,1,0,0,0,0,1,0,0,0,0,0,1,0,0,0,0,0,Fraud,Neela Saanp Syndicate,2019-12-15,West Bengal,1
1,16,1,0,1,0,0,1,0.629,23,6,1,0,0,0,0,0,0,1,0,0,0,0,0,1,0,0,0,0,0,0,0,Vandalism,Kaali Billi Crew,2021-11-19,Haryana,1
3,42,1,0,0,1,0,1,0.258,12,11,0,0,0,0,1,0,0,0,0,1,0,0,0,0,0,1,0,0,0,0,0,Money Laundering,Kaala Bichhoo Gang,2022-12-02,Kerala,1
2,48,0,0,0,1,1,1,0.034,9,7,1,0,0,0,0,0,0,0,0,1,0,0,0,0,0,1,0,0,0,0,0,Human Trafficking,None,2023-04-22,Punjab,1
2,28,0,0,0,0,0,1,0.711,23,3,1,0,0,0,0,0,1,0,0,0,0,0,0,0,1,0,0,0,0,0,0,Assault,None,2018-11-24,Delhi,1
0,29,1,0,0,1,1,1,0.248,18,8,0,1,0,0,0,0,1,0,0,0,0,0,0,0,0,0,1,0,0,0,0,Cybercrime,Neela Saanp Syndicate,2022-01-21,Karnataka,0
2,27,1,0,0,1,1,1,0.252,11,3,0,0,0,0,0,1,0,0,0,0,1,0,0,0,0,0,1,0,0,0,0,Cybercrime,Neela Saanp Syndicate,2023-05-10,Karnataka,0
2,26,1,1,0,1,0,1,0.617,20,13,0,0,1,0,0,0,0,0,0,0,0,1,0,0,0,0,0,0,1,0,0,Arms Trafficking,Kaala Bichhoo Gang,2024-01-10,Kerala,0
1,28,0,0,0,0,0,2,0.538,4,0,0,0,0,1,0,0,1,0,0,0,0,0,0,0,1,0,0,0,0,0,0,Assault,None,2020-07-04,Maharashtra,0
3,27,1,1,0,1,0,0,0.755,16,6,0,0,0,0,0,1,0,0,0,1,0,0,0,0,0,0,0,0,0,0,1,Extortion,Teen Talwar Gang,2023-03-16,Tamil Nadu,1
2,27,1,0,0,0,1,2,0.379,12,12,0,0,0,0,0,1,0,0,0,0,1,0,0,0,0,0,1,0,0,0,0,Cybercrime,Neela Saanp Syndicate,2022-10-08,West Bengal,1
0,33,0,0,0,1,1,1,0.26,2,0,0,1,0,0,0,0,0,0,0,1,0,0,0,0,0,1,0,0,0,0,0,Fraud,None,2021-04-17,Maharashtra,0
1,20,0,0,0,1,0,1,0.162,16,3,1,0,0,0,0,0,0,0,0,0,0,1,1,0,0,0,0,0,0,0,0,Car Theft,None,2025-09-18,Rajasthan,0
2,25,0,1,0,0,0,3,0.673,22,1,0,0,1,0,0,0,1,0,0,0,0,0,0,0,1,0,0,0,0,0,0,Assault,None,2020-06-01,West Bengal,1
1,22,0,0,0,1,1,0,0.141,2,0,0,0,0,0,0,1,0,1,0,0,0,0,0,0,0,0,0,0,0,1,0,Cybercrime,None,2023-04-20,Gujarat,0
4,34,0,0,0,1,0,2,0.701,21,3,0,0,0,0,0,1,0,0,0,1,0,0,0,0,0,0,0,0,0,0,1,Robbery,None,2021-12-01,Haryana,1
0,25,0,0,0,0,1,0,0.166,9,2,1,0,0,0,0,0,0,0,0,1,0,0,0,0,0,1,0,0,0,0,0,Fraud,None,2022-06-22,Uttar Pradesh,0
2,40,0,0,0,1,1,0,0.303,11,0,0,1,0,0,0,0,0,0,0,1,0,0,0,0,0,0,1,0,0,0,0,Fraud,None,2022-09-08,Uttar Pradesh,1
1,22,0,0,0,1,1,2,0.221,22,6,0,0,1,0,0,0,0,0,1,0,0,0,1,0,0,0,0,0,0,0,0,Car Theft,None,2018-03-18,Maharashtra,0
1,23,1,1,0,1,0,1,0.687,0,5,0,1,0,0,0,0,0,0,1,0,0,0,1,0,0,0,0,0,0,0,0,Car Theft,Lal Toofan Crew,2025-09-29,Rajasthan,1
1,54,0,0,0,1,1,0,0.472,11,3,0,0,0,0,1,0,0,0,0,1,0,0,0,0,0,1,0,0,0,0,0,Money Laundering,None,2020-05-13,Uttar Pradesh,0
2,40,0,0,0,1,1,2,0.251,15,9,0,0,0,0,0,1,1,0,0,0,0,0,0,0,0,0,0,0,1,0,0,Human Trafficking,None,2024-01-09,Uttar Pradesh,0
1,22,0,0,1,0,0,0,0.473,1,6,0,0,0,1,0,0,0,0,0,0,0,1,0,0,0,0,0,1,0,0,0,Drug Trafficking,None,2019-11-20,West Bengal,0
1,31,0,1,0,1,0,1,0.279,3,6,0,0,0,1,0,0,0,0,0,0,0,1,0,0,0,0,0,0,0,1,0,Arms Trafficking,None,2021-07-25,West Bengal,0
1,17,0,0,0,1,0,1,0.363,23,0,1,0,0,0,0,0,0,1,0,0,0,0,1,0,0,0,0,0,0,0,0,Burglary,None,2019-09-12,Gujarat,0
5,38,1,1,0,1,0,5,0.595,9,8,1,0,0,0,0,0,0,1,0,0,0,0,0,0,0,0,0,0,0,0,1,Extortion,Teen Talwar Gang,2025-10-22,Gujarat,1
2,29,1,0,0,1,1,4,0.558,0,1,0,0,1,0,0,0,0,0,1,0,0,0,0,0,0,0,0,0,0,1,0,Arson,Kaali Billi Crew,2020-02-15,Madhya Pradesh,1
1,33,1,0,1,0,0,1,0.7,22,11,0,0,1,0,0,0,0,0,0,0,0,1,0,0,0,1,0,0,0,0,0,Drug Trafficking,Kaala Bichhoo Gang,2022-08-09,Maharashtra,0
5,36,1,0,0,1,1,1,0.666,10,7,0,0,0,0,1,0,0,0,0,0,1,0,0,0,0,1,0,0,0,0,0,Money Laundering,Neela Saanp Syndicate,2019-01-20,Karnataka,1
3,33,1,1,0,1,0,2,0.492,21,6,0,1,0,0,0,0,0,0,0,1,0,0,0,0,0,0,0,0,0,0,1,Extortion,Lal Toofan Crew,2019-02-13,Rajasthan,1
3,22,1,0,0,1,0,0,0.68,20,2,1,0,0,0,0,0,0,1,0,0,0,0,1,0,0,0,0,0,0,0,0,Burglary,Kaali Billi Crew,2018-11-09,Haryana,1
0,26,0,1,0,0,0,0,0.145,4,2,1,0,0,0,0,0,0,0,1,0,0,0,0,0,0,0,0,0,0,0,1,Burglary,None,2021-04-13,Rajasthan,0
5,40,0,1,0,0,1,5,0.545,3,1,1,0,0,0,0,0,0,0,0,1,0,0,0,0,0,0,1,0,0,0,0,Extortion,None,2020-07-26,Tamil Nadu,0
1,27,0,0,0,1,0,2,0.034,3,0,1,0,0,0,0,0,0,1,0,0,0,0,1,0,0,0,0,0,0,0,0,Burglary,None,2019-11-22,Delhi,0
0,16,1,0,0,1,0,1,0.435,4,1,0,0,1,0,0,0,0,0,1,0,0,0,0,1,0,0,0,0,0,0,0,Car Theft,Kaali Billi Crew,2023-12-04,Madhya Pradesh,1
0,19,0,0,0,1,0,1,0.113,10,2,1,0,0,0,0,0,0,1,0,0,0,0,1,0,0,0,0,0,0,0,0,Burglary,None,2025-05-27,West Bengal,0
2,22,0,1,0,0,0,3,0.444,8,0,1,0,0,0,0,0,0,0,0,0,0,1,0,0,1,0,0,0,0,0,0,Assault,None,2025-05-21,Madhya Pradesh,0
0,28,0,0,0,0,0,1,0.358,20,1,0,1,0,0,0,0,1,0,0,0,0,0,0,0,1,0,0,0,0,0,0,Assault,None,2018-07-20,Kerala,0
1,51,0,0,0,1,1,0,0.566,12,4,0,0,0,0,0,1,0,0,0,1,0,0,0,0,0,1,0,0,0,0,0,Money Laundering,None,2022-03-04,Haryana,0
2,41,0,0,0,1,1,1,0.589,1,2,0,1,0,0,0,0,0,0,0,1,0,0,0,0,0,0,0,0,0,0,1,Extortion,None,2021-10-18,Uttar Pradesh,0
3,39,1,1,0,0,0,5,0.587,3,13,0,0,1,0,0,0,1,0,0,0,0,0,0,0,0,0,0,0,1,0,0,Kidnapping,Patang Syndicate,2023-07-17,Punjab,1
1,32,0,1,1,0,1,3,0.594,10,5,0,1,0,0,0,0,0,0,0,0,0,1,0,0,0,0,0,1,0,0,0,Arms Trafficking,None,2024-11-20,Rajasthan,0
0,23,0,0,1,0,1,0,0.511,12,3,0,0,0,0,0,1,0,0,0,1,0,0,0,0,0,1,0,0,0,0,0,Cybercrime,None,2020-11-23,Punjab,0
1,27,0,1,1,1,0,2,0.028,17,6,0,0,0,1,0,0,0,0,0,0,0,1,0,0,0,0,0,0,0,0,1,Drug Trafficking,None,2018-07-05,Uttar Pradesh,0
0,24,0,1,0,1,0,1,0.364,4,4,1,0,0,0,0,0,0,0,1,0,0,0,1,0,0,0,0,0,0,0,0,Car Theft,None,2022-06-11,West Bengal,1
1,23,0,0,0,1,0,0,0.202,0,1,1,0,0,0,0,0,0,0,1,0,0,0,1,0,0,0,0,0,0,0,0,Car Theft,None,2022-12-22,Bihar,1
6,39,1,0,0,0,1,3,0.387,22,22,1,0,0,0,0,0,1,0,0,0,0,0,0,0,0,0,0,0,0,0,1,Human Trafficking,Patang Syndicate,2023-07-30,Telangana,1
1,36,1,0,1,1,1,2,0.771,2,6,0,0,1,0,0,0,0,0,0,1,0,0,0,0,0,1,0,0,0,0,0,Fraud,Kaala Bichhoo Gang,2022-10-12,Maharashtra,0
6,23,1,1,1,0,0,3,0.805,8,8,0,0,0,1,0,0,1,0,0,0,0,0,0,0,0,0,0,0,0,1,0,Murder,Neela Saanp Syndicate,2023-10-04,Karnataka,1
0,24,0,1,0,1,0,1,0.332,15,0,0,0,1,0,0,0,1,0,0,0,0,0,0,0,0,0,0,0,1,0,0,Kidnapping,None,2022-08-17,Delhi,0
0,30,0,0,0,0,0,1,0.601,11,3,1,0,0,0,0,0,1,0,0,0,0,0,0,0,1,0,0,0,0,0,0,Assault,None,2020-01-21,Tamil Nadu,0
1,32,0,0,0,1,0,0,0.11,0,3,0,1,0,0,0,0,0,0,1,0,0,0,1,0,0,0,0,0,0,0,0,Car Theft,None,2023-04-20,Karnataka,0
4,25,0,1,0,0,0,5,0.624,16,4,0,0,1,0,0,0,1,0,0,0,0,0,0,0,1,0,0,0,0,0,0,Murder,None,2021-02-22,Karnataka,1
7,37,1,0,1,1,0,4,0.595,0,10,1,0,0,0,0,0,0,0,0,0,0,1,0,0,0,0,0,1,0,0,0,Drug Trafficking,Kaala Bichhoo Gang,2021-06-04,Kerala,1
2,41,0,0,1,1,0,1,0.589,12,0,0,1,0,0,0,0,0,0,0,0,1,0,0,0,0,1,0,0,0,0,0,Fraud,None,2022-09-27,Haryana,1
5,36,1,1,0,1,0,2,0.548,3,16,1,0,0,0,0,0,1,0,0,0,0,0,0,0,0,0,0,0,1,0,0,Kidnapping,Patang Syndicate,2020-07-28,Telangana,1
0,36,0,0,0,0,0,2,0.436,16,1,0,0,1,0,0,0,1,0,0,0,0,0,0,0,1,0,0,0,0,0,0,Assault,None,2018-08-13,Gujarat,0
0,30,0,0,0,0,0,0,0.506,20,3,1,0,0,0,0,0,1,0,0,0,0,0,0,0,1,0,0,0,0,0,0,Assault,None,2023-10-24,Karnataka,0
1,17,0,1,1,0,0,2,0.193,22,2,0,0,1,0,0,0,0,1,0,0,0,0,0,1,0,0,0,0,0,0,0,Robbery,None,2018-12-03,Uttar Pradesh,0
1,24,0,1,0,1,0,2,0.524,10,1,0,0,1,0,0,0,0,1,0,0,0,0,0,0,0,0,0,0,0,1,0,Vandalism,None,2019-12-25,Kerala,0
2,39,1,0,1,1,0,3,0.411,14,8,0,0,0,0,0,1,0,0,0,1,0,0,0,0,0,1,0,0,0,0,0,Fraud,Kaala Bichhoo Gang,2020-07-06,Kerala,0
2,31,0,0,0,1,0,1,0.467,21,6,0,0,0,1,0,0,1,0,0,0,0,0,0,0,0,1,0,0,0,0,0,Human Trafficking,None,2024-11-26,Uttar Pradesh,0
8,37,1,1,0,1,1,5,0.841,3,8,1,0,0,0,0,0,0,0,0,1,0,0,0,1,0,0,0,0,0,0,0,Extortion,Teen Talwar Gang,2023-09-16,Gujarat,1
1,28,0,0,0,1,0,1,0.316,21,3,1,0,0,0,0,0,1,0,0,0,0,0,0,0,0,1,0,0,0,0,0,Human Trafficking,None,2021-03-22,Uttar Pradesh,1
1,28,0,1,0,0,0,3,0.741,1,1,0,0,1,0,0,0,1,0,0,0,0,0,0,1,0,0,0,0,0,0,0,Murder,None,2025-09-27,West Bengal,0
5,28,1,1,0,1,0,3,0.375,20,6,1,0,0,0,0,0,0,0,0,0,0,1,0,1,0,0,0,0,0,0,0,Arms Trafficking,Kaala Bichhoo Gang,2018-12-16,Kerala,1
4,29,0,0,0,1,0,3,0.653,12,0,0,0,1,0,0,0,1,0,0,0,0,0,0,0,1,0,0,0,0,0,0,Assault,None,2022-02-21,Bihar,0
1,29,0,0,0,0,1,0,0.336,0,1,0,0,1,0,0,0,0,0,1,0,0,0,1,0,0,0,0,0,0,0,0,Car Theft,None,2023-01-28,Madhya Pradesh,0
2,35,1,1,0,1,0,1,0.459,1,9,0,0,0,1,0,0,1,0,0,0,0,0,0,0,0,0,0,0,1,0,0,Kidnapping,Patang Syndicate,2021-07-04,Telangana,1
2,35,0,0,0,1,0,0,0.146,12,3,1,0,0,0,0,0,0,1,0,0,0,0,0,0,0,1,0,0,0,0,0,Money Laundering,None,2020-04-27,Maharashtra,1
2,45,1,1,1,1,0,0,0.728,16,6,0,1,0,0,0,0,0,0,0,1,0,0,0,0,0,0,0,0,0,0,1,Extortion,Teen Talwar Gang,2020-08-30,Gujarat,1
0,24,0,0,0,0,1,0,0.298,17,2,0,0,0,0,1,0,0,0,0,0,1,0,0,0,0,0,1,0,0,0,0,Fraud,None,2020-08-31,Uttar Pradesh,0
2,39,0,1,0,1,0,4,0.592,2,2,0,0,1,0,0,0,1,0,0,0,0,0,0,0,0,0,0,0,0,0,1,Robbery,None,2020-07-13,Rajasthan,1
2,16,1,1,1,1,1,1,0.667,21,10,0,0,0,1,0,0,0,0,0,0,0,1,0,0,0,0,0,1,0,0,0,Drug Trafficking,Lal Toofan Crew,2021-01-01,Rajasthan,1
5,19,1,1,0,1,0,4,0.818,17,7,1,0,0,0,0,0,0,0,0,1,0,0,0,1,0,0,0,0,0,0,0,Robbery,Lal Toofan Crew,2018-10-08,Delhi,1
1,32,0,1,0,0,0,1,0.777,21,1,0,0,1,0,0,0,1,0,0,0,0,0,0,0,0,0,0,1,0,0,0,Murder,None,2019-12-22,Telangana,0
2,27,0,0,0,1,1,1,0.666,1,4,0,0,0,0,0,1,0,0,0,1,0,0,0,0,0,0,1,0,0,0,0,Cybercrime,None,2024-06-30,West Bengal,0
3,46,1,1,0,1,1,2,0.621,2,18,0,0,0,0,0,1,1,0,0,0,0,0,0,0,1,0,0,0,0,0,0,Human Trafficking,Patang Syndicate,2019-02-20,Telangana,0
0,16,1,1,0,1,0,2,0.442,23,4,0,0,1,0,0,0,0,0,0,1,0,0,0,1,0,0,0,0,0,0,0,Robbery,Lal Toofan Crew,2019-09-27,Delhi,1
1,30,1,0,0,0,1,3,0.535,18,8,0,0,0,0,0,1,0,0,0,1,0,0,0,0,0,0,1,0,0,0,0,Cybercrime,Neela Saanp Syndicate,2019-09-26,Karnataka,1
1,34,1,0,1,1,0,1,0.493,3,7,0,0,1,0,0,0,0,0,0,0,0,1,0,0,0,0,0,1,0,0,0,Drug Trafficking,Kaala Bichhoo Gang,2022-01-31,Maharashtra,0
2,28,0,0,0,0,0,3,0.083,10,1,1,0,0,0,0,0,0,1,0,0,0,0,0,0,0,0,0,0,0,1,0,Arson,None,2022-05-21,Bihar,0
1,21,0,0,0,0,0,4,0.508,21,3,0,1,0,0,0,0,0,0,0,0,1,0,0,0,0,0,0,0,0,1,0,Arson,None,2018-08-03,Rajasthan,0
6,39,1,1,0,1,0,1,0.468,10,16,0,0,1,0,0,0,1,0,0,0,0,0,0,0,0,1,0,0,0,0,0,Human Trafficking,Patang Syndicate,2019-08-03,Punjab,1
3,37,0,0,1,1,0,1,0.201,8,4,1,0,0,0,0,0,0,0,0,0,0,1,1,0,0,0,0,0,0,0,0,Drug Trafficking,None,2023-06-18,Uttar Pradesh,0
0,25,0,0,1,1,0,1,0.148,19,4,0,0,1,0,0,0,0,0,0,0,0,1,0,0,0,0,0,1,0,0,0,Drug Trafficking,None,2022-08-12,Uttar Pradesh,0
1,19,1,0,0,1,0,3,0.715,21,0,0,1,0,0,0,0,0,0,0,1,0,0,1,0,0,0,0,0,0,0,0,Burglary,Kaali Billi Crew,2023-12-12,Madhya Pradesh,0
1,22,0,0,0,1,0,1,0.392,3,2,0,1,0,0,0,0,0,0,0,1,0,0,1,0,0,0,0,0,0,0,0,Burglary,None,2020-08-08,Kerala,0
0,23,1,0,1,0,0,0,0.28,22,8,1,0,0,0,0,0,0,0,0,0,0,1,0,0,0,0,0,1,0,0,0,Drug Trafficking,Kaala Bichhoo Gang,2019-03-28,Kerala,0
3,31,0,0,0,1,0,1,0.404,22,7,0,0,0,0,0,1,1,0,0,0,0,0,0,0,0,1,0,0,0,0,0,Human Trafficking,None,2019-04-22,Uttar Pradesh,1
0,34,0,0,0,1,1,0,0.293,16,3,0,0,0,0,0,1,0,0,0,1,0,0,0,0,0,1,0,0,0,0,0,Fraud,None,2024-04-27,Bihar,0
0,33,0,0,0,1,0,1,0.155,23,2,0,0,1,0,0,0,0,0,0,1,0,0,1,0,0,0,0,0,0,0,0,Burglary,None,2020-06-03,Kerala,0
0,19,0,0,0,1,1,1,0.239,19,2,0,0,0,0,0,1,0,0,0,1,0,0,0,0,0,0,1,0,0,0,0,Cybercrime,None,2018-01-21,Uttar Pradesh,0
0,42,0,0,0,1,1,1,0.585,16,2,0,0,0,0,1,0,0,0,0,1,0,0,1,0,0,0,0,0,0,0,0,Fraud,None,2023-10-05,Bihar,0
3,39,1,1,0,1,0,2,0.832,21,11,1,0,0,0,0,0,0,0,0,1,0,0,0,0,0,0,0,0,0,0,1,Extortion,Patang Syndicate,2021-09-18,Punjab,1
3,31,0,0,0,1,0,2,0.45,8,7,0,0,0,0,0,1,1,0,0,0,0,0,0,0,0,1,0,0,0,0,0,Human Trafficking,None,2023-01-20,Uttar Pradesh,1
2,45,1,0,0,1,1,0,0.429,16,9,0,0,0,0,1,0,0,0,0,0,1,0,0,0,0,1,0,0,0,0,0,Money Laundering,Kaala Bichhoo Gang,2023-03-30,Maharashtra,1
1,46,1,1,0,1,0,0,0.576,0,7,0,0,0,1,0,0,0,0,0,0,0,1,0,0,0,0,0,1,0,0,0,Arms Trafficking,Kaala Bichhoo Gang,2018-10-24,Maharashtra,0
1,26,1,0,1,1,1,2,0.392,13,19,0,0,0,0,0,1,0,0,0,1,0,0,0,0,0,0,1,0,0,0,0,Cybercrime,Neela Saanp Syndicate,2024-11-07,West Bengal,1
0,17,1,0,1,1,0,1,0.623,2,5,0,0,0,1,0,0,0,0,0,0,0,1,0,0,0,0,0,0,0,0,1,Drug Trafficking,Lal Toofan Crew,2022-02-06,Rajasthan,0
3,25,0,0,0,0,0,5,0.662,14,1,0,0,1,0,0,0,1,0,0,0,0,0,0,0,1,0,0,0,0,0,0,Assault,None,2020-11-26,Telangana,1
0,26,0,1,1,1,0,1,0.763,16,6,1,0,0,0,0,0,0,0,0,0,0,1,0,0,0,0,0,1,0,0,0,Arms Trafficking,None,2023-09-26,Uttar Pradesh,0
1,39,0,0,0,1,1,0,0.235,18,4,0,1,0,0,0,0,0,0,0,1,0,0,0,0,0,1,0,0,0,0,0,Fraud,None,2019-11-27,Uttar Pradesh,0
2,39,0,1,0,1,0,1,0.745,4,4,0,0,0,1,0,0,0,0,0,0,0,1,0,0,0,0,0,1,0,0,0,Arms Trafficking,None,2022-06-16,Rajasthan,1
4,40,0,1,0,1,0,4,0.562,23,8,1,0,0,0,0,0,1,0,0,0,0,0,0,0,0,0,0,0,1,0,0,Kidnapping,None,2018-03-08,Telangana,0
3,33,1,0,0,1,0,2,0.906,12,8,0,1,0,0,0,0,0,0,0,0,1,0,0,0,0,1,0,0,0,0,0,Fraud,Neela Saanp Syndicate,2022-09-05,Karnataka,1
3,33,1,0,0,0,0,0,0.623,15,9,0,0,1,0,0,0,0,1,0,0,0,0,0,0,1,0,0,0,0,0,0,Robbery,Neela Saanp Syndicate,2023-02-20,West Bengal,0
4,32,0,1,0,1,1,1,0.527,4,4,1,0,0,0,0,0,1,0,0,0,0,0,0,0,0,0,0,0,1,0,0,Kidnapping,None,2019-10-05,Punjab,0
2,34,1,0,1,0,0,4,0.51,20,4,1,0,0,0,0,0,1,0,0,0,0,0,0,0,1,0,0,0,0,0,0,Assault,Kaala Bichhoo Gang,2025-10-11,Maharashtra,1
3,22,1,0,0,1,1,0,0.509,10,9,0,1,0,0,0,0,0,0,1,0,0,0,0,0,0,0,1,0,0,0,0,Cybercrime,Neela Saanp Syndicate,2021-04-17,Karnataka,1
2,16,1,0,0,0,0,1,0.834,1,2,1,0,0,0,0,0,0,1,0,0,0,0,1,0,0,0,0,0,0,0,0,Vandalism,Kaali Billi Crew,2022-04-23,Haryana,1
2,21,0,0,1,0,0,2,0.391,19,1,0,0,0,0,1,0,0,1,0,0,0,0,0,0,0,0,0,0,0,1,0,Vandalism,None,2022-05-29,Karnataka,0
2,29,0,1,0,0,0,2,0.243,9,5,0,0,1,0,0,0,0,0,0,0,0,1,0,0,0,0,0,1,0,0,0,Arms Trafficking,None,2024-02-18,Madhya Pradesh,1
0,33,0,0,1,1,0,1,0.244,20,6,0,0,1,0,0,0,0,0,0,1,0,0,0,0,0,0,0,1,0,0,0,Drug Trafficking,None,2019-05-05,West Bengal,1
2,26,0,1,0,0,0,3,0.481,22,0,0,0,1,0,0,0,1,0,0,0,0,0,0,0,1,0,0,0,0,0,0,Assault,None,2022-04-05,Tamil Nadu,1
1,23,0,0,0,0,1,0,0.289,10,0,0,0,0,0,0,1,0,0,0,0,1,0,0,0,0,1,0,0,0,0,0,Cybercrime,None,2021-05-28,Uttar Pradesh,0
4,38,0,0,0,0,0,8,0.388,4,3,0,1,0,0,0,0,1,0,0,0,0,0,0,0,1,0,0,0,0,0,0,Assault,None,2019-07-29,Gujarat,0
2,48,1,1,0,1,1,3,0.607,3,22,1,0,0,0,0,0,0,0,0,1,0,0,0,0,0,0,0,0,0,0,1,Extortion,Patang Syndicate,2025-04-13,Punjab,0
2,32,0,0,1,1,0,1,0.213,3,5,0,0,0,1,0,0,0,0,0,0,0,1,0,0,0,0,0,1,0,0,0,Drug Trafficking,None,2022-12-31,Rajasthan,0
1,21,1,0,0,1,0,0,0.726,17,1,1,0,0,0,0,0,0,0,0,1,0,0,1,0,0,0,0,0,0,0,0,Burglary,Kaali Billi Crew,2020-01-05,Madhya Pradesh,0
3,32,0,0,0,0,0,3,0.742,18,5,0,1,0,0,0,0,1,0,0,0,0,0,0,0,1,0,0,0,0,0,0,Assault,None,2022-04-27,Uttar Pradesh,1
1,32,0,0,0,0,0,0,0.135,17,1,0,0,0,0,1,0,0,0,0,1,0,0,0,0,0,0,1,0,0,0,0,Fraud,None,2020-11-23,Tamil Nadu,0
1,30,0,0,0,0,0,2,0.613,3,0,0,1,0,0,0,0,1,0,0,0,0,0,0,0,1,0,0,0,0,0,0,Assault,None,2025-12-18,Telangana,1
1,16,1,0,0,1,0,0,0.472,0,3,0,1,0,0,0,0,0,0,0,1,0,0,1,0,0,0,0,0,0,0,0,Burglary,Kaali Billi Crew,2021-10-27,Madhya Pradesh,0
3,29,0,1,0,0,0,1,0.414,23,1,0,0,1,0,0,0,0,0,1,0,0,0,0,1,0,0,0,0,0,0,0,Assault,None,2024-12-15,Uttar Pradesh,0
0,34,0,0,0,0,0,5,0.239,13,2,0,0,0,1,0,0,1,0,0,0,0,0,0,0,1,0,0,0,0,0,0,Murder,None,2022-06-26,Delhi,1
3,32,0,1,0,1,1,3,0.603,16,4,0,0,1,0,0,0,1,0,0,0,0,0,0,0,0,0,0,0,1,0,0,Kidnapping,None,2024-12-05,Gujarat,0
1,42,1,1,0,1,1,2,0.666,4,6,0,1,0,0,0,0,0,0,0,1,0,0,0,0,0,0,0,0,0,0,1,Extortion,Teen Talwar Gang,2023-06-22,Tamil Nadu,0
3,17,1,0,0,1,0,2,0.534,1,5,0,0,1,0,0,0,0,1,0,0,0,0,0,0,0,0,0,0,0,1,0,Vandalism,Kaali Billi Crew,2025-09-26,Haryana,1
0,31,0,0,0,0,0,1,0.242,2,1,1,0,0,0,0,0,0,1,0,0,0,0,0,0,0,0,0,0,0,1,0,Arson,None,2022-11-11,West Bengal,0
1,35,0,0,0,1,1,0,0.396,18,3,0,0,0,0,1,0,0,0,0,1,0,0,0,0,0,1,0,0,0,0,0,Fraud,None,2023-05-25,Gujarat,0
1,36,0,0,1,1,0,1,0.351,9,8,0,0,0,1,0,0,0,0,0,1,0,0,0,0,0,0,0,1,0,0,0,Arms Trafficking,None,2018-07-19,Telangana,1
0,29,0,0,0,1,1,1,0.422,8,3,0,0,0,0,0,1,0,0,0,1,0,0,1,0,0,0,0,0,0,0,0,Cybercrime,None,2020-03-29,Tamil Nadu,0
0,33,0,0,0,1,1,0,0.417,23,1,0,0,0,0,0,1,0,0,0,1,0,0,0,0,0,0,1,0,0,0,0,Cybercrime,None,2021-06-19,Uttar Pradesh,0
2,46,1,0,1,1,0,2,0.474,13,4,0,0,1,0,0,0,0,0,0,0,0,1,0,0,0,0,0,1,0,0,0,Drug Trafficking,Kaala Bichhoo Gang,2025-09-03,Maharashtra,1
5,39,1,1,0,1,0,6,0.713,9,14,0,1,0,0,0,0,0,0,0,1,0,0,0,0,0,0,0,0,0,0,1,Extortion,Teen Talwar Gang,2018-07-18,Gujarat,1
0,24,0,0,0,1,0,1,0.23,23,2,0,0,0,1,0,0,1,0,0,0,0,0,0,0,1,0,0,0,0,0,0,Human Trafficking,None,2020-07-31,Bihar,0
3,18,0,0,0,1,0,4,0.381,10,4,0,1,0,0,0,0,0,1,0,0,0,0,0,0,1,0,0,0,0,0,0,Robbery,None,2022-08-20,Maharashtra,0
3,26,0,1,0,1,0,2,0.739,8,2,0,0,1,0,0,0,0,1,0,0,0,0,0,0,1,0,0,0,0,0,0,Robbery,None,2019-10-01,Bihar,1
2,31,0,1,1,0,0,2,0.396,0,2,0,0,0,1,0,0,1,0,0,0,0,0,0,0,1,0,0,0,0,0,0,Assault,None,2020-06-22,Madhya Pradesh,0
0,32,0,0,1,0,0,0,0.226,8,3,0,1,0,0,0,0,0,0,0,1,0,0,0,0,0,1,0,0,0,0,0,Fraud,None,2023-12-16,Uttar Pradesh,0
1,44,0,0,1,1,0,1,0.209,3,6,0,0,0,1,0,0,0,0,0,0,0,1,0,0,0,0,0,1,0,0,0,Drug Trafficking,None,2019-10-19,Gujarat,0
3,21,1,0,0,1,0,2,0.294,2,2,1,0,0,0,0,0,0,0,0,1,0,0,1,0,0,0,0,0,0,0,0,Burglary,Kaali Billi Crew,2025-01-18,Madhya Pradesh,0
6,40,1,1,1,1,0,7,0.873,13,6,1,0,0,0,0,0,1,0,0,0,0,0,0,0,0,0,0,0,0,1,0,Murder,Teen Talwar Gang,2019-01-25,Tamil Nadu,1
4,40,1,0,0,1,1,1,0.394,0,11,0,1,0,0,0,0,0,0,0,1,0,0,0,0,0,0,0,1,0,0,0,Money Laundering,Neela Saanp Syndicate,2025-05-08,West Bengal,1
5,34,0,1,0,1,1,2,0.086,2,11,0,0,0,1,0,0,1,0,0,0,0,0,0,0,0,0,0,0,1,0,0,Human Trafficking,None,2023-08-20,Delhi,1
1,32,0,1,0,0,0,1,0.181,0,2,1,0,0,0,0,0,1,0,0,0,0,0,0,0,0,0,0,0,1,0,0,Kidnapping,None,2023-03-12,Maharashtra,1
1,35,0,0,1,0,0,5,0.268,9,3,0,0,0,1,0,0,0,1,0,0,0,0,0,0,0,0,0,1,0,0,0,Drug Trafficking,None,2018-10-24,Gujarat,1
1,40,0,0,0,1,0,1,0.374,17,2,0,0,0,0,1,0,0,0,0,1,0,0,0,0,0,0,1,0,0,0,0,Money Laundering,None,2021-12-13,Madhya Pradesh,0
1,35,1,0,0,1,1,2,0.373,14,10,0,1,0,0,0,0,0,0,0,0,1,0,0,0,0,1,0,0,0,0,0,Fraud,Neela Saanp Syndicate,2018-10-10,Karnataka,0
1,29,0,0,0,0,0,1,0.043,20,3,0,0,0,0,0,1,0,0,1,0,0,0,1,0,0,0,0,0,0,0,0,Car Theft,None,2020-09-24,Madhya Pradesh,0
0,29,0,1,1,1,0,0,0.351,16,3,0,0,0,1,0,0,0,0,0,0,0,1,0,0,0,0,0,1,0,0,0,Drug Trafficking,None,2023-12-06,Maharashtra,0
4,39,1,0,0,1,1,1,0.362,10,7,0,0,0,0,0,1,0,0,0,0,1,0,0,0,0,1,0,0,0,0,0,Fraud,Kaali Billi Crew,2018-09-05,Madhya Pradesh,1
0,16,1,0,0,1,1,0,0.325,2,5,0,0,0,0,0,1,0,0,0,0,1,0,0,0,0,0,1,0,0,0,0,Cybercrime,Neela Saanp Syndicate,2019-12-23,Karnataka,0
2,37,0,1,0,1,1,1,0.181,14,2,0,1,0,0,0,0,0,1,0,0,0,0,0,0,0,1,0,0,0,0,0,Fraud,None,2024-04-27,Karnataka,1
4,33,1,1,0,1,0,2,0.642,23,2,0,1,0,0,0,0,0,1,0,0,0,0,1,0,0,0,0,0,0,0,0,Burglary,Lal Toofan Crew,2018-11-23,Rajasthan,1
1,32,0,1,0,0,0,1,0.573,4,4,1,0,0,0,0,0,1,0,0,0,0,0,0,0,0,0,0,0,1,0,0,Kidnapping,None,2020-06-11,Karnataka,0
0,20,0,0,0,1,0,1,0.03,2,4,0,1,0,0,0,0,0,0,0,1,0,0,1,0,0,0,0,0,0,0,0,Burglary,None,2025-01-08,Haryana,0
1,48,0,0,0,1,0,0,0.651,12,1,0,1,0,0,0,0,0,0,0,1,0,0,0,0,0,1,0,0,0,0,0,Fraud,None,2019-08-02,Madhya Pradesh,0
1,23,0,0,0,0,0,2,0.149,2,2,0,1,0,0,0,0,0,1,0,0,0,0,1,0,0,0,0,0,0,0,0,Car Theft,None,2020-09-26,Maharashtra,1
0,19,0,0,1,1,0,0,0.32,0,3,0,0,0,0,1,0,0,0,0,0,0,1,0,0,0,1,0,0,0,0,0,Drug Trafficking,None,2018-01-18,Bihar,1
2,30,1,0,1,1,0,2,0.597,2,7,0,1,0,0,0,0,0,0,0,0,0,1,0,0,0,0,0,1,0,0,0,Drug Trafficking,Kaala Bichhoo Gang,2024-11-25,Maharashtra,1
0,25,0,0,0,1,0,1,0.3,18,2,1,0,0,0,0,0,0,1,0,0,0,0,1,0,0,0,0,0,0,0,0,Burglary,None,2022-06-17,Gujarat,0
4,34,0,0,0,1,0,2,0.325,4,3,1,0,0,0,0,0,0,0,0,1,0,0,0,1,0,0,0,0,0,0,0,Extortion,None,2024-12-26,Maharashtra,0
0,35,0,1,0,1,0,1,0.373,20,1,0,0,0,1,0,0,1,0,0,0,0,0,0,0,0,0,0,0,1,0,0,Kidnapping,None,2025-03-21,Uttar Pradesh,0
1,21,0,1,0,1,1,8,0.731,1,9,0,0,0,1,0,0,1,0,0,0,0,0,0,1,0,0,0,0,0,0,0,Kidnapping,None,2018-05-11,Bihar,1
7,51,1,0,0,1,1,3,0.53,17,14,0,1,0,0,0,0,0,0,0,1,0,0,0,0,0,0,0,0,0,0,1,Extortion,Patang Syndicate,2021-10-20,Telangana,1
0,36,0,0,0,1,0,0,0.04,16,2,0,0,0,0,0,1,0,0,0,1,0,0,0,0,0,1,0,0,0,0,0,Fraud,None,2021-12-04,Bihar,0
1,27,0,0,0,1,0,1,0.465,21,1,0,0,1,0,0,0,0,0,1,0,0,0,0,0,0,0,0,0,0,1,0,Arson,None,2024-08-21,Bihar,0
5,26,0,0,0,1,0,3,0.732,1,5,0,0,1,0,0,0,1,0,0,0,0,0,0,0,0,0,0,0,1,0,0,Kidnapping,None,2019-02-27,Gujarat,1
0,28,0,0,0,0,1,0,0.158,1,2,0,1,0,0,0,0,0,0,0,0,1,0,1,0,0,0,0,0,0,0,0,Car Theft,None,2025-11-21,Bihar,0
1,43,0,0,1,1,0,0,0.294,17,3,0,0,1,0,0,0,0,0,0,0,0,1,0,0,0,1,0,0,0,0,0,Drug Trafficking,None,2023-12-15,Maharashtra,0
0,30,0,1,0,1,0,2,0.48,21,3,0,0,1,0,0,0,1,0,0,0,0,0,0,0,0,0,0,0,1,0,0,Kidnapping,None,2025-12-23,West Bengal,0
0,26,0,0,0,1,0,0,0.094,0,2,1,0,0,0,0,0,0,1,0,0,0,0,0,0,0,0,0,0,1,0,0,Burglary,None,2022-06-11,Telangana,0
2,36,1,1,0,0,0,5,0.667,4,4,1,0,0,0,0,0,1,0,0,0,0,0,0,0,1,0,0,0,0,0,0,Assault,Kaala Bichhoo Gang,2018-08-04,Maharashtra,1
1,26,0,0,0,0,0,2,0.491,22,2,0,0,0,1,0,0,1,0,0,0,0,0,0,0,1,0,0,0,0,0,0,Assault,None,2024-12-17,Madhya Pradesh,1
3,31,0,0,0,1,1,1,0.372,3,0,0,0,0,0,0,1,0,0,0,0,1,0,0,0,0,0,1,0,0,0,0,Cybercrime,None,2025-09-01,Maharashtra,0
3,30,0,0,0,1,0,1,0.541,23,5,0,1,0,0,0,0,0,0,1,0,0,0,1,0,0,0,0,0,0,0,0,Car Theft,None,2020-08-03,Uttar Pradesh,0
2,19,0,0,0,0,0,0,0.451,9,1,1,0,0,0,0,0,1,0,0,0,0,0,0,0,1,0,0,0,0,0,0,Assault,None,2018-03-11,Madhya Pradesh,0
2,22,0,0,1,1,0,1,0.562,1,5,0,0,0,1,0,0,0,0,0,0,0,1,0,0,0,0,0,1,0,0,0,Drug Trafficking,None,2018-11-13,Gujarat,1
3,43,0,0,0,1,0,0,0.358,8,0,0,1,0,0,0,0,0,0,0,1,0,0,0,0,0,1,0,0,0,0,0,Fraud,None,2024-12-27,Telangana,0
2,27,1,0,0,1,1,0,0.304,10,6,0,0,0,0,0,1,0,0,0,0,1,0,0,0,0,0,1,0,0,0,0,Cybercrime,Neela Saanp Syndicate,2022-07-13,West Bengal,1
4,39,0,1,0,0,0,3,0.623,4,1,0,0,1,0,0,0,1,0,0,0,0,0,0,0,0,0,0,0,0,0,1,Assault,None,2019-05-13,Gujarat,0
1,35,0,1,0,0,0,4,0.677,17,1,0,0,1,0,0,0,1,0,0,0,0,0,0,0,1,0,0,0,0,0,0,Murder,None,2024-11-19,West Bengal,0
0,28,0,0,0,1,0,0,0.296,23,4,0,0,1,0,0,0,0,0,1,0,0,0,0,0,0,1,0,0,0,0,0,Car Theft,None,2018-02-24,Uttar Pradesh,0
1,22,1,0,0,1,0,3,0.708,22,13,0,0,0,1,0,0,1,0,0,0,0,0,0,0,0,0,0,0,1,0,0,Kidnapping,Patang Syndicate,2021-11-10,Punjab,1
1,38,0,0,0,1,1,0,0.198,16,2,1,0,0,0,0,0,0,0,0,1,0,0,0,0,0,1,0,0,0,0,0,Fraud,None,2025-10-17,Bihar,0
3,31,0,1,0,0,0,0,0.589,22,7,0,0,0,1,0,0,1,0,0,0,0,0,0,0,0,0,0,1,0,0,0,Arms Trafficking,None,2024-06-01,Maharashtra,1
1,44,1,0,1,1,0,0,0.521,1,7,0,1,0,0,0,0,0,0,0,1,0,0,0,0,0,1,0,0,0,0,0,Money Laundering,Kaala Bichhoo Gang,2020-08-04,Kerala,0
5,49,0,0,0,1,1,0,0.362,19,1,0,0,0,0,1,0,0,0,0,0,1,0,0,0,0,1,0,0,0,0,0,Money Laundering,None,2023-03-03,West Bengal,1
3,33,1,0,1,0,0,1,0.669,11,10,0,1,0,0,0,0,0,0,0,0,0,1,0,0,0,0,0,0,1,0,0,Drug Trafficking,Kaala Bichhoo Gang,2021-04-27,Kerala,1
1,23,1,1,0,0,1,0,0.567,8,3,0,1,0,0,0,0,0,0,1,0,0,0,0,0,0,1,0,0,0,0,0,Car Theft,Lal Toofan Crew,2023-04-02,Rajasthan,0
1,22,0,0,1,0,0,0,0.397,22,4,1,0,0,0,0,0,0,1,0,0,0,0,0,0,0,0,0,0,1,0,0,Arson,None,2025-04-10,Bihar,0
1,39,0,1,0,1,0,3,0.423,15,6,0,0,0,1,0,0,0,0,0,0,0,1,0,0,0,0,0,1,0,0,0,Arms Trafficking,None,2024-01-20,Maharashtra,0
2,25,0,0,0,0,0,4,0.317,15,1,0,0,1,0,0,0,1,0,0,0,0,0,0,0,0,0,0,0,0,0,1,Assault,None,2022-02-14,Telangana,1
0,26,0,0,0,1,0,0,0.478,9,0,0,0,0,0,1,0,0,0,0,0,1,0,0,0,0,1,0,0,0,0,0,Fraud,None,2024-05-12,Uttar Pradesh,0
1,26,0,0,1,1,0,0,0.572,19,5,1,0,0,0,0,0,0,0,0,0,0,1,0,0,0,0,0,1,0,0,0,Drug Trafficking,None,2023-04-06,Uttar Pradesh,1
1,39,0,0,1,1,0,3,0.245,3,5,1,0,0,0,0,0,0,0,0,0,0,1,0,0,0,0,0,1,0,0,0,Drug Trafficking,None,2025-11-05,Tamil Nadu,0
1,42,0,1,0,1,0,0,0.521,2,3,0,0,0,0,0,1,1,0,0,0,0,0,0,0,0,1,0,0,0,0,0,Human Trafficking,None,2022-03-06,Rajasthan,0
1,16,0,0,0,1,0,1,0.33,20,1,0,0,1,0,0,0,0,0,1,0,0,0,0,0,0,0,1,0,0,0,0,Car Theft,None,2018-11-28,Madhya Pradesh,0
3,44,0,1,1,1,0,1,0.521,1,3,0,0,0,1,0,0,0,0,0,0,0,1,0,0,0,1,0,0,0,0,0,Arms Trafficking,None,2018-08-25,Kerala,0
1,33,0,1,1,0,0,3,0.062,23,7,0,1,0,0,0,0,1,0,0,0,0,0,0,0,0,0,0,1,0,0,0,Drug Trafficking,None,2024-11-05,Gujarat,1
2,24,0,1,0,1,0,4,0.21,0,2,0,0,1,0,0,0,0,0,0,1,0,0,0,1,0,0,0,0,0,0,0,Robbery,None,2018-10-08,Haryana,1
1,35,1,1,1,0,0,3,0.602,4,11,0,1,0,0,0,0,0,0,0,0,0,1,0,0,0,1,0,0,0,0,0,Arms Trafficking,Teen Talwar Gang,2024-11-23,Tamil Nadu,1
3,40,1,1,0,1,0,3,0.551,11,3,0,0,1,0,0,0,0,0,0,1,0,0,0,0,0,0,1,0,0,0,0,Extortion,Teen Talwar Gang,2023-07-20,Tamil Nadu,1
1,32,0,0,0,0,1,0,0.729,14,2,0,0,0,0,0,1,0,0,0,0,1,0,0,0,0,1,0,0,0,0,0,Cybercrime,None,2021-08-08,Bihar,1
1,16,1,0,0,1,0,1,0.667,3,5,0,0,1,0,0,0,0,0,1,0,0,0,1,0,0,0,0,0,0,0,0,Car Theft,Lal Toofan Crew,2018-05-18,Rajasthan,1
3,37,0,1,0,0,0,3,0.404,13,6,1,0,0,0,0,0,1,0,0,0,0,0,0,0,0,0,0,0,1,0,0,Kidnapping,None,2021-10-28,Telangana,1
3,51,1,0,0,1,0,1,0.607,19,4,0,0,0,0,0,1,0,0,0,1,0,0,0,0,0,1,0,0,0,0,0,Fraud,Teen Talwar Gang,2022-04-16,Tamil Nadu,0
0,28,0,0,0,1,0,0,0.207,2,0,1,0,0,0,0,0,0,0,1,0,0,0,0,0,0,1,0,0,0,0,0,Car Theft,None,2018-05-26,West Bengal,0
3,27,1,0,1,1,0,3,0.572,11,6,0,0,1,0,0,0,0,0,0,1,0,0,0,0,0,1,0,0,0,0,0,Human Trafficking,Lal Toofan Crew,2019-10-20,Rajasthan,1
2,40,0,0,0,1,0,0,0.128,10,4,0,0,0,0,1,0,0,0,0,1,0,0,0,0,0,1,0,0,0,0,0,Fraud,None,2025-11-18,Karnataka,0
3,35,0,0,0,0,0,3,0.608,14,1,0,0,0,0,1,0,0,1,0,0,0,0,0,0,1,0,0,0,0,0,0,Assault,None,2018-09-09,Uttar Pradesh,0
7,32,1,1,0,0,1,3,0.635,19,4,0,0,1,0,0,0,1,0,0,0,0,0,0,1,0,0,0,0,0,0,0,Murder,Teen Talwar Gang,2018-04-09,Tamil Nadu,1
0,39,0,0,0,1,1,0,0.115,0,3,0,1,0,0,0,0,0,0,0,1,0,0,0,0,0,1,0,0,0,0,0,Fraud,None,2019-07-04,Kerala,0
2,36,0,1,0,0,0,0,0.866,3,3,0,1,0,0,0,0,0,0,0,0,0,1,0,0,0,0,0,1,0,0,0,Arms Trafficking,None,2022-11-18,Rajasthan,0
2,23,0,0,0,1,0,1,0.459,22,0,1,0,0,0,0,0,0,0,1,0,0,0,0,0,0,0,1,0,0,0,0,Car Theft,None,2025-07-23,Gujarat,0
0,20,0,0,0,0,0,1,0.049,1,0,0,0,1,0,0,0,0,1,0,0,0,0,0,0,0,0,0,0,0,1,0,Vandalism,None,2025-04-01,Gujarat,0
0,30,0,0,0,1,1,5,0.524,3,5,1,0,0,0,0,0,0,0,0,1,0,0,0,1,0,0,0,0,0,0,0,Extortion,None,2023-01-06,Uttar Pradesh,1
5,31,1,0,1,1,0,3,0.483,21,9,1,0,0,0,0,0,0,0,0,0,0,1,0,0,0,0,0,1,0,0,0,Drug Trafficking,Kaala Bichhoo Gang,2019-02-13,Maharashtra,0
1,19,0,0,0,1,1,2,0.321,22,4,0,0,1,0,0,0,0,0,1,0,0,0,0,0,0,1,0,0,0,0,0,Car Theft,None,2019-03-14,Rajasthan,1
0,31,0,0,0,0,0,5,0.685,21,3,0,0,1,0,0,0,1,0,0,0,0,0,0,0,1,0,0,0,0,0,0,Assault,None,2024-11-20,Uttar Pradesh,1
1,34,1,0,1,1,0,0,0.457,8,8,0,0,0,1,0,0,0,0,0,0,0,1,0,0,1,0,0,0,0,0,0,Drug Trafficking,Kaala Bichhoo Gang,2021-05-14,Maharashtra,0
1,38,0,0,1,0,1,1,0.415,2,4,1,0,0,0,0,0,0,0,0,0,0,1,0,0,0,0,0,1,0,0,0,Drug Trafficking,None,2025-10-21,Uttar Pradesh,1
1,34,0,0,0,1,0,0,0.811,22,2,1,0,0,0,0,0,0,0,0,1,0,0,0,0,0,1,0,0,0,0,0,Fraud,None,2020-12-12,Maharashtra,0
0,37,0,1,0,1,0,1,0.311,21,4,0,0,0,1,0,0,0,0,0,0,0,1,0,0,0,1,0,0,0,0,0,Arms Trafficking,None,2023-09-11,Bihar,0
0,22,0,1,0,0,0,1,0.621,0,5,0,0,0,0,1,0,0,0,0,1,0,0,0,0,0,0,0,0,0,0,1,Extortion,None,2024-10-31,West Bengal,1
1,33,0,1,0,1,0,2,0.716,23,0,0,0,0,0,0,1,1,0,0,0,0,0,0,1,0,0,0,0,0,0,0,Robbery,None,2021-05-31,Uttar Pradesh,0
1,31,0,0,1,1,0,1,0.281,2,3,0,0,1,0,0,0,0,0,0,0,0,1,0,0,0,0,0,1,0,0,0,Drug Trafficking,None,2022-11-12,Haryana,0
1,45,0,1,0,0,0,5,0.535,3,0,0,0,1,0,0,0,1,0,0,0,0,0,0,0,1,0,0,0,0,0,0,Assault,None,2019-10-25,Gujarat,0
3,25,1,0,0,0,1,1,0.466,16,10,0,0,0,0,0,1,0,0,0,0,1,0,0,0,0,0,1,0,0,0,0,Cybercrime,Neela Saanp Syndicate,2019-06-08,West Bengal,1
0,39,0,1,0,0,0,2,0.491,1,3,0,0,0,1,0,0,0,0,0,0,0,1,0,0,0,0,0,1,0,0,0,Arms Trafficking,None,2025-09-12,Uttar Pradesh,1
1,24,0,0,0,1,0,0,0.32,18,2,0,1,0,0,0,0,0,0,1,0,0,0,0,0,0,0,1,0,0,0,0,Car Theft,None,2022-03-25,Maharashtra,1
1,22,0,0,0,1,1,0,0.448,0,2,0,0,1,0,0,0,0,0,1,0,0,0,1,0,0,0,0,0,0,0,0,Car Theft,None,2023-06-10,Madhya Pradesh,1
2,36,0,1,0,1,1,4,0.685,8,5,0,0,0,0,1,0,1,0,0,0,0,0,0,0,0,0,0,0,1,0,0,Kidnapping,None,2021-05-14,Uttar Pradesh,0
8,45,1,1,0,0,0,5,0.797,0,7,1,0,0,0,0,0,1,0,0,0,0,0,0,0,1,0,0,0,0,0,0,Murder,Teen Talwar Gang,2024-03-02,Gujarat,1
2,39,0,0,0,1,0,0,0.609,10,3,1,0,0,0,0,0,0,0,0,1,0,0,0,0,0,1,0,0,0,0,0,Fraud,None,2018-03-06,Maharashtra,0
0,38,0,1,0,1,0,0,0.599,19,3,0,0,0,1,0,0,0,0,0,0,0,1,0,0,0,0,0,1,0,0,0,Arms Trafficking,None,2021-09-21,Madhya Pradesh,0
1,25,0,0,0,1,1,0,0.295,18,3,0,1,0,0,0,0,0,0,0,1,0,0,1,0,0,0,0,0,0,0,0,Car Theft,None,2024-04-28,Uttar Pradesh,0
1,31,1,1,0,1,0,4,0.706,17,3,0,0,0,0,0,1,0,0,0,1,0,0,0,0,0,0,0,0,0,1,0,Robbery,Lal Toofan Crew,2024-05-01,Delhi,0
1,39,1,0,0,1,0,2,0.634,8,11,0,1,0,0,0,0,0,0,0,1,0,0,0,0,0,1,0,0,0,0,0,Fraud,Neela Saanp Syndicate,2020-10-11,West Bengal,1
2,38,0,0,0,0,0,5,0.913,3,5,1,0,0,0,0,0,0,0,0,0,0,1,0,0,1,0,0,0,0,0,0,Assault,None,2021-10-24,Madhya Pradesh,1
2,54,1,1,0,0,0,5,0.372,12,3,1,0,0,0,0,0,1,0,0,0,0,0,0,0,1,0,0,0,0,0,0,Murder,Teen Talwar Gang,2024-12-10,Gujarat,1
1,28,0,0,0,1,0,0,0.388,20,0,0,1,0,0,0,0,0,0,1,0,0,0,1,0,0,0,0,0,0,0,0,Car Theft,None,2019-03-18,West Bengal,0
0,22,0,0,0,1,0,2,0.135,20,2,1,0,0,0,0,0,0,0,1,0,0,0,1,0,0,0,0,0,0,0,0,Car Theft,None,2022-03-11,Telangana,0
0,27,0,0,0,0,0,0,0.769,20,1,0,0,1,0,0,0,0,1,0,0,0,0,0,0,0,0,0,0,1,0,0,Burglary,None,2025-11-07,Madhya Pradesh,0
1,17,0,1,0,1,1,0,0.213,22,5,0,0,0,0,0,1,0,0,0,1,0,0,0,0,0,0,1,0,0,0,0,Cybercrime,None,2021-05-20,Maharashtra,0
0,24,0,0,0,1,0,0,0.603,0,3,0,0,1,0,0,0,0,0,1,0,0,0,1,0,0,0,0,0,0,0,0,Car Theft,None,2021-03-13,West Bengal,0
2,39,0,1,0,1,0,3,0.328,0,2,0,0,1,0,0,0,0,0,0,0,0,1,0,0,0,0,0,1,0,0,0,Arms Trafficking,None,2019-05-22,West Bengal,1
0,30,0,0,0,1,0,0,0.152,4,1,1,0,0,0,0,0,0,0,0,1,0,0,1,0,0,0,0,0,0,0,0,Burglary,None,2025-10-08,Uttar Pradesh,0
1,34,0,0,0,1,1,0,0.455,9,3,0,0,0,0,1,0,0,0,0,1,0,0,0,0,0,1,0,0,0,0,0,Fraud,None,2023-05-28,Madhya Pradesh,0
6,40,1,1,1,1,0,4,0.596,20,7,0,0,0,1,0,0,0,0,0,0,0,1,0,0,0,0,0,1,0,0,0,Arms Trafficking,Teen Talwar Gang,2022-11-23,Gujarat,1
0,23,0,0,0,1,0,0,0.272,13,1,0,1,0,0,0,0,0,0,1,0,0,0,0,0,0,1,0,0,0,0,0,Car Theft,None,2024-09-24,Uttar Pradesh,0
0,23,1,0,0,1,1,1,0.387,16,10,0,0,0,0,0,1,0,0,0,0,0,1,0,0,0,0,1,0,0,0,0,Cybercrime,Neela Saanp Syndicate,2023-08-14,Karnataka,0
1,28,0,1,0,0,0,1,0.504,3,3,0,1,0,0,0,0,1,0,0,0,0,0,0,0,1,0,0,0,0,0,0,Murder,None,2025-07-07,Uttar Pradesh,1
1,24,0,0,0,1,1,1,0.363,19,3,0,0,1,0,0,0,0,0,1,0,0,0,1,0,0,0,0,0,0,0,0,Car Theft,None,2020-10-10,Rajasthan,0
1,27,0,0,0,1,0,0,0.168,4,1,0,1,0,0,0,0,0,0,1,0,0,0,1,0,0,0,0,0,0,0,0,Car Theft,None,2021-06-28,Karnataka,0
2,22,0,0,1,1,0,1,0.434,23,8,1,0,0,0,0,0,0,0,0,0,0,1,0,0,0,1,0,0,0,0,0,Drug Trafficking,None,2025-04-03,Uttar Pradesh,0
0,31,0,0,0,0,1,0,0.342,16,1,0,0,1,0,0,0,0,0,1,0,0,0,1,0,0,0,0,0,0,0,0,Car Theft,None,2022-09-10,Madhya Pradesh,0
3,34,0,0,1,1,0,0,0.292,18,4,1,0,0,0,0,0,0,0,0,0,0,1,0,0,0,0,0,1,0,0,0,Drug Trafficking,None,2021-05-24,Tamil Nadu,1
0,33,0,0,0,1,0,0,0.152,15,3,0,0,0,0,1,0,0,0,0,1,0,0,0,0,0,1,0,0,0,0,0,Fraud,None,2021-03-10,Maharashtra,0
0,16,0,0,0,0,1,0,0.674,8,2,0,0,0,0,0,1,0,0,1,0,0,0,0,0,0,0,1,0,0,0,0,Cybercrime,None,2023-06-19,Maharashtra,0
1,25,0,0,0,0,1,0,0.424,21,2,0,0,1,0,0,0,0,1,0,0,0,0,1,0,0,0,0,0,0,0,0,Car Theft,None,2021-01-29,Rajasthan,0
1,33,0,0,0,1,0,0,0.475,8,3,0,1,0,0,0,0,1,0,0,0,0,0,0,0,0,1,0,0,0,0,0,Fraud,None,2019-12-29,Telangana,0
1,18,0,0,0,1,1,0,0.266,17,3,0,0,0,0,0,1,0,0,0,1,0,0,0,0,0,0,1,0,0,0,0,Cybercrime,None,2022-07-28,West Bengal,0
1,19,0,1,1,0,0,2,0.403,2,3,0,0,0,1,0,0,0,0,0,0,0,1,0,0,0,0,0,1,0,0,0,Drug Trafficking,None,2020-03-04,Uttar Pradesh,1
1,34,0,1,1,1,0,2,0.852,18,4,0,1,0,0,0,0,0,0,0,0,0,1,0,0,0,0,0,1,0,0,0,Arms Trafficking,None,2018-08-27,Bihar,0
5,52,1,0,0,1,0,0,0.6,11,13,0,1,0,0,0,0,0,0,0,1,0,0,0,0,0,1,0,0,0,0,0,Money Laundering,Patang Syndicate,2021-02-26,Telangana,1
1,29,0,0,0,0,0,0,0.355,23,1,1,0,0,0,0,0,0,1,0,0,0,0,0,0,0,0,0,0,0,1,0,Arson,None,2025-07-01,Maharashtra,0
0,41,0,0,0,1,0,4,0.304,3,5,0,0,0,1,0,0,1,0,0,0,0,0,0,0,0,0,0,0,1,0,0,Human Trafficking,None,2025-07-29,Tamil Nadu,0
3,18,0,0,0,0,1,0,0.479,20,2,0,0,0,0,0,1,0,0,0,0,1,0,0,0,0,0,1,0,0,0,0,Cybercrime,None,2019-08-04,Maharashtra,0
2,25,1,0,0,1,0,0,0.387,8,15,0,0,0,0,0,1,0,0,0,1,0,0,0,0,0,1,0,0,0,0,0,Fraud,Neela Saanp Syndicate,2023-04-10,West Bengal,1
1,26,0,1,0,1,0,2,0.75,11,9,1,0,0,0,0,0,0,0,0,1,0,0,0,0,0,0,0,0,0,0,1,Kidnapping,None,2019-11-07,Bihar,0
0,32,0,1,0,0,0,3,0.773,1,0,0,1,0,0,0,0,1,0,0,0,0,0,0,0,1,0,0,0,0,0,0,Assault,None,2022-08-02,Uttar Pradesh,0
0,21,0,0,0,1,0,1,0.415,21,2,0,0,1,0,0,0,0,0,1,0,0,0,1,0,0,0,0,0,0,0,0,Car Theft,None,2025-11-30,Uttar Pradesh,0
0,32,0,1,0,0,0,1,0.223,18,2,0,0,1,0,0,0,0,1,0,0,0,0,0,0,1,0,0,0,0,0,0,Robbery,None,2019-05-02,West Bengal,0
3,46,0,1,0,1,0,2,0.483,2,5,0,0,0,0,0,1,0,0,0,1,0,0,0,0,0,0,0,0,0,0,1,Extortion,None,2019-12-14,Bihar,0
0,31,0,0,0,1,0,0,0.173,13,6,1,0,0,0,0,0,1,0,0,0,0,0,0,0,0,1,0,0,0,0,0,Human Trafficking,None,2021-09-28,Madhya Pradesh,0
5,33,1,1,0,0,0,6,0.678,19,6,0,0,0,0,1,0,0,0,0,0,0,1,0,0,0,0,0,1,0,0,0,Arms Trafficking,Kaala Bichhoo Gang,2020-08-26,Maharashtra,1
3,21,0,0,0,1,0,6,0.74,17,6,0,0,1,0,0,0,1,0,0,0,0,0,0,0,0,0,0,0,1,0,0,Kidnapping,None,2021-12-28,Madhya Pradesh,0
1,41,1,1,0,1,1,1,0.421,3,11,0,0,0,0,1,0,1,0,0,0,0,0,0,0,0,0,0,0,0,0,1,Extortion,Teen Talwar Gang,2022-02-24,Tamil Nadu,1
3,36,1,1,0,0,0,4,0.829,1,7,0,0,0,1,0,0,1,0,0,0,0,0,0,0,0,0,0,1,0,0,0,Arms Trafficking,Teen Talwar Gang,2023-12-23,Tamil Nadu,1
2,40,0,1,0,0,0,2,0.258,4,2,0,0,1,0,0,0,1,0,0,0,0,0,0,0,0,0,1,0,0,0,0,Murder,None,2019-08-20,Uttar Pradesh,0
1,32,0,0,0,1,0,1,0.187,21,1,0,0,0,0,1,0,0,1,0,0,0,0,0,0,1,0,0,0,0,0,0,Burglary,None,2023-04-01,Uttar Pradesh,1
3,23,1,0,0,0,0,5,0.478,17,15,0,0,0,1,0,0,1,0,0,0,0,0,0,0,0,0,0,0,1,0,0,Kidnapping,Patang Syndicate,2024-02-26,Punjab,1
1,20,0,0,1,0,0,1,0.784,3,0,1,0,0,0,0,0,1,0,0,0,0,0,0,0,1,0,0,0,0,0,0,Assault,None,2023-01-30,West Bengal,0
2,27,0,0,0,1,0,1,0.753,20,6,0,0,1,0,0,0,0,0,1,0,0,0,0,0,0,1,0,0,0,0,0,Car Theft,None,2020-10-25,Karnataka,0
1,23,0,1,0,0,0,1,0.421,4,0,0,1,0,0,0,0,1,0,0,0,0,0,0,0,0,0,0,1,0,0,0,Assault,None,2024-09-12,Madhya Pradesh,1
0,42,0,0,0,1,0,0,0.27,8,2,0,0,0,0,1,0,0,0,0,0,1,0,0,0,0,1,0,0,0,0,0,Fraud,None,2023-06-09,Tamil Nadu,0
1,39,0,1,1,0,0,1,0.346,21,2,1,0,0,0,0,0,1,0,0,0,0,0,0,0,1,0,0,0,0,0,0,Assault,None,2023-12-14,Madhya Pradesh,0
6,25,1,0,0,1,1,0,0.636,18,6,0,0,0,0,0,1,0,0,0,0,1,0,0,0,0,0,1,0,0,0,0,Cybercrime,Neela Saanp Syndicate,2023-04-30,Karnataka,1
1,23,0,0,0,0,0,1,0.323,12,3,1,0,0,0,0,0,0,1,0,0,0,0,0,0,0,0,0,1,0,0,0,Vandalism,None,2022-12-24,Maharashtra,0
0,33,0,0,1,0,0,0,0.388,1,0,0,0,1,0,0,0,0,1,0,0,0,0,0,0,0,0,0,0,0,1,0,Vandalism,None,2018-09-23,Kerala,0
1,22,1,0,0,1,0,0,0.785,4,2,0,1,0,0,0,0,0,0,0,1,0,0,1,0,0,0,0,0,0,0,0,Burglary,Kaali Billi Crew,2024-03-13,Madhya Pradesh,0
0,52,0,0,0,1,0,0,0.339,10,4,0,0,0,0,1,0,0,0,0,1,0,0,0,0,0,1,0,0,0,0,0,Fraud,None,2020-03-26,Madhya Pradesh,0
2,31,0,0,0,1,1,0,0.266,21,4,0,0,0,0,0,1,0,0,0,0,1,0,0,0,0,0,1,0,0,0,0,Cybercrime,None,2019-03-30,West Bengal,0
2,26,0,0,0,0,0,1,0.096,2,3,0,0,1,0,0,0,0,0,1,0,0,0,0,0,0,0,0,0,0,1,0,Vandalism,None,2023-03-27,Uttar Pradesh,1
1,26,0,0,0,1,0,0,0.29,22,4,0,0,1,0,0,0,0,0,1,0,0,0,1,0,0,0,0,0,0,0,0,Car Theft,None,2023-12-07,Delhi,0
3,31,1,0,0,1,1,3,0.51,10,3,0,1,0,0,0,0,0,0,0,1,0,0,0,0,0,0,0,0,0,0,1,Extortion,Teen Talwar Gang,2021-04-19,Tamil Nadu,1
2,27,1,1,0,1,0,3,0.878,21,15,0,1,0,0,0,0,0,0,0,1,0,0,1,0,0,0,0,0,0,0,0,Extortion,Patang Syndicate,2019-04-29,Telangana,1
0,32,0,0,0,1,1,0,0.38,8,3,0,0,0,0,1,0,0,0,0,1,0,0,0,0,0,1,0,0,0,0,0,Fraud,None,2022-04-08,Bihar,1
0,26,0,0,0,0,0,1,0.279,21,7,1,0,0,0,0,0,0,0,0,0,0,1,0,0,0,0,0,1,0,0,0,Drug Trafficking,None,2023-12-14,Bihar,0
3,34,0,0,0,0,0,2,0.244,1,1,0,1,0,0,0,0,0,1,0,0,0,0,0,0,0,0,0,0,0,1,0,Arson,None,2019-01-08,Uttar Pradesh,0
2,17,0,0,0,0,0,1,0.337,0,3,0,1,0,0,0,0,0,1,0,0,0,0,0,0,0,0,0,0,0,1,0,Vandalism,None,2020-06-30,West Bengal,1
2,41,0,0,1,1,1,2,0.506,14,7,0,0,0,1,0,0,1,0,0,0,0,0,0,0,0,1,0,0,0,0,0,Human Trafficking,None,2019-07-14,Uttar Pradesh,0
0,16,0,0,0,1,0,1,0.757,0,3,1,0,0,0,0,0,0,1,0,0,0,0,1,0,0,0,0,0,0,0,0,Burglary,None,2023-08-14,Kerala,0
1,21,0,0,0,1,0,0,0.183,13,1,0,1,0,0,0,0,0,1,0,0,0,0,1,0,0,0,0,0,0,0,0,Burglary,None,2020-04-19,Madhya Pradesh,0
1,25,0,0,0,0,0,3,0.546,4,0,0,0,1,0,0,0,0,1,0,0,0,0,0,0,0,0,0,0,0,1,0,Vandalism,None,2022-04-20,Bihar,0
2,35,0,1,0,0,0,2,0.596,19,5,1,0,0,0,0,0,1,0,0,0,0,0,0,0,1,0,0,0,0,0,0,Murder,None,2023-10-02,Punjab,1
0,37,0,0,0,1,1,0,0.155,16,4,0,1,0,0,0,0,0,0,0,1,0,0,0,0,0,1,0,0,0,0,0,Fraud,None,2023-03-13,Uttar Pradesh,0
1,26,1,0,0,1,0,0,0.525,20,4,1,0,0,0,0,0,0,0,1,0,0,0,0,0,0,0,1,0,0,0,0,Car Theft,Lal Toofan Crew,2019-09-10,Rajasthan,0
2,30,1,0,0,0,1,2,0.46,8,9,0,0,0,0,1,0,0,0,0,1,0,0,0,0,0,1,0,0,0,0,0,Fraud,Neela Saanp Syndicate,2021-03-28,Karnataka,1
1,37,1,1,0,0,0,4,0.809,2,3,0,0,1,0,0,0,1,0,0,0,0,0,0,0,1,0,0,0,0,0,0,Murder,Teen Talwar Gang,2020-05-31,Tamil Nadu,0
1,51,0,0,0,1,1,0,0.071,15,2,0,0,0,0,0,1,0,0,0,0,1,0,0,0,0,1,0,0,0,0,0,Fraud,None,2020-09-06,Uttar Pradesh,0
1,28,0,1,0,0,0,5,0.373,15,4,1,0,0,0,0,0,1,0,0,0,0,0,0,0,1,0,0,0,0,0,0,Murder,None,2021-08-16,Tamil Nadu,0
1,31,0,1,0,0,0,3,0.147,4,5,0,1,0,0,0,0,1,0,0,0,0,0,0,0,0,0,0,0,1,0,0,Murder,None,2021-01-15,Rajasthan,1
0,17,0,0,0,1,1,0,0.64,1,3,0,0,0,0,0,1,0,0,0,0,1,0,0,0,0,0,1,0,0,0,0,Cybercrime,None,2020-01-04,Karnataka,0
0,21,0,1,0,1,0,1,0.28,2,4,0,0,0,1,0,0,1,0,0,0,0,0,0,0,0,0,0,1,0,0,0,Kidnapping,None,2020-12-19,West Bengal,0
2,46,0,0,0,1,1,0,0.265,8,3,0,1,0,0,0,0,0,0,0,0,1,0,0,0,0,1,0,0,0,0,0,Fraud,None,2024-08-21,Delhi,1
4,51,1,0,0,1,1,0,0.66,10,2,0,0,0,0,0,1,0,0,0,1,0,0,0,0,0,1,0,0,0,0,0,Money Laundering,Kaala Bichhoo Gang,2022-04-14,Kerala,0
3,33,0,1,1,1,0,1,0.342,23,2,0,0,0,1,0,0,0,0,0,0,0,1,0,0,0,0,0,1,0,0,0,Drug Trafficking,None,2024-02-29,Maharashtra,0
1,32,0,1,0,1,0,0,0.165,21,3,0,0,1,0,0,0,0,0,1,0,0,0,1,0,0,0,0,0,0,0,0,Car Theft,None,2025-04-06,West Bengal,0
2,40,1,0,0,1,1,1,0.693,15,6,0,1,0,0,0,0,0,0,1,0,0,0,0,0,0,0,0,0,0,1,0,Money Laundering,Kaala Bichhoo Gang,2024-04-03,Maharashtra,0
2,44,0,0,0,1,1,1,0.345,1,7,1,0,0,0,0,0,1,0,0,0,0,0,0,0,0,1,0,0,0,0,0,Human Trafficking,None,2019-09-24,Punjab,1
3,36,1,0,0,1,1,3,0.481,10,10,0,0,0,0,0,1,0,0,0,1,0,0,0,0,0,0,0,0,0,0,1,Extortion,Patang Syndicate,2023-08-16,Punjab,1
5,34,0,0,1,1,0,1,0.43,18,6,1,0,0,0,0,0,0,1,0,0,0,0,0,0,0,0,0,1,0,0,0,Drug Trafficking,None,2020-06-20,Uttar Pradesh,0
2,30,0,1,0,0,1,2,0.458,1,7,0,0,1,0,0,0,0,0,0,0,0,1,0,0,0,0,0,0,1,0,0,Kidnapping,None,2022-12-06,Rajasthan,1
3,28,1,1,0,1,0,2,0.552,8,11,0,0,0,1,0,0,0,0,0,0,0,1,0,1,0,0,0,0,0,0,0,Arms Trafficking,Kaala Bichhoo Gang,2020-11-02,Maharashtra,1
0,31,0,0,0,1,0,0,0.175,19,2,1,0,0,0,0,0,0,0,1,0,0,0,1,0,0,0,0,0,0,0,0,Burglary,None,2023-01-02,Delhi,0
4,17,0,1,1,0,0,3,0.323,21,4,0,1,0,0,0,0,0,1,0,0,0,0,0,0,1,0,0,0,0,0,0,Assault,None,2023-05-30,Maharashtra,1
2,36,1,0,1,1,0,2,0.507,1,13,0,0,0,1,0,0,0,0,0,0,0,1,0,0,0,0,0,1,0,0,0,Drug Trafficking,Kaala Bichhoo Gang,2024-03-18,Kerala,1
2,28,1,1,1,1,0,2,0.377,19,10,0,1,0,0,0,0,0,0,0,0,0,1,0,0,0,0,0,1,0,0,0,Drug Trafficking,Kaala Bichhoo Gang,2020-07-29,Maharashtra,1
3,33,0,0,0,1,1,1,0.332,19,3,0,1,0,0,0,0,0,0,0,0,1,0,0,0,0,1,0,0,0,0,0,Fraud,None,2021-04-28,Maharashtra,0
2,32,0,0,0,1,0,2,0.315,0,1,1,0,0,0,0,0,0,0,0,1,0,0,1,0,0,0,0,0,0,0,0,Burglary,None,2021-11-26,Telangana,0
0,23,1,1,0,1,0,0,0.613,0,1,0,0,1,0,0,0,0,0,0,1,0,0,0,0,0,1,0,0,0,0,0,Burglary,Kaali Billi Crew,2021-03-08,Haryana,0
2,38,0,0,0,1,0,0,0.154,17,8,0,0,0,0,1,0,0,0,0,1,0,0,0,0,0,1,0,0,0,0,0,Money Laundering,None,2023-02-09,Uttar Pradesh,0
0,22,0,0,0,0,1,0,0.449,13,3,0,1,0,0,0,0,0,1,0,0,0,0,0,0,0,1,0,0,0,0,0,Vandalism,None,2024-08-10,Bihar,0
3,31,1,0,0,0,0,7,0.759,22,3,0,1,0,0,0,0,1,0,0,0,0,0,0,0,1,0,0,0,0,0,0,Assault,Kaali Billi Crew,2023-10-22,Haryana,1
8,42,1,1,0,1,1,3,0.835,10,8,0,0,0,0,1,0,0,0,0,0,1,0,0,0,0,1,0,0,0,0,0,Fraud,Neela Saanp Syndicate,2019-07-14,Karnataka,1
0,25,0,1,0,0,0,1,0.248,1,5,0,0,1,0,0,0,0,0,0,0,0,1,0,0,0,0,0,1,0,0,0,Arms Trafficking,None,2018-12-07,Uttar Pradesh,1
1,26,0,1,1,1,0,1,0.308,11,5,0,0,0,1,0,0,0,0,0,0,0,1,0,0,0,1,0,0,0,0,0,Drug Trafficking,None,2022-04-20,Delhi,1
1,42,1,0,0,1,1,2,0.607,1,4,0,0,0,0,0,1,0,0,0,1,0,0,0,0,0,0,0,0,0,0,1,Extortion,Teen Talwar Gang,2020-05-18,Gujarat,0
1,23,0,0,0,0,0,1,0.693,21,1,0,0,0,1,0,0,1,0,0,0,0,0,0,0,1,0,0,0,0,0,0,Assault,None,2025-04-09,Maharashtra,0
1,28,0,0,0,1,1,0,0.278,8,0,0,0,0,0,0,1,0,0,0,1,0,0,0,0,0,0,1,0,0,0,0,Cybercrime,None,2021-12-31,Uttar Pradesh,0
3,30,1,0,0,1,0,1,0.534,2,4,1,0,0,0,0,0,0,0,0,1,0,0,1,0,0,0,0,0,0,0,0,Burglary,Teen Talwar Gang,2025-12-05,Gujarat,0
5,25,1,0,0,0,0,4,0.778,4,0,1,0,0,0,0,0,0,1,0,0,0,0,0,0,0,0,0,0,0,1,0,Arson,Kaali Billi Crew,2023-11-15,Haryana,1
4,35,0,1,0,1,1,9,0.587,2,3,1,0,0,0,0,0,1,0,0,0,0,0,0,0,0,0,0,0,1,0,0,Kidnapping,None,2021-10-07,Bihar,0
0,26,0,0,1,1,0,1,0.356,13,2,0,0,0,1,0,0,0,0,0,0,0,1,0,0,0,0,0,1,0,0,0,Drug Trafficking,None,2025-04-27,Bihar,0
2,41,0,0,0,0,1,0,0.288,12,4,0,1,0,0,0,0,0,0,0,1,0,0,0,0,0,1,0,0,0,0,0,Fraud,None,2022-02-14,Rajasthan,0
1,44,0,1,0,1,0,1,0.439,22,0,0,0,0,1,0,0,1,0,0,0,0,0,0,0,0,0,0,0,1,0,0,Kidnapping,None,2024-07-26,Uttar Pradesh,0
2,33,0,1,0,0,0,0,0.483,1,1,0,1,0,0,0,0,0,1,0,0,0,0,0,0,1,0,0,0,0,0,0,Assault,None,2019-10-28,Telangana,0
2,24,0,1,0,0,0,1,0.722,18,3,0,0,1,0,0,0,1,0,0,0,0,0,0,0,1,0,0,0,0,0,0,Assault,None,2018-01-21,Maharashtra,0
6,41,1,1,0,0,0,3,0.741,2,7,0,0,1,0,0,0,1,0,0,0,0,0,0,0,1,0,0,0,0,0,0,Murder,Teen Talwar Gang,2023-06-06,Gujarat,1
0,22,0,0,1,1,0,1,0.383,2,6,0,0,0,1,0,0,0,0,0,0,0,1,0,0,0,0,0,1,0,0,0,Drug Trafficking,None,2019-02-17,Delhi,0
1,22,0,0,1,1,0,2,0.038,20,6,0,0,0,1,0,0,0,0,0,0,0,1,0,0,0,0,0,1,0,0,0,Drug Trafficking,None,2019-07-03,Bihar,1
0,18,0,0,0,0,1,0,0.284,4,3,0,0,0,0,0,1,0,0,0,0,1,0,0,0,0,0,1,0,0,0,0,Cybercrime,None,2019-06-13,Uttar Pradesh,0
1,20,0,0,0,1,0,1,0.185,23,1,1,0,0,0,0,0,0,1,0,0,0,0,1,0,0,0,0,0,0,0,0,Burglary,None,2019-01-21,Maharashtra,0
2,24,0,0,0,1,1,0,0.256,12,3,0,0,0,0,0,1,0,0,0,1,0,0,0,0,0,1,0,0,0,0,0,Cybercrime,None,2024-06-02,Madhya Pradesh,1
0,37,0,1,0,0,0,3,0.285,14,2,0,0,0,0,1,0,1,0,0,0,0,0,0,0,1,0,0,0,0,0,0,Assault,None,2021-10-13,Haryana,0
3,38,1,1,0,1,0,2,0.712,19,5,1,0,0,0,0,0,0,0,0,0,0,1,0,0,0,0,0,1,0,0,0,Arms Trafficking,Kaala Bichhoo Gang,2020-07-02,Maharashtra,0
3,37,1,1,0,1,0,3,0.371,16,10,0,1,0,0,0,0,0,0,0,1,0,0,0,0,0,0,0,0,0,0,1,Extortion,Teen Talwar Gang,2018-01-01,Tamil Nadu,1
2,23,1,1,0,0,0,1,0.489,12,12,0,0,1,0,0,0,0,0,0,0,0,1,0,0,0,0,0,1,0,0,0,Arms Trafficking,Kaala Bichhoo Gang,2024-10-21,Kerala,1
3,26,0,1,0,0,0,2,0.604,15,4,0,0,0,1,0,0,1,0,0,0,0,0,0,0,0,0,0,0,0,0,1,Assault,None,2021-06-25,Telangana,0
3,51,0,1,0,1,0,1,0.375,17,2,0,0,0,1,0,0,0,0,0,0,0,1,0,0,0,0,0,1,0,0,0,Arms Trafficking,None,2024-08-15,Madhya Pradesh,1
4,40,0,0,0,0,0,3,0.427,17,3,0,0,1,0,0,0,1,0,0,0,0,0,0,0,0,0,0,0,0,1,0,Assault,None,2025-12-06,Haryana,0
2,26,1,0,0,0,1,1,0.563,9,7,1,0,0,0,0,0,0,0,0,1,0,0,0,0,0,0,0,0,0,1,0,Arson,Neela Saanp Syndicate,2025-02-11,Karnataka,1
1,38,1,1,0,1,0,4,0.598,2,11,1,0,0,0,0,0,1,0,0,0,0,0,0,0,0,1,0,0,0,0,0,Kidnapping,Patang Syndicate,2021-12-01,Telangana,1
1,27,0,1,0,0,0,1,0.591,22,6,0,1,0,0,0,0,0,0,0,1,0,0,0,0,0,0,0,0,0,0,1,Extortion,None,2019-02-14,West Bengal,0
4,20,0,0,0,0,0,5,0.586,9,1,0,1,0,0,0,0,1,0,0,0,0,0,0,0,1,0,0,0,0,0,0,Assault,None,2018-03-29,Maharashtra,1
0,36,0,0,0,0,0,3,0.209,12,4,1,0,0,0,0,0,1,0,0,0,0,0,0,0,1,0,0,0,0,0,0,Assault,None,2025-10-12,Bihar,0
0,35,0,0,0,1,1,0,0.791,14,0,0,0,0,0,0,1,0,0,0,0,1,0,0,0,0,0,1,0,0,0,0,Cybercrime,None,2018-08-08,Gujarat,1
1,27,0,1,1,1,0,4,0.701,8,2,0,0,0,1,0,0,0,0,0,0,0,1,0,0,0,0,0,1,0,0,0,Arms Trafficking,None,2021-07-16,Bihar,0
2,25,1,1,0,1,0,0,0.625,4,7,1,0,0,0,0,0,0,1,0,0,0,0,1,0,0,0,0,0,0,0,0,Burglary,Lal Toofan Crew,2019-07-23,Delhi,1
2,36,1,0,1,1,1,4,0.602,20,11,0,0,1,0,0,0,0,0,0,0,0,1,0,0,0,0,0,1,0,0,0,Drug Trafficking,Kaala Bichhoo Gang,2018-10-29,Kerala,0
4,35,0,1,0,1,0,2,0.882,15,2,0,0,0,1,0,0,1,0,0,0,0,0,0,0,0,0,0,0,1,0,0,Kidnapping,None,2023-10-29,West Bengal,0
2,25,1,1,0,1,0,0,0.704,23,6,1,0,0,0,0,0,0,0,1,0,0,0,1,0,0,0,0,0,0,0,0,Car Theft,Lal Toofan Crew,2021-04-15,Rajasthan,1
1,31,0,1,0,1,0,2,0.378,10,1,0,0,0,1,0,0,0,0,0,1,0,0,0,0,0,0,0,0,1,0,0,Kidnapping,None,2021-12-01,Karnataka,0
0,37,0,0,0,0,0,0,0.473,4,2,0,1,0,0,0,0,0,0,0,1,0,0,0,0,0,1,0,0,0,0,0,Burglary,None,2020-08-11,Bihar,0
0,18,0,0,0,1,1,0,0.547,16,1,1,0,0,0,0,0,0,0,1,0,0,0,0,0,0,1,0,0,0,0,0,Car Theft,None,2021-09-11,Bihar,0
1,23,0,0,0,1,0,1,0.305,4,2,1,0,0,0,0,0,0,0,1,0,0,0,1,0,0,0,0,0,0,0,0,Car Theft,None,2021-09-27,Madhya Pradesh,1
2,26,0,0,0,0,0,2,0.249,4,2,1,0,0,0,0,0,1,0,0,0,0,0,0,0,0,0,0,0,0,1,0,Assault,None,2023-02-03,Madhya Pradesh,1
1,37,0,1,0,1,0,1,0.575,3,3,0,0,1,0,0,0,0,0,0,1,0,0,0,1,0,0,0,0,0,0,0,Kidnapping,None,2021-01-21,West Bengal,0
2,30,0,1,1,0,0,4,0.49,4,2,0,1,0,0,0,0,1,0,0,0,0,0,0,0,1,0,0,0,0,0,0,Assault,None,2018-08-06,Uttar Pradesh,0
2,32,0,0,0,1,0,0,0.137,22,3,0,1,0,0,0,0,0,0,1,0,0,0,1,0,0,0,0,0,0,0,0,Car Theft,None,2020-02-21,Maharashtra,0
2,30,0,0,0,1,0,4,0.352,1,1,1,0,0,0,0,0,1,0,0,0,0,0,0,0,1,0,0,0,0,0,0,Assault,None,2023-12-11,Bihar,0
3,30,1,0,0,1,0,0,0.427,22,6,0,0,1,0,0,0,0,0,0,1,0,0,0,0,0,0,0,0,0,0,1,Extortion,Patang Syndicate,2025-07-24,Telangana,1
2,21,0,0,0,0,0,1,0.641,21,0,0,0,0,1,0,0,0,0,0,1,0,0,0,1,0,0,0,0,0,0,0,Robbery,None,2020-10-14,Tamil Nadu,1
2,34,0,0,0,0,0,4,0.591,8,1,0,1,0,0,0,0,1,0,0,0,0,0,0,1,0,0,0,0,0,0,0,Assault,None,2018-12-20,Madhya Pradesh,0
3,49,1,0,0,1,1,1,0.527,14,13,0,0,0,0,1,0,0,0,0,1,0,0,0,0,0,1,0,0,0,0,0,Money Laundering,Kaala Bichhoo Gang,2019-08-28,Maharashtra,0
2,36,1,0,0,1,0,1,0.39,20,7,0,0,0,0,0,1,0,0,0,1,0,0,0,0,0,0,0,0,0,0,1,Extortion,Lal Toofan Crew,2020-12-23,Rajasthan,1
1,31,0,0,0,0,0,6,0.591,1,0,1,0,0,0,0,0,1,0,0,0,0,0,0,0,1,0,0,0,0,0,0,Assault,None,2023-07-18,West Bengal,0
1,25,0,1,0,0,0,3,0.46,2,2,0,0,1,0,0,0,0,1,0,0,0,0,0,0,1,0,0,0,0,0,0,Assault,None,2018-03-04,Bihar,0
1,27,0,0,0,0,0,0,0.079,12,2,1,0,0,0,0,0,1,0,0,0,0,0,0,0,0,0,0,0,0,0,1,Assault,None,2018-10-30,Maharashtra,0
2,36,0,0,0,1,1,2,0.479,8,2,0,0,0,0,1,0,0,0,0,1,0,0,0,0,0,0,1,0,0,0,0,Fraud,None,2025-12-15,Uttar Pradesh,0
1,26,0,0,0,1,1,1,0.02,18,2,0,0,0,0,0,1,0,0,0,1,0,0,0,0,0,0,1,0,0,0,0,Cybercrime,None,2018-11-06,Bihar,0
2,16,1,0,0,1,0,1,0.282,23,6,0,0,1,0,0,0,0,0,1,0,0,0,0,0,0,0,0,1,0,0,0,Car Theft,Kaali Billi Crew,2018-06-21,Madhya Pradesh,1
0,40,0,0,0,0,0,1,0.416,2,4,0,0,1,0,0,0,0,1,0,0,0,0,0,0,0,0,0,0,0,1,0,Vandalism,None,2025-04-05,Madhya Pradesh,0
1,40,1,1,0,1,0,5,0.711,22,19,0,0,1,0,0,0,1,0,0,0,0,0,0,0,0,0,0,0,1,0,0,Kidnapping,Patang Syndicate,2022-06-11,Telangana,1
7,39,0,1,0,0,0,5,0.657,8,2,0,0,1,0,0,0,1,0,0,0,0,0,0,0,0,0,0,0,1,0,0,Murder,None,2023-02-06,Gujarat,1
1,31,1,1,0,1,0,1,0.633,21,7,0,1,0,0,0,0,0,0,0,0,1,0,0,0,0,0,0,0,0,0,1,Extortion,Teen Talwar Gang,2024-05-26,Tamil Nadu,1
1,20,0,0,0,1,0,1,0.614,1,1,0,0,1,0,0,0,0,0,1,0,0,0,0,0,0,0,1,0,0,0,0,Car Theft,None,2024-08-14,Uttar Pradesh,0
1,17,0,0,1,0,0,1,0.26,23,4,0,1,0,0,0,0,0,1,0,0,0,0,0,0,0,0,0,0,0,1,0,Vandalism,None,2021-06-27,Uttar Pradesh,0
1,38,0,0,0,1,1,1,0.354,13,3,0,0,0,0,0,1,0,0,0,1,0,0,0,0,0,1,0,0,0,0,0,Fraud,None,2019-07-29,Uttar Pradesh,0
1,23,0,1,0,1,0,1,0.3,22,1,0,0,1,0,0,0,0,0,0,0,1,0,1,0,0,0,0,0,0,0,0,Car Theft,None,2024-12-20,Haryana,1
2,40,1,0,0,0,0,1,0.4,18,9,0,0,1,0,0,0,0,0,1,0,0,0,0,0,0,0,1,0,0,0,0,Car Theft,Kaala Bichhoo Gang,2018-02-19,Kerala,0
2,17,0,0,0,1,0,0,0.256,12,1,1,0,0,0,0,0,0,0,1,0,0,0,0,0,0,1,0,0,0,0,0,Car Theft,None,2022-04-16,Uttar Pradesh,1
3,40,1,0,0,0,1,1,0.364,9,7,0,1,0,0,0,0,0,1,0,0,0,0,0,0,0,0,0,0,0,0,1,Extortion,Teen Talwar Gang,2021-02-05,Tamil Nadu,0
0,35,0,0,0,1,0,0,0.292,18,1,0,0,0,0,1,0,0,0,0,1,0,0,0,0,0,0,0,0,1,0,0,Fraud,None,2025-11-15,West Bengal,0
2,16,1,0,0,1,0,2,0.585,0,2,1,0,0,0,0,0,0,1,0,0,0,0,1,0,0,0,0,0,0,0,0,Burglary,Kaali Billi Crew,2023-08-02,Haryana,0
4,39,1,0,0,1,1,2,0.747,16,15,0,0,0,1,0,0,0,0,0,1,0,0,0,0,0,1,0,0,0,0,0,Money Laundering,Neela Saanp Syndicate,2020-08-12,Karnataka,1
3,43,1,1,1,1,0,2,0.488,2,8,0,1,0,0,0,0,0,0,0,0,0,1,0,0,0,0,0,1,0,0,0,Arms Trafficking,Teen Talwar Gang,2025-11-05,Tamil Nadu,1
0,20,0,0,1,0,0,1,0.409,2,1,0,0,0,1,0,0,1,0,0,0,0,0,0,0,1,0,0,0,0,0,0,Assault,None,2018-03-01,West Bengal,0
0,16,0,0,0,1,0,0,0.341,23,1,0,0,0,0,0,1,0,0,1,0,0,0,1,0,0,0,0,0,0,0,0,Car Theft,None,2022-11-07,Madhya Pradesh,1
1,46,0,0,0,1,0,1,0.69,8,6,0,0,0,0,1,0,1,0,0,0,0,0,0,0,0,1,0,0,0,0,0,Human Trafficking,None,2020-03-31,Bihar,1
1,36,0,0,0,0,0,4,0.428,20,2,1,0,0,0,0,0,1,0,0,0,0,0,0,0,0,0,0,0,1,0,0,Kidnapping,None,2023-07-22,Uttar Pradesh,0
0,36,0,1,0,1,0,2,0.32,3,1,0,1,0,0,0,0,1,0,0,0,0,0,0,0,0,0,0,0,0,1,0,Murder,None,2021-02-03,Maharashtra,0
1,43,1,1,0,1,1,2,0.593,0,5,0,1,0,0,0,0,0,0,0,1,0,0,0,0,0,0,0,0,0,0,1,Extortion,Teen Talwar Gang,2021-02-26,Gujarat,0
2,36,0,0,0,1,0,1,0.417,18,3,0,1,0,0,0,0,0,0,0,1,0,0,0,0,1,0,0,0,0,0,0,Fraud,None,2023-02-14,Punjab,0
1,23,1,0,0,1,0,3,0.552,1,5,0,1,0,0,0,0,0,1,0,0,0,0,0,0,0,0,0,0,1,0,0,Burglary,Lal Toofan Crew,2018-09-09,Rajasthan,1
2,16,0,0,0,1,0,2,0.662,21,6,0,1,0,0,0,0,0,0,0,1,0,0,0,1,0,0,0,0,0,0,0,Robbery,None,2023-03-17,Uttar Pradesh,1
1,27,0,0,0,0,0,1,0.495,2,2,0,0,1,0,0,0,0,0,1,0,0,0,1,0,0,0,0,0,0,0,0,Car Theft,None,2019-03-02,Uttar Pradesh,1
3,25,1,0,0,1,1,1,0.674,13,10,0,0,0,0,0,1,0,0,0,1,0,0,0,0,0,0,1,0,0,0,0,Cybercrime,Neela Saanp Syndicate,2020-06-17,Karnataka,0
1,43,1,1,1,0,0,2,0.534,23,7,1,0,0,0,0,0,1,0,0,0,0,0,0,0,1,0,0,0,0,0,0,Assault,Teen Talwar Gang,2022-06-24,Tamil Nadu,1
3,17,0,1,0,1,0,5,0.634,8,1,0,0,0,1,0,0,1,0,0,0,0,0,0,0,0,0,0,0,1,0,0,Kidnapping,None,2018-08-22,Madhya Pradesh,1
1,29,0,1,1,1,0,1,0.304,9,7,0,0,1,0,0,0,0,0,0,0,0,1,0,0,0,0,0,1,0,0,0,Arms Trafficking,None,2022-09-13,Uttar Pradesh,0
1,39,0,1,0,0,0,0,0.34,8,1,0,0,1,0,0,0,0,0,1,0,0,0,1,0,0,0,0,0,0,0,0,Car Theft,None,2020-07-06,Karnataka,0
3,27,1,1,0,1,0,3,0.839,1,12,0,0,0,1,0,0,0,0,0,0,0,1,0,0,0,0,0,1,0,0,0,Arms Trafficking,Teen Talwar Gang,2022-07-13,Gujarat,1
0,28,0,1,0,0,0,1,0.744,23,3,1,0,0,0,0,0,0,0,0,0,1,0,0,0,1,0,0,0,0,0,0,Murder,None,2025-05-30,Uttar Pradesh,1
0,33,0,0,0,1,0,0,0.468,8,3,1,0,0,0,0,0,0,0,0,1,0,0,0,0,0,0,0,0,0,1,0,Fraud,None,2024-09-04,Rajasthan,0
1,22,0,0,0,0,0,1,0.537,1,2,0,1,0,0,0,0,0,1,0,0,0,0,0,0,0,0,0,0,0,1,0,Vandalism,None,2020-02-10,Bihar,0
2,16,1,0,0,1,1,1,0.482,0,6,0,0,0,0,0,1,0,0,0,0,1,0,0,0,0,0,1,0,0,0,0,Cybercrime,Neela Saanp Syndicate,2023-07-03,Karnataka,0
3,39,1,1,0,1,0,4,0.564,23,7,0,0,0,0,0,1,0,0,0,1,0,0,0,0,0,0,0,0,0,0,1,Extortion,Teen Talwar Gang,2025-11-03,Gujarat,1
2,38,0,0,0,1,1,0,0.393,20,3,1,0,0,0,0,0,0,0,0,1,0,0,0,0,0,0,1,0,0,0,0,Fraud,None,2024-09-06,Madhya Pradesh,0
1,41,0,0,0,1,1,0,0.48,22,7,0,0,0,0,1,0,0,0,0,1,0,0,0,0,0,1,0,0,0,0,0,Money Laundering,None,2024-12-13,Madhya Pradesh,1
0,37,0,0,0,0,0,1,0.161,3,2,1,0,0,0,0,0,0,1,0,0,0,0,0,0,0,0,0,0,0,1,0,Arson,None,2023-06-26,Punjab,1
0,22,0,1,0,0,0,1,0.679,23,4,0,0,0,1,0,0,0,0,0,0,0,1,0,0,0,0,0,1,0,0,0,Arms Trafficking,None,2020-10-20,Madhya Pradesh,0
1,51,0,0,0,1,1,0,0.223,8,1,0,0,0,0,1,0,0,0,0,1,0,0,0,0,0,1,0,0,0,0,0,Money Laundering,None,2024-07-14,Maharashtra,0
2,39,0,1,0,0,0,3,0.775,1,0,0,0,1,0,0,0,1,0,0,0,0,0,0,0,0,0,0,0,0,0,1,Assault,None,2024-06-16,Rajasthan,1
2,27,0,0,0,1,0,0,0.756,19,3,0,0,0,1,0,0,0,1,0,0,0,0,0,0,0,0,0,0,0,0,1,Robbery,None,2022-03-26,Maharashtra,0
1,24,0,0,0,0,0,2,0.28,2,3,0,0,1,0,0,0,0,1,0,0,0,0,0,0,0,0,0,0,0,1,0,Vandalism,None,2025-08-19,Gujarat,0
1,16,0,0,0,1,0,0,0.554,12,2,0,0,1,0,0,0,0,0,1,0,0,0,1,0,0,0,0,0,0,0,0,Car Theft,None,2024-08-09,Bihar,0
4,43,0,1,0,0,0,2,0.532,12,2,0,0,0,1,0,0,1,0,0,0,0,0,0,0,1,0,0,0,0,0,0,Robbery,None,2019-05-04,Maharashtra,1
4,22,0,1,1,1,0,3,0.758,22,5,0,0,0,1,0,0,1,0,0,0,0,0,0,0,1,0,0,0,0,0,0,Robbery,None,2018-04-04,Tamil Nadu,1
4,36,1,0,0,1,1,1,0.697,13,14,1,0,0,0,0,0,1,0,0,0,0,0,0,0,0,0,0,0,1,0,0,Human Trafficking,Patang Syndicate,2019-10-02,Punjab,1
1,38,0,0,0,1,0,0,0.166,14,5,0,0,0,0,0,1,0,0,0,1,0,0,0,0,0,1,0,0,0,0,0,Fraud,None,2018-12-09,Maharashtra,0
2,38,0,1,0,0,1,0,0.445,15,1,1,0,0,0,0,0,0,0,1,0,0,0,0,0,0,1,0,0,0,0,0,Car Theft,None,2020-12-15,Madhya Pradesh,1
2,45,1,1,0,1,0,0,0.494,0,8,0,0,1,0,0,0,0,0,0,0,0,1,1,0,0,0,0,0,0,0,0,Arms Trafficking,Teen Talwar Gang,2021-10-21,Gujarat,0
5,28,0,1,0,0,0,4,0.346,12,3,0,0,0,1,0,0,1,0,0,0,0,0,0,1,0,0,0,0,0,0,0,Assault,None,2019-05-21,Tamil Nadu,1
1,21,1,1,0,1,0,0,0.491,20,5,0,0,1,0,0,0,0,1,0,0,0,0,0,0,1,0,0,0,0,0,0,Robbery,Lal Toofan Crew,2018-04-04,Delhi,0
2,22,0,0,1,1,0,1,0.121,3,1,0,0,1,0,0,0,0,0,1,0,0,0,0,0,0,0,1,0,0,0,0,Car Theft,None,2022-03-27,Madhya Pradesh,1
1,31,0,1,0,1,0,3,0.5,20,4,1,0,0,0,0,0,0,0,0,1,0,0,0,1,0,0,0,0,0,0,0,Robbery,None,2018-05-03,Uttar Pradesh,1
0,23,0,1,1,1,0,2,0.593,23,5,0,1,0,0,0,0,0,0,0,0,0,1,0,0,0,0,0,1,0,0,0,Drug Trafficking,None,2024-07-22,Karnataka,0
1,39,0,0,0,1,1,0,0.488,21,0,0,0,0,0,0,1,0,0,0,1,0,0,0,0,0,0,1,0,0,0,0,Cybercrime,None,2018-08-20,Bihar,0
2,39,1,0,1,1,0,0,0.447,10,7,0,0,0,1,0,0,0,0,0,0,0,1,0,0,0,0,0,0,0,0,1,Drug Trafficking,Kaala Bichhoo Gang,2023-06-26,Maharashtra,0
1,27,0,0,1,1,0,2,0.278,21,7,0,0,0,1,0,0,0,0,0,0,0,1,0,0,0,0,0,1,0,0,0,Drug Trafficking,None,2019-01-12,Rajasthan,1
1,23,0,1,0,1,0,4,0.607,0,6,0,0,0,1,0,0,0,0,0,0,0,1,0,0,0,0,0,1,0,0,0,Arms Trafficking,None,2023-07-24,Maharashtra,1
2,23,1,1,0,0,0,4,0.716,0,9,0,0,1,0,0,0,0,1,0,0,0,0,0,0,1,0,0,0,0,0,0,Robbery,Kaali Billi Crew,2022-09-19,Haryana,1
2,16,1,0,0,1,0,5,0.625,4,1,1,0,0,0,0,0,0,1,0,0,0,0,1,0,0,0,0,0,0,0,0,Burglary,Kaali Billi Crew,2022-04-12,Madhya Pradesh,1
0,46,0,0,0,1,1,0,0.027,18,2,0,0,0,0,1,0,0,0,0,1,0,0,0,0,0,1,0,0,0,0,0,Fraud,None,2019-11-19,Uttar Pradesh,0
0,25,0,0,0,1,0,0,0.162,17,2,0,0,1,0,0,0,0,0,1,0,0,0,0,0,0,0,1,0,0,0,0,Car Theft,None,2022-08-14,West Bengal,0
4,54,0,0,0,1,0,0,0.176,8,1,0,0,0,0,1,0,0,0,0,1,0,0,0,0,0,1,0,0,0,0,0,Fraud,None,2023-09-08,Tamil Nadu,1
0,33,0,0,0,1,0,0,0.627,13,1,1,0,0,0,0,0,0,0,0,0,1,0,1,0,0,0,0,0,0,0,0,Car Theft,None,2022-09-21,Uttar Pradesh,0
2,18,0,0,0,0,0,1,0.346,9,4,0,0,1,0,0,0,0,0,1,0,0,0,1,0,0,0,0,0,0,0,0,Car Theft,None,2019-12-20,West Bengal,0
4,50,1,1,0,1,1,3,0.795,2,8,0,1,0,0,0,0,0,0,0,1,0,0,0,0,0,0,0,0,0,1,0,Extortion,Teen Talwar Gang,2021-06-09,Tamil Nadu,1
4,42,1,0,0,1,1,1,0.476,13,13,0,1,0,0,0,0,0,0,0,1,0,0,0,0,0,1,0,0,0,0,0,Fraud,Neela Saanp Syndicate,2024-10-23,West Bengal,1
0,17,1,0,0,1,0,3,0.255,21,0,0,0,1,0,0,0,0,0,1,0,0,0,0,0,0,1,0,0,0,0,0,Car Theft,Kaali Billi Crew,2019-12-08,Haryana,0
2,16,1,0,0,0,0,1,0.685,4,4,0,0,1,0,0,0,0,1,0,0,0,0,1,0,0,0,0,0,0,0,0,Vandalism,Kaali Billi Crew,2018-05-30,Madhya Pradesh,1
2,22,1,1,0,0,0,6,0.665,9,5,1,0,0,0,0,0,1,0,0,0,0,0,0,0,0,0,0,0,1,0,0,Kidnapping,Patang Syndicate,2022-08-10,Punjab,1
4,21,1,0,0,1,0,3,0.679,21,4,0,0,1,0,0,0,1,0,0,0,0,0,0,0,0,0,0,0,0,0,1,Robbery,Lal Toofan Crew,2022-10-11,Rajasthan,0
2,35,0,0,0,1,1,0,0.258,15,2,0,1,0,0,0,0,1,0,0,0,0,0,0,0,0,0,1,0,0,0,0,Fraud,None,2022-06-04,Delhi,0
1,57,0,0,1,1,0,0,0.296,20,3,0,0,0,0,1,0,0,0,0,0,1,0,0,0,0,1,0,0,0,0,0,Money Laundering,None,2021-03-11,Bihar,0
1,38,1,0,0,1,1,0,0.444,14,16,0,0,1,0,0,0,0,0,0,1,0,0,0,0,0,0,0,0,0,0,1,Extortion,Patang Syndicate,2025-08-19,Punjab,0
1,45,0,0,0,1,1,0,0.521,16,4,0,1,0,0,0,0,0,0,0,1,0,0,0,0,0,1,0,0,0,0,0,Fraud,None,2022-03-02,Karnataka,0
2,29,1,0,0,0,0,2,0.454,8,4,0,1,0,0,0,0,0,0,0,1,0,0,0,0,0,0,0,0,1,0,0,Burglary,Kaali Billi Crew,2020-11-29,Madhya Pradesh,0
0,26,0,1,0,1,1,2,0.436,20,5,0,1,0,0,0,0,0,0,0,1,0,0,0,0,0,0,0,0,0,0,1,Extortion,None,2021-02-16,Karnataka,1
1,45,0,0,0,1,0,0,0.081,21,3,0,1,0,0,0,0,0,0,0,0,1,0,0,0,0,1,0,0,0,0,0,Fraud,None,2024-08-30,Gujarat,0
2,16,1,0,0,1,1,0,0.754,1,11,0,0,0,1,0,0,0,0,0,0,1,0,0,0,0,0,1,0,0,0,0,Cybercrime,Neela Saanp Syndicate,2020-11-06,Karnataka,1
3,43,1,1,0,1,0,1,0.696,17,11,1,0,0,0,0,0,1,0,0,0,0,0,0,0,0,0,0,0,1,0,0,Kidnapping,Patang Syndicate,2023-03-18,Punjab,1
2,31,0,0,0,1,0,2,0.473,20,0,0,0,1,0,0,0,0,1,0,0,0,0,0,0,0,0,0,0,0,1,0,Arson,None,2025-06-04,Maharashtra,0
0,33,1,0,0,1,1,1,0.645,15,4,0,0,0,0,0,1,0,0,0,1,0,0,0,0,0,0,1,0,0,0,0,Cybercrime,Neela Saanp Syndicate,2025-09-25,Karnataka,0
3,39,1,1,1,0,1,3,0.706,20,11,0,0,0,1,0,0,0,0,0,0,0,1,0,0,0,0,0,1,0,0,0,Arms Trafficking,Kaala Bichhoo Gang,2025-11-23,Kerala,1
3,44,1,0,0,1,1,0,0.095,11,8,0,0,0,0,1,0,0,0,0,1,0,0,0,0,0,1,0,0,0,0,0,Money Laundering,Kaala Bichhoo Gang,2018-12-21,Kerala,0
1,34,0,1,0,1,0,3,0.463,4,4,0,0,1,0,0,0,0,1,0,0,0,0,0,0,0,0,0,1,0,0,0,Arms Trafficking,None,2018-04-28,Gujarat,0
1,36,1,0,0,1,0,1,0.432,20,20,0,0,0,1,0,0,1,0,0,0,0,0,0,0,0,1,0,0,0,0,0,Human Trafficking,Patang Syndicate,2018-06-21,Punjab,0
2,37,1,1,0,1,0,3,0.823,8,9,0,1,0,0,0,0,0,0,0,1,0,0,0,1,0,0,0,0,0,0,0,Extortion,Teen Talwar Gang,2024-07-13,Gujarat,1
1,29,0,0,1,1,0,2,0.193,18,5,0,0,0,1,0,0,0,0,0,0,1,0,0,0,0,0,0,1,0,0,0,Drug Trafficking,None,2018-12-23,Madhya Pradesh,1
3,28,0,1,0,0,0,5,0.404,10,3,0,1,0,0,0,0,1,0,0,0,0,0,0,0,1,0,0,0,0,0,0,Murder,None,2023-07-12,Uttar Pradesh,0
1,38,1,1,1,1,0,1,0.878,21,8,0,0,0,1,0,0,0,0,0,0,0,1,0,1,0,0,0,0,0,0,0,Arms Trafficking,Teen Talwar Gang,2022-11-12,Gujarat,0
2,33,0,1,0,1,0,3,0.733,18,6,1,0,0,0,0,0,0,0,0,1,0,0,0,0,0,0,0,0,0,0,1,Extortion,None,2018-02-22,Maharashtra,1
1,26,0,0,0,1,1,0,0.275,4,1,0,0,0,0,0,1,0,0,1,0,0,0,0,0,0,1,0,0,0,0,0,Cybercrime,None,2023-11-04,Haryana,0
0,31,0,1,0,0,0,1,0.738,1,1,0,0,0,0,0,1,1,0,0,0,0,0,0,1,0,0,0,0,0,0,0,Assault,None,2021-09-02,Uttar Pradesh,1
3,32,0,0,0,0,0,2,0.282,1,1,1,0,0,0,0,0,1,0,0,0,0,0,0,0,0,0,0,0,0,1,0,Assault,None,2022-09-15,Madhya Pradesh,0
0,24,0,0,0,1,0,0,0.581,22,0,1,0,0,0,0,0,0,0,0,1,0,0,1,0,0,0,0,0,0,0,0,Burglary,None,2022-04-26,Uttar Pradesh,0
0,16,1,0,0,0,0,4,0.712,4,7,0,0,1,0,0,0,1,0,0,0,0,0,0,0,0,0,0,0,0,1,0,Vandalism,Kaali Billi Crew,2021-05-25,Haryana,0
2,35,0,1,1,1,0,0,0.573,23,5,1,0,0,0,0,0,0,0,0,0,1,0,0,0,0,0,0,0,0,0,1,Drug Trafficking,None,2025-01-02,Bihar,0
3,36,0,0,0,1,0,1,0.059,19,2,1,0,0,0,0,0,0,0,1,0,0,0,0,0,1,0,0,0,0,0,0,Burglary,None,2024-01-02,Rajasthan,0
0,25,0,0,1,1,0,0,0.158,14,9,0,0,0,1,0,0,0,0,0,0,0,1,0,0,0,0,0,1,0,0,0,Drug Trafficking,None,2025-04-23,Gujarat,0
2,27,0,0,0,0,0,4,0.555,8,1,1,0,0,0,0,0,1,0,0,0,0,0,0,0,1,0,0,0,0,0,0,Assault,None,2023-12-10,Madhya Pradesh,1
2,28,0,1,1,1,0,0,0.362,2,1,1,0,0,0,0,0,1,0,0,0,0,0,0,0,0,0,0,0,1,0,0,Kidnapping,None,2020-06-20,Punjab,0
1,43,1,0,1,0,0,1,0.497,22,11,0,1,0,0,0,0,0,0,0,0,0,1,0,0,0,0,0,1,0,0,0,Drug Trafficking,Kaala Bichhoo Gang,2020-01-28,Kerala,0
2,46,0,0,0,0,1,0,0.034,15,3,0,1,0,0,0,0,0,0,0,1,0,0,0,0,0,1,0,0,0,0,0,Fraud,None,2022-03-02,Punjab,0
4,39,1,1,1,0,0,2,0.661,0,5,1,0,0,0,0,0,1,0,0,0,0,0,0,0,1,0,0,0,0,0,0,Murder,Teen Talwar Gang,2020-07-26,Gujarat,1
2,20,0,0,0,0,0,2,0.165,19,5,1,0,0,0,0,0,1,0,0,0,0,0,0,0,1,0,0,0,0,0,0,Assault,None,2019-11-25,Delhi,1
1,23,0,1,0,1,0,0,0.17,16,3,0,0,0,0,1,0,0,0,0,1,0,0,1,0,0,0,0,0,0,0,0,Burglary,None,2020-04-18,Madhya Pradesh,1
5,22,1,0,0,1,0,3,0.659,21,4,0,0,0,0,1,0,0,1,0,0,0,0,0,0,0,0,0,0,0,1,0,Vandalism,Kaali Billi Crew,2022-06-20,Madhya Pradesh,1
0,38,0,1,1,1,0,0,0.452,23,12,0,0,0,1,0,0,0,0,0,0,0,1,0,0,0,0,0,0,0,0,1,Drug Trafficking,None,2019-02-03,Madhya Pradesh,0
0,27,0,1,0,0,0,2,0.537,18,1,0,0,1,0,0,0,1,0,0,0,0,0,0,0,1,0,0,0,0,0,0,Assault,None,2020-06-21,Gujarat,0
1,16,0,1,0,0,1,0,0.563,8,4,1,0,0,0,0,0,1,0,0,0,0,0,0,0,0,0,0,0,1,0,0,Kidnapping,None,2019-03-18,Delhi,1
0,23,0,1,0,1,0,0,0.244,13,2,0,0,1,0,0,0,0,0,1,0,0,0,0,0,0,0,1,0,0,0,0,Car Theft,None,2023-06-15,Maharashtra,0
2,19,0,0,0,1,0,3,0.476,1,3,0,0,1,0,0,0,0,0,0,1,0,0,0,0,0,0,0,0,1,0,0,Kidnapping,None,2023-12-16,Gujarat,1
0,25,0,0,0,1,1,0,0.232,2,1,0,0,0,0,1,0,0,0,0,0,1,0,0,0,0,1,0,0,0,0,0,Cybercrime,None,2019-10-06,Telangana,0
4,43,1,0,0,1,0,1,0.717,9,9,0,0,0,0,0,1,0,0,0,0,1,0,0,0,0,1,0,0,0,0,0,Fraud,Neela Saanp Syndicate,2023-12-07,West Bengal,1
2,35,0,0,1,0,0,0,0.527,2,3,0,0,1,0,0,0,1,0,0,0,0,0,0,0,1,0,0,0,0,0,0,Assault,None,2019-01-22,Uttar Pradesh,0
2,28,0,0,0,1,0,0,0.699,21,4,1,0,0,0,0,0,0,0,0,1,0,0,0,0,0,1,0,0,0,0,0,Burglary,None,2023-11-07,Telangana,0
0,30,0,0,0,0,0,0,0.625,23,1,0,0,1,0,0,0,1,0,0,0,0,0,0,1,0,0,0,0,0,0,0,Assault,None,2019-05-12,Maharashtra,0
1,34,0,0,1,1,0,1,0.548,20,2,0,1,0,0,0,0,0,0,0,0,0,1,0,0,0,1,0,0,0,0,0,Drug Trafficking,None,2021-04-13,Telangana,0
0,20,0,0,0,1,0,0,0.554,23,2,1,0,0,0,0,0,0,0,1,0,0,0,1,0,0,0,0,0,0,0,0,Car Theft,None,2018-07-05,Bihar,1
2,42,0,0,0,1,0,0,0.141,17,4,0,0,0,0,1,0,0,0,0,1,0,0,0,0,0,1,0,0,0,0,0,Fraud,None,2021-06-13,Bihar,0
3,41,0,0,0,1,1,0,0.169,16,0,0,1,0,0,0,0,0,0,0,1,0,0,0,0,0,1,0,0,0,0,0,Fraud,None,2025-06-12,Maharashtra,1
3,16,1,0,0,1,1,2,0.638,18,10,0,0,0,0,0,1,0,0,0,0,1,0,0,0,0,0,0,1,0,0,0,Cybercrime,Neela Saanp Syndicate,2023-03-05,Karnataka,1
4,31,1,0,1,1,0,3,0.624,0,8,0,0,0,1,0,0,0,0,0,0,0,1,0,0,0,0,0,1,0,0,0,Drug Trafficking,Kaala Bichhoo Gang,2019-05-07,Maharashtra,1
0,18,0,0,0,1,0,1,0.532,4,1,0,0,1,0,0,0,0,0,1,0,0,0,1,0,0,0,0,0,0,0,0,Car Theft,None,2021-12-13,Uttar Pradesh,0
0,24,0,0,0,0,0,0,0.681,23,0,0,0,0,0,1,0,1,0,0,0,0,0,0,1,0,0,0,0,0,0,0,Assault,None,2025-07-19,Delhi,0
1,33,0,0,0,0,0,2,0.792,16,1,0,0,1,0,0,0,1,0,0,0,0,0,0,0,1,0,0,0,0,0,0,Assault,None,2020-01-27,Bihar,1
2,37,1,0,0,1,1,1,0.367,8,13,0,0,0,1,0,0,1,0,0,0,0,0,0,0,0,1,0,0,0,0,0,Human Trafficking,Patang Syndicate,2022-10-21,Punjab,0
2,27,0,0,0,1,0,0,0.561,9,7,0,0,0,0,1,0,0,0,0,1,0,0,0,0,0,0,0,1,0,0,0,Fraud,None,2019-06-21,Uttar Pradesh,0
3,20,1,1,0,1,0,1,0.665,22,0,0,0,1,0,0,0,0,0,1,0,0,0,1,0,0,0,0,0,0,0,0,Car Theft,Lal Toofan Crew,2018-08-05,Rajasthan,1
0,24,0,0,1,1,1,1,0.423,21,3,0,0,0,1,0,0,0,0,0,0,0,1,0,0,0,0,0,1,0,0,0,Drug Trafficking,None,2025-05-23,Gujarat,1
2,37,1,1,1,1,0,2,0.617,11,10,0,0,0,1,0,0,0,0,0,0,0,1,0,0,0,0,0,1,0,0,0,Drug Trafficking,Teen Talwar Gang,2024-01-16,Tamil Nadu,1
1,21,0,1,0,0,0,1,0.106,1,3,0,0,1,0,0,0,0,1,0,0,0,0,0,0,0,0,0,0,0,1,0,Vandalism,None,2022-10-10,Bihar,1
3,27,0,1,0,0,0,2,0.552,19,2,1,0,0,0,0,0,1,0,0,0,0,0,0,0,1,0,0,0,0,0,0,Murder,None,2018-11-05,Gujarat,0
1,51,1,0,0,1,1,0,0.869,9,8,0,0,0,0,0,1,0,0,0,1,0,0,0,0,0,1,0,0,0,0,0,Fraud,Neela Saanp Syndicate,2022-09-20,West Bengal,0
0,22,0,0,0,1,0,1,0.31,0,0,0,0,0,1,0,0,0,1,0,0,0,0,0,0,0,0,0,0,1,0,0,Burglary,None,2019-11-04,Maharashtra,1
1,40,0,0,0,1,1,1,0.369,17,0,0,0,0,0,0,1,0,0,0,1,0,0,0,0,0,1,0,0,0,0,0,Fraud,None,2018-05-07,Karnataka,1
0,49,0,0,0,1,1,0,0.246,15,0,0,0,0,0,0,1,0,0,0,0,1,0,0,0,0,1,0,0,0,0,0,Fraud,None,2021-05-08,Madhya Pradesh,0
1,35,0,1,0,0,0,4,0.842,23,1,0,0,1,0,0,0,1,0,0,0,0,0,0,0,1,0,0,0,0,0,0,Assault,None,2021-04-29,Maharashtra,0
0,28,0,0,0,1,1,0,0.163,13,1,0,0,0,0,0,1,0,0,0,0,1,0,0,0,0,0,1,0,0,0,0,Cybercrime,None,2018-02-26,Uttar Pradesh,0
5,30,1,1,1,0,0,1,0.596,20,7,0,0,0,1,0,0,0,0,0,0,0,1,0,0,0,0,0,1,0,0,0,Arms Trafficking,Kaala Bichhoo Gang,2022-06-04,Maharashtra,0
1,34,0,0,0,1,0,1,0.349,2,2,0,0,0,0,0,1,0,0,0,0,1,0,0,0,0,1,0,0,0,0,0,Fraud,None,2018-04-18,Gujarat,0
1,29,0,1,0,0,0,1,0.688,14,1,0,0,1,0,0,0,0,1,0,0,0,0,0,1,0,0,0,0,0,0,0,Robbery,None,2018-01-06,Uttar Pradesh,1
0,36,0,0,0,0,0,2,0.552,20,1,0,0,1,0,0,0,0,1,0,0,0,0,0,0,0,0,0,0,0,1,0,Arson,None,2025-09-08,Karnataka,0
0,21,0,0,0,1,1,1,0.165,20,1,0,0,0,0,0,1,0,0,0,0,1,0,0,0,0,0,1,0,0,0,0,Cybercrime,None,2022-03-05,West Bengal,0
0,42,0,0,1,0,0,0,0.331,18,5,0,0,1,0,0,0,0,0,0,0,0,1,0,0,0,0,0,1,0,0,0,Drug Trafficking,None,2025-09-01,Bihar,1
0,23,0,0,0,0,0,0,0.47,0,1,0,1,0,0,0,0,0,1,0,0,0,0,1,0,0,0,0,0,0,0,0,Car Theft,None,2025-03-20,Uttar Pradesh,0
2,44,1,0,0,1,1,0,0.754,14,9,0,0,0,0,0,1,0,0,0,0,1,0,1,0,0,0,0,0,0,0,0,Fraud,Neela Saanp Syndicate,2024-04-30,Karnataka,0
1,24,0,0,0,1,1,0,0.467,14,2,0,1,0,0,0,0,0,0,0,0,1,0,0,0,0,1,0,0,0,0,0,Cybercrime,None,2018-05-28,Uttar Pradesh,0
2,39,1,1,0,1,1,3,0.668,1,4,0,1,0,0,0,0,0,0,0,1,0,0,0,0,0,0,0,0,0,0,1,Extortion,Teen Talwar Gang,2021-10-09,Gujarat,1
1,33,1,0,0,1,0,1,0.225,12,6,0,1,0,0,0,0,0,0,0,1,0,0,0,0,0,1,0,0,0,0,0,Fraud,Neela Saanp Syndicate,2024-04-29,Karnataka,0
0,24,0,1,0,1,0,2,0.254,16,3,1,0,0,0,0,0,0,0,1,0,0,0,1,0,0,0,0,0,0,0,0,Car Theft,None,2018-02-15,Tamil Nadu,0
1,45,0,0,0,1,1,0,0.311,9,0,0,1,0,0,0,0,0,0,0,1,0,0,0,0,0,0,1,0,0,0,0,Fraud,None,2023-06-11,Rajasthan,0
1,26,0,1,0,0,0,0,0.229,23,1,0,1,0,0,0,0,0,0,0,1,0,0,1,0,0,0,0,0,0,0,0,Burglary,None,2025-08-17,Maharashtra,0
1,16,0,0,1,0,0,0,0.196,23,1,1,0,0,0,0,0,0,1,0,0,0,0,0,0,0,0,0,0,0,1,0,Vandalism,None,2021-12-30,Tamil Nadu,0
2,37,1,0,0,1,1,3,0.799,12,11,0,0,1,0,0,0,1,0,0,0,0,0,0,0,0,0,0,0,1,0,0,Human Trafficking,Patang Syndicate,2020-07-23,Punjab,0
1,38,0,0,0,1,1,0,0.206,12,3,0,0,0,0,1,0,0,0,0,0,0,1,0,0,0,1,0,0,0,0,0,Fraud,None,2021-06-17,Uttar Pradesh,1
1,30,0,0,1,1,0,2,0.173,19,2,0,0,0,0,0,1,0,0,0,1,0,0,0,0,0,0,0,0,0,0,1,Extortion,None,2021-12-09,Gujarat,0
1,34,0,1,1,0,0,3,0.517,19,5,0,0,1,0,0,0,1,0,0,0,0,0,0,0,1,0,0,0,0,0,0,Murder,None,2024-10-04,Gujarat,0
4,28,1,0,0,1,1,1,0.607,2,14,0,0,0,0,0,1,0,0,0,0,1,0,0,0,0,0,1,0,0,0,0,Cybercrime,Neela Saanp Syndicate,2019-03-11,Karnataka,0
1,18,0,0,0,1,1,0,0.338,20,2,0,0,0,0,0,1,0,0,0,1,0,0,0,0,0,0,1,0,0,0,0,Cybercrime,None,2018-06-26,Punjab,1
0,16,0,0,0,0,0,1,0.615,17,3,0,0,1,0,0,0,0,1,0,0,0,0,0,0,0,0,0,0,0,1,0,Vandalism,None,2020-01-28,Bihar,0
2,35,0,1,1,0,0,5,0.619,19,1,0,1,0,0,0,0,1,0,0,0,0,0,1,0,0,0,0,0,0,0,0,Assault,None,2025-12-17,Madhya Pradesh,1
3,48,1,0,0,1,1,1,0.752,14,8,0,1,0,0,0,0,0,0,0,1,0,0,0,0,0,1,0,0,0,0,0,Money Laundering,Neela Saanp Syndicate,2019-10-01,West Bengal,0
3,25,1,0,0,1,0,2,0.6,13,13,0,0,0,0,0,1,0,0,0,1,0,0,0,0,0,1,0,0,0,0,0,Fraud,Neela Saanp Syndicate,2022-08-09,Karnataka,0
1,48,1,0,0,1,1,0,0.556,13,19,1,0,0,0,0,0,1,0,0,0,0,0,0,0,0,0,0,0,1,0,0,Human Trafficking,Patang Syndicate,2022-06-02,Punjab,0
1,39,0,1,0,1,0,2,0.333,22,4,0,1,0,0,0,0,0,0,0,0,0,1,0,0,0,0,0,1,0,0,0,Arms Trafficking,None,2022-03-31,Bihar,0
3,46,0,0,0,1,0,0,0.065,3,5,0,0,0,0,1,0,0,0,0,1,0,0,0,0,0,1,0,0,0,0,0,Money Laundering,None,2018-03-26,Maharashtra,0
0,30,0,0,0,1,0,1,0.282,21,1,1,0,0,0,0,0,0,1,0,0,0,0,1,0,0,0,0,0,0,0,0,Burglary,None,2019-02-07,Punjab,0
3,40,0,0,0,0,0,3,0.576,11,3,0,0,0,1,0,0,1,0,0,0,0,0,0,0,0,0,0,0,1,0,0,Kidnapping,None,2020-02-13,Maharashtra,0
2,22,0,0,1,1,0,0,0.205,12,5,0,0,0,1,0,0,0,0,0,0,0,1,0,0,0,0,0,0,0,0,1,Drug Trafficking,None,2018-09-22,Tamil Nadu,1
2,23,0,0,0,1,0,0,0.106,10,1,0,0,0,0,0,1,0,1,0,0,0,0,0,1,0,0,0,0,0,0,0,Fraud,None,2023-06-08,Rajasthan,0
1,17,0,0,0,0,0,2,0.331,0,1,1,0,0,0,0,0,0,1,0,0,0,0,0,0,0,0,0,0,0,1,0,Arson,None,2018-09-24,Maharashtra,1
1,48,0,0,0,1,0,2,0.301,18,5,1,0,0,0,0,0,0,1,0,0,0,0,0,0,0,0,0,0,0,1,0,Arson,None,2024-02-07,Telangana,0
3,26,0,1,0,1,0,3,0.401,3,1,0,0,0,1,0,0,1,0,0,0,0,0,0,0,0,0,0,0,1,0,0,Kidnapping,None,2019-11-17,West Bengal,1
1,26,0,0,0,0,0,0,0.269,1,1,1,0,0,0,0,0,0,1,0,0,0,0,0,0,0,0,0,0,0,1,0,Vandalism,None,2021-07-16,Uttar Pradesh,0
2,47,0,0,1,0,0,5,0.129,15,1,1,0,0,0,0,0,1,0,0,0,0,0,0,0,0,0,0,0,1,0,0,Kidnapping,None,2022-07-01,Gujarat,1
0,41,1,0,1,1,1,0,0.556,23,13,0,0,0,0,0,1,1,0,0,0,0,0,0,0,0,0,0,0,1,0,0,Human Trafficking,Patang Syndicate,2022-09-21,Punjab,1
2,18,0,0,0,1,0,1,0.238,23,0,1,0,0,0,0,0,0,0,1,0,0,0,1,0,0,0,0,0,0,0,0,Car Theft,None,2022-01-24,Kerala,0
0,40,0,0,0,0,0,4,0.394,20,0,1,0,0,0,0,0,1,0,0,0,0,0,0,0,1,0,0,0,0,0,0,Assault,None,2025-12-17,Rajasthan,0
0,20,0,0,0,0,0,0,0.364,0,1,0,0,1,0,0,0,0,1,0,0,0,0,0,0,0,0,1,0,0,0,0,Vandalism,None,2019-04-30,West Bengal,1
4,47,0,0,0,1,0,1,0.328,17,1,1,0,0,0,0,0,0,0,0,1,0,0,0,0,0,1,0,0,0,0,0,Fraud,None,2018-06-27,Tamil Nadu,0
1,24,1,1,0,1,0,3,0.513,4,5,1,0,0,0,0,0,0,0,0,1,0,0,0,1,0,0,0,0,0,0,0,Robbery,Lal Toofan Crew,2023-08-13,Delhi,1
0,24,0,0,0,1,1,0,0.249,23,2,0,0,1,0,0,0,0,0,1,0,0,0,1,0,0,0,0,0,0,0,0,Car Theft,None,2020-10-10,Maharashtra,0
0,28,0,1,0,0,0,0,0.397,21,3,1,0,0,0,0,0,0,1,0,0,0,0,0,0,0,0,0,0,0,1,0,Arson,None,2018-07-25,Uttar Pradesh,0
0,41,0,1,1,1,0,2,0.606,16,4,0,0,1,0,0,0,0,0,0,0,0,1,0,0,0,0,0,1,0,0,0,Arms Trafficking,None,2025-07-12,Uttar Pradesh,0
2,20,0,0,0,1,1,0,0.248,3,1,0,0,0,0,0,1,0,0,0,1,0,0,0,0,0,0,1,0,0,0,0,Cybercrime,None,2022-04-03,Madhya Pradesh,0
1,16,1,0,0,1,1,2,0.574,19,9,0,0,0,0,0,1,0,1,0,0,0,0,0,0,0,0,1,0,0,0,0,Cybercrime,Neela Saanp Syndicate,2019-01-13,Karnataka,1
2,45,0,0,0,1,0,3,0.165,0,5,0,0,1,0,0,0,1,0,0,0,0,0,0,0,0,0,0,0,1,0,0,Human Trafficking,None,2023-12-04,Uttar Pradesh,1
2,30,0,0,0,0,0,3,0.562,22,0,0,1,0,0,0,0,1,0,0,0,0,0,0,1,0,0,0,0,0,0,0,Assault,None,2025-04-06,West Bengal,0
1,30,0,1,0,0,0,0,0.385,12,4,0,0,1,0,0,0,0,1,0,0,0,0,0,0,0,0,0,1,0,0,0,Arms Trafficking,None,2020-08-27,Rajasthan,1
2,39,0,1,0,0,0,2,0.777,12,6,0,0,1,0,0,0,1,0,0,0,0,0,0,0,0,0,0,0,1,0,0,Kidnapping,None,2023-01-29,Tamil Nadu,0
0,25,0,0,1,0,0,0,0.12,22,0,0,0,1,0,0,0,0,1,0,0,0,0,1,0,0,0,0,0,0,0,0,Vandalism,None,2023-03-26,Delhi,0
1,28,1,0,1,1,0,0,0.433,20,10,0,0,0,0,0,1,0,0,0,0,0,1,0,0,0,0,1,0,0,0,0,Drug Trafficking,Kaala Bichhoo Gang,2025-07-15,Kerala,0
1,24,0,1,1,1,0,1,0.241,20,3,0,0,1,0,0,0,0,0,0,0,0,1,0,0,0,0,0,1,0,0,0,Drug Trafficking,None,2020-10-07,Bihar,1
2,32,0,1,1,1,0,1,0.434,11,0,0,0,1,0,0,0,0,0,0,0,0,1,0,0,0,0,0,1,0,0,0,Arms Trafficking,None,2020-02-21,Uttar Pradesh,0
3,35,0,0,0,1,1,1,0.292,23,5,0,0,1,0,0,0,0,0,1,0,0,0,1,0,0,0,0,0,0,0,0,Car Theft,None,2019-08-06,Uttar Pradesh,1
2,36,0,1,0,0,0,2,0.448,23,1,0,0,1,0,0,0,1,0,0,0,0,0,0,0,1,0,0,0,0,0,0,Assault,None,2020-02-03,Karnataka,1
1,16,0,0,0,0,0,0,0.328,1,2,0,0,1,0,0,0,0,0,1,0,0,0,1,0,0,0,0,0,0,0,0,Car Theft,None,2018-12-15,Uttar Pradesh,0
0,16,0,1,0,1,0,4,0.666,19,3,0,0,0,0,1,0,0,0,0,1,0,0,0,1,0,0,0,0,0,0,0,Robbery,None,2020-01-31,Punjab,1
1,44,0,0,0,1,0,0,0.356,20,4,0,1,0,0,0,0,0,0,0,1,0,0,0,0,0,1,0,0,0,0,0,Money Laundering,None,2023-05-18,Madhya Pradesh,0
1,22,0,0,0,1,0,0,0.524,22,0,0,0,0,0,1,0,0,1,0,0,0,0,1,0,0,0,0,0,0,0,0,Burglary,None,2020-08-14,Uttar Pradesh,0
1,29,0,1,0,1,0,5,0.218,12,4,0,0,1,0,0,0,1,0,0,0,0,0,0,0,0,0,0,0,1,0,0,Kidnapping,None,2021-11-17,Telangana,1
4,35,0,0,1,0,0,3,0.628,8,3,0,0,0,1,0,0,0,0,0,0,0,1,0,0,0,0,0,1,0,0,0,Drug Trafficking,None,2019-03-27,Uttar Pradesh,1
1,35,0,0,0,1,0,1,0.322,14,4,0,0,0,0,0,1,0,0,0,1,0,0,0,0,0,1,0,0,0,0,0,Fraud,None,2021-06-03,Tamil Nadu,0
3,43,0,0,0,1,0,0,0.177,14,5,0,0,0,0,1,0,0,0,0,1,0,0,0,0,0,0,1,0,0,0,0,Money Laundering,None,2020-02-23,Kerala,0
2,36,0,0,0,1,1,0,0.134,14,3,0,1,0,0,0,0,0,0,0,1,0,0,0,0,0,1,0,0,0,0,0,Fraud,None,2022-06-20,Madhya Pradesh,0
4,30,0,0,1,1,0,1,0.304,13,5,0,0,0,1,0,0,0,0,1,0,0,0,0,0,0,0,0,1,0,0,0,Drug Trafficking,None,2023-12-26,Telangana,1
4,33,1,1,0,1,1,4,0.66,0,17,0,0,1,0,0,0,1,0,0,0,0,0,0,0,0,0,0,0,1,0,0,Kidnapping,Patang Syndicate,2018-01-22,Punjab,1
2,43,0,0,0,1,0,0,0.411,4,2,0,0,0,0,0,1,0,0,0,1,0,0,0,0,0,1,0,0,0,0,0,Fraud,None,2018-11-16,West Bengal,0
2,31,0,1,0,1,0,0,0.101,0,2,1,0,0,0,0,0,0,1,0,0,0,0,1,0,0,0,0,0,0,0,0,Burglary,None,2022-11-24,Madhya Pradesh,0
0,38,0,0,0,1,1,0,0.416,15,5,0,1,0,0,0,0,0,0,0,1,0,0,1,0,0,0,0,0,0,0,0,Cybercrime,None,2023-10-18,Bihar,1
4,40,1,1,0,1,1,1,0.427,1,8,0,1,0,0,0,0,0,0,0,1,0,0,0,0,0,0,0,0,0,0,1,Extortion,Patang Syndicate,2022-09-28,Punjab,1
2,31,0,1,0,0,1,2,0.599,22,2,0,1,0,0,0,0,1,0,0,0,0,0,0,0,0,0,0,0,1,0,0,Kidnapping,None,2018-04-25,Uttar Pradesh,0
3,34,0,0,0,1,1,0,0.153,12,1,0,0,0,0,0,1,0,0,0,1,0,0,0,0,0,1,0,0,0,0,0,Fraud,None,2024-12-09,Madhya Pradesh,0
1,27,0,0,0,1,0,1,0.49,3,2,0,1,0,0,0,0,0,0,0,1,0,0,1,0,0,0,0,0,0,0,0,Burglary,None,2023-01-09,Madhya Pradesh,0
0,19,0,0,0,1,1,0,0.147,12,2,0,0,0,0,0,1,0,0,0,1,0,0,0,0,0,0,1,0,0,0,0,Cybercrime,None,2024-07-13,Gujarat,0
3,27,1,1,0,0,0,6,0.71,21,4,0,0,1,0,0,0,1,0,0,0,0,0,0,0,1,0,0,0,0,0,0,Murder,Lal Toofan Crew,2023-11-06,Rajasthan,1
2,46,1,0,0,1,0,1,0.569,23,10,0,0,0,1,0,0,0,0,0,1,0,0,0,0,0,1,0,0,0,0,0,Human Trafficking,Patang Syndicate,2024-02-27,Punjab,0
3,33,0,0,0,1,0,1,0.239,3,1,0,0,0,0,1,0,0,0,0,1,0,0,0,0,0,1,0,0,0,0,0,Fraud,None,2022-03-20,Maharashtra,0
3,18,1,0,0,1,1,1,0.343,0,10,0,1,0,0,0,0,0,0,1,0,0,0,1,0,0,0,0,0,0,0,0,Car Theft,Neela Saanp Syndicate,2020-02-04,West Bengal,1
1,29,0,0,0,0,0,3,0.57,23,3,1,0,0,0,0,0,1,0,0,0,0,0,0,0,1,0,0,0,0,0,0,Murder,None,2018-08-13,Uttar Pradesh,1
2,26,0,0,0,0,0,4,0.483,12,1,0,1,0,0,0,0,1,0,0,0,0,0,0,0,0,0,1,0,0,0,0,Assault,None,2019-02-23,Maharashtra,0
1,29,0,0,1,0,0,3,0.732,20,4,1,0,0,0,0,0,1,0,0,0,0,0,0,0,0,0,0,0,1,0,0,Kidnapping,None,2020-04-03,Maharashtra,0
3,26,1,0,1,1,0,1,0.656,4,4,0,0,0,0,1,0,0,0,0,1,0,0,0,0,1,0,0,0,0,0,0,Robbery,Lal Toofan Crew,2019-07-19,Delhi,1
1,30,0,1,0,1,0,1,0.638,22,1,0,1,0,0,0,0,0,0,0,1,0,0,0,0,0,0,0,0,0,1,0,Burglary,None,2018-09-25,West Bengal,0
4,32,0,1,0,1,0,3,0.641,10,3,0,0,1,0,0,0,1,0,0,0,0,0,0,0,1,0,0,0,0,0,0,Assault,None,2019-03-22,Telangana,1
0,23,0,0,1,1,0,2,0.315,14,2,1,0,0,0,0,0,0,0,0,1,0,0,0,0,0,0,0,1,0,0,0,Drug Trafficking,None,2022-09-21,Uttar Pradesh,1
2,45,1,1,1,0,0,4,0.651,1,9,0,1,0,0,0,0,0,0,0,0,0,1,0,0,0,0,0,0,0,1,0,Arms Trafficking,Teen Talwar Gang,2019-10-22,Gujarat,1
2,38,0,1,0,0,0,5,0.566,0,2,1,0,0,0,0,0,1,0,0,0,0,0,0,0,1,0,0,0,0,0,0,Assault,None,2025-02-16,Uttar Pradesh,0
4,25,0,0,0,0,0,5,0.942,20,1,1,0,0,0,0,0,1,0,0,0,0,0,0,0,1,0,0,0,0,0,0,Assault,None,2021-09-11,Delhi,1
2,38,0,0,0,1,1,1,0.215,16,3,0,1,0,0,0,0,0,0,0,1,0,0,0,0,0,0,1,0,0,0,0,Fraud,None,2023-02-23,Bihar,0
1,35,0,0,0,1,0,0,0.28,0,2,1,0,0,0,0,0,0,1,0,0,0,0,0,0,0,1,0,0,0,0,0,Burglary,None,2023-09-29,Maharashtra,0
1,16,0,0,0,1,0,1,0.587,20,4,0,0,0,0,1,0,0,1,0,0,0,0,1,0,0,0,0,0,0,0,0,Burglary,None,2025-11-04,Rajasthan,0
3,25,0,0,1,1,0,2,0.413,12,4,0,0,0,1,0,0,0,0,0,0,0,1,0,0,0,0,0,1,0,0,0,Drug Trafficking,None,2019-03-20,Uttar Pradesh,1
1,30,0,0,0,1,1,1,0.616,0,7,0,0,1,0,0,0,0,0,0,1,0,0,0,0,0,0,0,0,0,0,1,Extortion,None,2023-05-23,Rajasthan,0
1,33,0,0,0,1,0,2,0.359,3,4,0,0,1,0,0,0,0,0,1,0,0,0,1,0,0,0,0,0,0,0,0,Car Theft,None,2024-08-21,Madhya Pradesh,0
2,29,0,0,0,0,0,1,0.448,4,2,1,0,0,0,0,0,0,1,0,0,0,0,0,0,0,0,0,0,0,1,0,Arson,None,2022-07-11,Maharashtra,0
1,20,0,0,0,1,1,0,0.355,18,1,0,0,0,0,0,1,0,0,0,0,1,0,0,0,0,0,0,0,0,0,1,Cybercrime,None,2025-05-08,Madhya Pradesh,0
1,33,0,1,0,1,0,1,0.761,19,5,0,0,0,1,0,0,0,0,0,0,0,1,0,0,0,0,0,1,0,0,0,Arms Trafficking,None,2025-07-12,Bihar,0
0,34,0,0,0,1,1,0,0.161,9,3,0,0,0,0,1,0,0,0,0,1,0,0,0,0,0,1,0,0,0,0,0,Fraud,None,2018-03-31,Kerala,0
0,21,0,1,0,0,0,3,0.357,14,2,0,0,0,1,0,0,1,0,0,0,0,0,0,0,1,0,0,0,0,0,0,Assault,None,2019-09-04,Uttar Pradesh,0
1,34,0,0,0,1,1,0,0.401,11,4,0,1,0,0,0,0,0,0,0,0,1,0,0,0,0,1,0,0,0,0,0,Fraud,None,2020-05-30,Uttar Pradesh,0
1,22,0,0,0,1,1,0,0.507,19,2,0,0,1,0,0,0,0,0,0,1,0,0,0,0,0,0,1,0,0,0,0,Cybercrime,None,2025-05-05,Maharashtra,0
1,25,0,0,0,1,1,0,0.237,10,2,0,0,0,0,0,1,0,0,0,1,0,0,0,0,0,0,1,0,0,0,0,Cybercrime,None,2025-08-06,Tamil Nadu,0
2,22,0,0,0,1,0,1,0.64,23,0,0,1,0,0,0,0,0,0,0,1,0,0,0,1,0,0,0,0,0,0,0,Robbery,None,2019-10-25,Karnataka,1
3,20,0,0,1,1,0,2,0.263,8,4,0,0,1,0,0,0,0,0,0,0,0,1,0,0,0,0,0,1,0,0,0,Drug Trafficking,None,2018-08-14,Uttar Pradesh,1
4,34,0,1,0,0,0,4,0.505,20,2,0,0,1,0,0,0,1,0,0,0,0,0,0,0,0,0,0,0,1,0,0,Kidnapping,None,2025-07-17,West Bengal,1
0,24,0,0,0,0,0,2,0.344,4,2,1,0,0,0,0,0,1,0,0,0,0,0,0,0,1,0,0,0,0,0,0,Assault,None,2018-04-17,Tamil Nadu,0
2,16,0,0,0,1,1,1,0.4,13,1,0,1,0,0,0,0,0,0,0,0,1,0,0,0,0,0,1,0,0,0,0,Cybercrime,None,2023-11-26,Karnataka,0
3,27,0,0,0,0,0,2,0.609,8,2,0,0,1,0,0,0,1,0,0,0,0,0,0,0,1,0,0,0,0,0,0,Assault,None,2021-07-19,Rajasthan,0
1,29,0,0,0,1,0,0,0.373,14,5,0,0,1,0,0,0,1,0,0,0,0,0,0,0,0,0,0,0,1,0,0,Kidnapping,None,2022-02-24,Uttar Pradesh,1
0,19,0,0,0,1,0,1,0.289,2,2,1,0,0,0,0,0,0,0,0,1,0,0,1,0,0,0,0,0,0,0,0,Burglary,None,2021-01-09,Bihar,1
1,28,1,0,1,0,0,2,0.741,21,1,0,0,1,0,0,0,0,1,0,0,0,0,0,0,0,0,0,0,0,1,0,Vandalism,Kaali Billi Crew,2022-09-24,Madhya Pradesh,0
4,25,1,0,0,1,0,1,0.727,21,3,1,0,0,0,0,0,0,0,0,1,0,0,1,0,0,0,0,0,0,0,0,Burglary,Kaali Billi Crew,2020-03-01,Madhya Pradesh,1
2,19,1,0,0,1,0,3,0.535,21,5,0,1,0,0,0,0,0,1,0,0,0,0,1,0,0,0,0,0,0,0,0,Burglary,Lal Toofan Crew,2020-08-18,Rajasthan,1
7,42,1,0,1,0,0,6,0.528,4,7,0,1,0,0,0,0,1,0,0,0,0,0,0,0,1,0,0,0,0,0,0,Assault,Kaala Bichhoo Gang,2025-06-21,Kerala,1
3,47,1,0,0,1,0,5,0.726,12,11,1,0,0,0,0,0,0,0,0,1,0,0,0,1,0,0,0,0,0,0,0,Extortion,Patang Syndicate,2022-07-21,Telangana,1
3,28,1,0,1,1,0,4,0.72,22,6,0,0,0,1,0,0,0,0,0,1,0,0,0,0,0,0,0,1,0,0,0,Drug Trafficking,Kaala Bichhoo Gang,2023-07-07,Maharashtra,0
0,34,0,0,0,1,0,0,0.285,16,2,0,0,0,0,0,1,0,0,0,1,0,0,0,0,0,1,0,0,0,0,0,Money Laundering,None,2025-06-20,Rajasthan,0
3,16,1,0,0,1,0,4,0.396,21,5,1,0,0,0,0,0,0,0,1,0,0,0,1,0,0,0,0,0,0,0,0,Car Theft,Kaali Billi Crew,2019-05-22,Haryana,1
1,20,0,1,0,1,0,0,0.55,20,6,0,0,1,0,0,0,0,0,0,1,0,0,0,0,1,0,0,0,0,0,0,Robbery,None,2020-02-26,Karnataka,0
3,52,1,1,0,1,1,2,0.516,17,8,0,1,0,0,0,0,0,0,0,1,0,0,0,0,0,0,0,0,0,0,1,Extortion,Teen Talwar Gang,2019-05-26,Tamil Nadu,1
2,40,1,1,0,1,1,0,0.456,8,19,0,0,1,0,0,0,0,1,0,0,0,0,0,0,0,0,0,0,0,0,1,Human Trafficking,Patang Syndicate,2020-11-13,Punjab,0
2,45,0,0,0,1,0,0,0.176,21,3,0,1,0,0,0,0,0,0,0,1,0,0,0,0,0,1,0,0,0,0,0,Fraud,None,2021-02-10,Maharashtra,0
0,22,0,1,1,1,0,1,0.388,21,4,0,0,1,0,0,0,0,0,0,0,0,1,0,0,0,1,0,0,0,0,0,Drug Trafficking,None,2018-05-05,Madhya Pradesh,1
1,35,0,1,1,1,1,0,0.43,17,3,0,0,0,1,0,0,0,0,0,0,0,1,0,0,0,0,0,0,0,0,1,Drug Trafficking,None,2025-07-21,Tamil Nadu,0
3,34,1,1,0,1,0,4,0.326,22,2,0,0,1,0,0,0,0,0,0,0,0,1,0,0,0,0,0,1,0,0,0,Arms Trafficking,Teen Talwar Gang,2023-12-18,Gujarat,0
1,28,0,1,0,1,0,3,0.713,15,5,0,0,0,1,0,0,0,0,0,1,0,0,0,0,0,0,0,0,0,0,1,Extortion,None,2020-05-05,Uttar Pradesh,0
1,32,0,1,1,1,1,0,0.466,19,3,0,0,0,1,0,0,0,0,1,0,0,0,0,0,0,0,0,0,0,0,1,Drug Trafficking,None,2018-12-30,Karnataka,0
4,50,1,0,0,1,0,0,0.542,18,13,0,0,0,1,0,0,0,0,0,1,0,0,0,0,0,1,0,0,0,0,0,Human Trafficking,Patang Syndicate,2021-12-24,Telangana,1
2,33,1,1,0,1,1,0,0.64,18,8,0,0,0,0,0,1,0,0,0,0,1,0,0,0,0,0,1,0,0,0,0,Cybercrime,Neela Saanp Syndicate,2025-08-28,Karnataka,0
0,22,1,0,0,1,0,1,0.443,3,3,1,0,0,0,0,0,0,0,1,0,0,0,1,0,0,0,0,0,0,0,0,Car Theft,Kaali Billi Crew,2024-01-14,Haryana,0
1,19,0,1,0,0,0,2,0.469,0,4,1,0,0,0,0,0,0,0,0,0,1,0,0,0,1,0,0,0,0,0,0,Assault,None,2024-02-02,Tamil Nadu,0
6,29,1,1,0,0,0,8,0.766,12,9,0,0,1,0,0,0,1,0,0,0,0,0,0,0,0,1,0,0,0,0,0,Assault,Neela Saanp Syndicate,2025-12-01,Karnataka,0
0,27,1,1,0,0,0,4,0.809,4,10,0,0,0,1,0,0,0,0,0,0,0,1,0,0,0,0,0,1,0,0,0,Arms Trafficking,Kaala Bichhoo Gang,2022-07-19,Maharashtra,1
1,42,0,0,0,1,0,0,0.471,4,2,0,1,0,0,0,0,0,0,0,1,0,0,0,0,0,1,0,0,0,0,0,Fraud,None,2022-06-28,Gujarat,0
1,23,0,0,0,0,0,1,0.427,8,5,0,0,0,1,0,0,1,0,0,0,0,0,0,0,0,0,0,0,1,0,0,Kidnapping,None,2021-10-25,Delhi,1
0,20,0,0,0,0,0,0,0.498,12,1,0,1,0,0,0,0,0,1,0,0,0,0,1,0,0,0,0,0,0,0,0,Burglary,None,2022-02-27,Tamil Nadu,0
2,19,0,0,1,1,0,2,0.282,2,8,0,0,0,1,0,0,0,0,0,0,0,1,0,0,0,0,0,1,0,0,0,Drug Trafficking,None,2025-06-13,Rajasthan,0
0,24,0,0,0,1,0,2,0.572,10,1,0,1,0,0,0,0,1,0,0,0,0,0,0,0,0,0,1,0,0,0,0,Assault,None,2024-05-23,Uttar Pradesh,0
1,35,0,0,0,0,0,3,0.877,4,3,0,0,1,0,0,0,1,0,0,0,0,0,0,1,0,0,0,0,0,0,0,Assault,None,2025-12-11,Bihar,0
1,36,0,1,0,1,0,2,0.641,23,5,1,0,0,0,0,0,1,0,0,0,0,0,0,0,0,0,0,0,1,0,0,Kidnapping,None,2019-10-18,Uttar Pradesh,0
2,33,0,0,0,0,0,6,0.739,19,7,0,0,1,0,0,0,1,0,0,0,0,0,0,0,0,0,0,0,1,0,0,Kidnapping,None,2018-05-31,Maharashtra,0
0,21,0,0,0,1,0,0,0.316,23,1,0,1,0,0,0,0,0,0,1,0,0,0,0,0,0,1,0,0,0,0,0,Car Theft,None,2025-11-14,Gujarat,0
1,28,0,0,0,1,0,0,0.191,16,3,0,1,0,0,0,0,0,0,0,1,0,0,0,0,0,1,0,0,0,0,0,Fraud,None,2021-10-09,West Bengal,1
1,28,0,1,0,1,0,4,0.539,0,2,0,0,1,0,0,0,0,0,0,1,0,0,0,0,0,0,0,1,0,0,0,Arms Trafficking,None,2021-04-22,West Bengal,0
4,31,1,0,1,0,0,2,0.716,18,15,0,0,0,1,0,0,0,0,0,0,0,1,0,0,0,0,0,1,0,0,0,Drug Trafficking,Kaala Bichhoo Gang,2025-04-15,Kerala,1
3,30,1,1,0,1,1,1,0.419,22,6,0,0,0,0,0,1,0,0,0,0,1,0,0,0,0,0,1,0,0,0,0,Cybercrime,Teen Talwar Gang,2019-01-08,Gujarat,1
1,27,0,0,0,0,0,0,0.554,11,2,0,0,1,0,0,0,1,0,0,0,0,0,0,0,1,0,0,0,0,0,0,Assault,None,2023-02-06,Maharashtra,0
2,46,0,0,0,1,1,0,0.568,13,4,0,0,0,0,0,1,0,0,0,1,0,0,0,0,0,0,1,0,0,0,0,Fraud,None,2022-08-31,Kerala,0
2,47,0,0,0,1,0,0,0.467,8,0,0,0,0,0,1,0,0,0,0,1,0,0,0,0,0,1,0,0,0,0,0,Fraud,None,2025-09-03,Tamil Nadu,0
3,40,0,0,0,1,0,2,0.38,4,2,0,0,0,1,0,0,0,1,0,0,0,0,0,0,1,0,0,0,0,0,0,Robbery,None,2021-01-08,Maharashtra,0
2,22,1,0,0,1,0,1,0.825,22,0,1,0,0,0,0,0,0,0,0,1,0,0,1,0,0,0,0,0,0,0,0,Burglary,Kaali Billi Crew,2020-05-22,Madhya Pradesh,0
3,27,0,1,0,1,0,5,0.509,0,5,0,0,0,1,0,0,0,1,0,0,0,0,0,1,0,0,0,0,0,0,0,Robbery,None,2020-03-08,Kerala,1
0,24,0,0,0,0,0,0,0.293,1,1,1,0,0,0,0,0,0,1,0,0,0,0,0,0,0,0,0,0,0,1,0,Arson,None,2019-06-17,Uttar Pradesh,0
1,25,0,0,1,1,0,0,0.202,22,6,0,0,0,0,0,1,1,0,0,0,0,0,0,0,0,0,0,1,0,0,0,Drug Trafficking,None,2019-08-26,West Bengal,1
2,32,1,0,0,1,1,4,0.566,23,13,0,0,1,0,0,0,1,0,0,0,0,0,0,0,0,0,0,0,1,0,0,Human Trafficking,Patang Syndicate,2022-12-07,Telangana,1
0,26,0,1,0,1,0,1,0.618,21,6,0,0,0,0,0,1,0,1,0,0,0,0,0,1,0,0,0,0,0,0,0,Robbery,None,2025-04-12,Gujarat,0
3,30,0,1,0,0,0,6,0.472,0,0,0,0,1,0,0,0,1,0,0,0,0,0,0,0,1,0,0,0,0,0,0,Murder,None,2019-02-10,West Bengal,1
5,34,0,0,1,0,0,2,0.546,12,1,0,1,0,0,0,0,1,0,0,0,0,0,0,0,1,0,0,0,0,0,0,Assault,None,2021-07-25,Telangana,1
2,35,1,0,1,1,0,3,0.668,3,11,0,0,1,0,0,0,0,0,0,0,0,1,0,0,0,1,0,0,0,0,0,Drug Trafficking,Lal Toofan Crew,2021-10-28,Rajasthan,0
0,27,0,1,0,0,0,3,0.437,23,2,0,0,0,1,0,0,1,0,0,0,0,0,0,0,1,0,0,0,0,0,0,Assault,None,2022-04-18,Maharashtra,0
2,18,1,0,0,1,0,0,0.657,4,3,0,1,0,0,0,0,0,0,1,0,0,0,1,0,0,0,0,0,0,0,0,Car Theft,Lal Toofan Crew,2024-02-28,Delhi,0
0,32,0,1,0,1,0,1,0.634,3,5,0,0,1,0,0,0,0,0,0,0,0,1,0,0,0,0,0,1,0,0,0,Arms Trafficking,None,2022-11-08,Gujarat,0
1,23,0,0,0,1,0,0,0.223,10,2,0,1,0,0,0,0,0,0,1,0,0,0,1,0,0,0,0,0,0,0,0,Car Theft,None,2023-06-13,Uttar Pradesh,0
1,35,0,1,0,0,0,2,0.37,13,0,1,0,0,0,0,0,1,0,0,0,0,0,0,0,0,0,0,0,1,0,0,Murder,None,2019-04-06,West Bengal,0
0,39,0,1,0,1,0,1,0.488,10,4,0,0,0,1,0,0,0,0,0,0,0,1,0,0,0,0,0,1,0,0,0,Arms Trafficking,None,2019-02-03,Madhya Pradesh,0
4,31,1,0,0,1,0,4,0.38,21,5,1,0,0,0,0,0,0,0,0,1,0,0,0,0,0,0,0,0,0,0,1,Extortion,Teen Talwar Gang,2020-06-29,Tamil Nadu,1
2,25,0,1,1,1,0,0,0.649,15,3,0,0,0,1,0,0,0,0,0,0,0,1,0,1,0,0,0,0,0,0,0,Arms Trafficking,None,2024-06-30,Uttar Pradesh,0
1,16,1,0,0,1,0,1,0.5,16,2,1,0,0,0,0,0,0,1,0,0,0,0,0,0,1,0,0,0,0,0,0,Burglary,Kaali Billi Crew,2025-05-24,Madhya Pradesh,1
5,51,0,0,0,1,0,0,0.484,14,1,0,0,0,0,0,1,0,0,0,1,0,0,0,0,0,1,0,0,0,0,0,Fraud,None,2019-07-07,Tamil Nadu,0
0,30,0,1,0,1,1,4,0.325,19,5,1,0,0,0,0,0,0,0,0,1,0,0,0,0,0,0,0,0,1,0,0,Kidnapping,None,2018-05-14,Karnataka,0
1,21,1,1,0,1,0,3,0.908,1,5,0,0,1,0,0,0,0,1,0,0,0,0,0,1,0,0,0,0,0,0,0,Robbery,Lal Toofan Crew,2022-07-06,Rajasthan,1
2,34,0,0,0,0,1,1,0.122,8,5,0,0,0,0,0,1,0,0,0,1,0,0,0,0,0,0,1,0,0,0,0,Cybercrime,None,2018-06-19,Gujarat,1
2,24,0,1,0,1,0,1,0.735,11,3,1,0,0,0,0,0,1,0,0,0,0,0,0,0,1,0,0,0,0,0,0,Murder,None,2025-04-21,Rajasthan,0
5,43,1,1,0,1,0,3,0.639,13,5,0,0,0,1,0,0,0,0,0,0,0,1,1,0,0,0,0,0,0,0,0,Arms Trafficking,Teen Talwar Gang,2022-02-11,Gujarat,1
1,35,0,0,0,1,1,0,0.455,10,2,0,1,0,0,0,0,0,0,0,1,0,0,0,0,0,1,0,0,0,0,0,Fraud,None,2022-02-09,Bihar,0
2,40,0,0,0,1,0,0,0.212,19,8,0,1,0,0,0,0,0,0,0,0,0,1,0,0,0,0,1,0,0,0,0,Money Laundering,None,2024-05-13,Uttar Pradesh,0
4,43,1,1,0,0,0,0,0.503,12,4,1,0,0,0,0,0,1,0,0,0,0,0,0,0,1,0,0,0,0,0,0,Assault,Teen Talwar Gang,2022-11-16,Tamil Nadu,1
4,29,1,0,0,1,0,1,0.857,18,3,0,1,0,0,0,0,0,0,0,1,0,0,0,0,0,0,0,0,0,0,1,Extortion,Teen Talwar Gang,2020-03-09,Tamil Nadu,0
1,36,0,1,0,0,0,1,0.568,13,1,1,0,0,0,0,0,1,0,0,0,0,0,0,0,1,0,0,0,0,0,0,Assault,None,2021-07-08,Uttar Pradesh,0
1,35,0,1,1,0,0,2,0.332,23,1,0,0,0,1,0,0,1,0,0,0,0,0,0,1,0,0,0,0,0,0,0,Murder,None,2023-03-18,Karnataka,1
4,57,1,0,0,1,0,3,0.348,1,14,0,1,0,0,0,0,0,0,0,0,1,0,0,0,0,1,0,0,0,0,0,Money Laundering,Kaala Bichhoo Gang,2020-12-06,Maharashtra,1
2,22,0,1,0,0,0,3,0.906,18,3,0,0,1,0,0,0,1,0,0,0,0,0,0,0,1,0,0,0,0,0,0,Assault,None,2025-01-02,Delhi,0
1,25,1,0,0,1,1,0,0.454,13,10,0,0,0,0,0,1,0,0,0,1,0,0,0,0,1,0,0,0,0,0,0,Cybercrime,Neela Saanp Syndicate,2022-07-30,West Bengal,1
0,26,1,1,0,1,0,5,0.794,2,5,0,0,0,1,0,0,0,0,0,1,0,0,0,1,0,0,0,0,0,0,0,Robbery,Lal Toofan Crew,2024-01-24,Delhi,0
5,37,1,0,0,1,0,1,0.253,14,11,0,0,0,0,1,0,0,0,0,1,0,0,0,0,0,1,0,0,0,0,0,Fraud,Neela Saanp Syndicate,2018-05-11,Karnataka,1
2,34,0,1,0,0,0,3,0.516,0,1,0,0,1,0,0,0,0,0,0,0,0,1,0,0,1,0,0,0,0,0,0,Assault,None,2019-03-06,Karnataka,1
3,27,0,0,0,1,0,1,0.205,23,0,1,0,0,0,0,0,0,0,1,0,0,0,1,0,0,0,0,0,0,0,0,Car Theft,None,2024-01-02,Maharashtra,0
2,41,1,0,0,1,1,3,0.595,9,11,0,1,0,0,0,0,0,0,0,1,0,0,0,0,0,1,0,0,0,0,0,Money Laundering,Neela Saanp Syndicate,2018-10-14,West Bengal,1
0,27,0,1,0,0,0,2,0.695,20,0,0,0,1,0,0,0,1,0,0,0,0,0,0,0,0,0,0,0,0,1,0,Murder,None,2022-07-07,Delhi,1
1,37,0,1,1,0,0,3,0.337,4,1,0,1,0,0,0,0,1,0,0,0,0,0,0,0,1,0,0,0,0,0,0,Assault,None,2023-12-26,Uttar Pradesh,1
0,28,0,0,0,1,1,0,0.143,20,4,0,0,0,0,1,0,0,0,0,1,0,0,0,0,0,1,0,0,0,0,0,Fraud,None,2022-08-12,Punjab,0
0,23,0,0,0,1,1,0,0.162,18,1,0,0,0,0,0,1,0,0,0,0,1,0,0,0,0,0,1,0,0,0,0,Cybercrime,None,2020-11-17,West Bengal,0
3,39,1,0,0,1,1,0,0.625,17,9,0,0,0,0,1,0,0,0,0,1,0,0,0,0,0,1,0,0,0,0,0,Money Laundering,Kaala Bichhoo Gang,2025-08-18,Maharashtra,1
2,30,0,0,1,1,0,1,0.589,2,5,0,0,1,0,0,0,0,0,0,0,0,1,0,0,0,0,0,1,0,0,0,Drug Trafficking,None,2019-08-26,Maharashtra,1
3,48,1,0,1,1,1,1,0.461,8,7,0,1,0,0,0,0,0,0,0,1,0,0,0,0,0,1,0,0,0,0,0,Money Laundering,Kaala Bichhoo Gang,2021-10-28,Maharashtra,1
3,26,0,0,0,1,0,0,0.455,4,4,0,0,1,0,0,0,0,0,1,0,0,0,1,0,0,0,0,0,0,0,0,Car Theft,None,2018-12-30,Tamil Nadu,1
1,21,0,0,0,1,1,1,0.24,8,5,0,1,0,0,0,0,0,0,1,0,0,0,1,0,0,0,0,0,0,0,0,Car Theft,None,2019-11-25,Maharashtra,0
0,42,0,1,0,1,0,0,0.742,13,9,0,1,0,0,0,0,0,0,0,0,0,1,0,0,0,0,0,1,0,0,0,Arms Trafficking,None,2020-01-16,Madhya Pradesh,0
0,26,0,1,0,0,1,1,0.254,8,5,0,0,1,0,0,0,0,0,0,1,0,0,0,0,0,0,0,0,1,0,0,Kidnapping,None,2025-07-01,Madhya Pradesh,1
4,49,1,0,0,1,1,1,0.697,20,13,0,0,0,0,1,0,0,0,0,1,0,0,0,0,0,1,0,0,0,0,0,Money Laundering,Neela Saanp Syndicate,2020-03-05,West Bengal,0
1,22,1,0,0,1,1,0,0.178,16,8,0,1,0,0,0,0,0,0,0,1,0,0,1,0,0,0,0,0,0,0,0,Money Laundering,Neela Saanp Syndicate,2020-03-10,Karnataka,0
2,31,0,0,0,0,0,3,0.719,11,1,0,0,1,0,0,0,1,0,0,0,0,0,0,0,1,0,0,0,0,0,0,Assault,None,2021-07-03,Uttar Pradesh,1
2,34,0,1,0,0,0,0,0.358,10,2,0,0,0,0,0,1,0,0,0,1,0,0,0,0,0,0,0,0,0,0,1,Extortion,None,2019-10-02,Rajasthan,0
0,38,1,0,0,1,0,3,0.833,0,21,0,1,0,0,0,0,0,0,1,0,0,0,0,0,0,1,0,0,0,0,0,Human Trafficking,Patang Syndicate,2020-03-28,Punjab,0
4,34,0,1,0,0,0,2,0.625,4,0,0,1,0,0,0,0,1,0,0,0,0,0,0,0,1,0,0,0,0,0,0,Assault,None,2023-03-08,Kerala,0
0,27,0,0,0,1,1,4,0.65,13,6,0,1,0,0,0,0,0,0,0,1,0,0,0,1,0,0,0,0,0,0,0,Extortion,None,2020-06-10,Uttar Pradesh,1
3,39,1,1,0,1,0,5,0.596,16,8,0,0,1,0,0,0,1,0,0,0,0,0,0,0,0,0,0,0,1,0,0,Kidnapping,Patang Syndicate,2020-02-26,Punjab,0
0,24,0,0,0,0,1,0,0.442,9,1,0,0,0,0,0,1,0,0,0,1,0,0,0,0,0,0,1,0,0,0,0,Cybercrime,None,2020-11-27,Maharashtra,0
4,44,1,0,0,1,1,0,0.813,15,9,0,1,0,0,0,0,0,0,0,0,1,0,0,0,0,1,0,0,0,0,0,Fraud,Neela Saanp Syndicate,2019-05-31,West Bengal,1
2,32,0,1,0,1,0,4,0.455,21,1,0,0,1,0,0,0,1,0,0,0,0,0,0,0,1,0,0,0,0,0,0,Murder,None,2019-02-01,Delhi,1
1,50,0,0,1,1,1,1,0.151,18,4,0,0,0,1,0,0,1,0,0,0,0,0,0,0,0,1,0,0,0,0,0,Human Trafficking,None,2020-09-27,Rajasthan,0
2,35,1,0,0,1,1,0,0.467,14,11,0,0,0,0,0,1,0,0,0,0,1,0,0,0,0,1,0,0,0,0,0,Fraud,Neela Saanp Syndicate,2019-01-02,West Bengal,0
2,38,1,1,0,1,0,4,0.752,11,11,0,0,0,1,0,0,0,0,0,0,0,1,0,0,0,0,0,1,0,0,0,Arms Trafficking,Teen Talwar Gang,2019-11-14,Tamil Nadu,1
3,43,1,1,0,0,0,4,0.355,21,7,0,1,0,0,0,0,0,0,0,0,0,1,0,1,0,0,0,0,0,0,0,Arms Trafficking,Teen Talwar Gang,2022-09-10,Tamil Nadu,1
2,22,1,0,1,1,0,1,0.544,23,5,1,0,0,0,0,0,0,0,0,0,0,1,0,0,0,0,0,1,0,0,0,Drug Trafficking,Kaala Bichhoo Gang,2022-10-03,Kerala,1
1,25,1,0,0,1,0,1,0.649,4,4,0,0,0,1,0,0,0,1,0,0,0,0,0,1,0,0,0,0,0,0,0,Robbery,Lal Toofan Crew,2021-12-14,Rajasthan,0
2,33,1,1,0,1,0,1,0.409,15,6,1,0,0,0,0,0,0,0,0,1,0,0,0,0,0,0,0,1,0,0,0,Arms Trafficking,Teen Talwar Gang,2019-05-10,Tamil Nadu,1
3,27,0,0,0,0,0,2,0.547,2,3,1,0,0,0,0,0,0,0,1,0,0,0,1,0,0,0,0,0,0,0,0,Car Theft,None,2020-01-04,Uttar Pradesh,0
3,37,1,0,0,1,1,0,0.495,8,16,0,0,0,0,0,1,1,0,0,0,0,0,0,0,0,1,0,0,0,0,0,Money Laundering,Neela Saanp Syndicate,2020-12-12,West Bengal,0
2,47,0,0,0,1,1,1,0.568,9,5,0,0,0,0,1,0,0,0,0,1,0,0,0,0,0,1,0,0,0,0,0,Money Laundering,None,2021-10-03,West Bengal,0
1,44,1,1,1,1,0,3,0.586,0,9,1,0,0,0,0,0,0,0,0,0,0,1,0,0,0,0,0,1,0,0,0,Arms Trafficking,Kaala Bichhoo Gang,2025-07-26,Maharashtra,1
0,26,0,0,0,0,0,3,0.38,3,0,0,0,1,0,0,0,0,1,0,0,0,0,0,0,0,0,0,0,0,1,0,Arson,None,2022-03-31,Madhya Pradesh,0
2,29,0,0,0,1,0,0,0.62,2,3,0,0,1,0,0,0,0,0,1,0,0,0,1,0,0,0,0,0,0,0,0,Car Theft,None,2019-10-18,Tamil Nadu,1
1,27,0,0,0,0,0,0,0.386,20,2,0,0,1,0,0,0,0,1,0,0,0,0,0,0,0,0,0,0,0,1,0,Vandalism,None,2018-05-02,Uttar Pradesh,0
4,19,0,1,0,1,0,4,0.717,16,1,0,0,1,0,0,0,0,0,0,1,0,0,0,0,1,0,0,0,0,0,0,Robbery,None,2020-12-03,West Bengal,1
2,51,1,0,0,1,1,1,0.454,18,8,0,1,0,0,0,0,0,0,0,1,0,0,0,0,0,1,0,0,0,0,0,Money Laundering,Kaala Bichhoo Gang,2019-01-22,Kerala,0
4,31,0,1,0,1,0,3,0.663,20,4,0,0,0,1,0,0,1,0,0,0,0,0,0,0,0,0,0,0,1,0,0,Kidnapping,None,2019-01-01,Madhya Pradesh,0
0,24,0,0,0,1,1,0,0.228,0,2,0,0,1,0,0,0,0,0,0,0,1,0,0,0,0,0,1,0,0,0,0,Cybercrime,None,2023-11-28,Maharashtra,0
0,24,0,0,0,1,0,0,0.452,15,0,1,0,0,0,0,0,0,0,0,1,0,0,1,0,0,0,0,0,0,0,0,Burglary,None,2021-12-24,Uttar Pradesh,0
2,34,0,0,1,0,0,1,0.628,16,1,0,1,0,0,0,0,0,1,0,0,0,0,0,0,1,0,0,0,0,0,0,Assault,None,2024-06-27,Telangana,0
1,25,0,0,0,1,0,3,0.614,18,2,0,0,0,1,0,0,0,1,0,0,0,0,1,0,0,0,0,0,0,0,0,Car Theft,None,2021-03-11,Bihar,0
1,39,0,0,0,1,1,0,0.794,18,1,0,0,0,0,1,0,0,0,0,0,1,0,0,0,0,1,0,0,0,0,0,Fraud,None,2021-12-21,Uttar Pradesh,0
1,25,0,1,0,1,1,2,0.116,9,6,1,0,0,0,0,0,1,0,0,0,0,0,0,0,0,0,0,0,1,0,0,Kidnapping,None,2022-09-09,Punjab,0
3,32,1,0,0,1,1,1,0.648,13,5,0,1,0,0,0,0,0,0,0,1,0,0,0,0,0,1,0,0,0,0,0,Fraud,Neela Saanp Syndicate,2020-07-12,West Bengal,0
1,22,1,0,0,1,0,0,0.586,0,4,1,0,0,0,0,0,0,1,0,0,0,0,1,0,0,0,0,0,0,0,0,Burglary,Lal Toofan Crew,2025-05-30,Rajasthan,1
0,26,0,0,0,1,0,1,0.606,18,2,0,0,1,0,0,0,0,0,1,0,0,0,0,0,0,0,1,0,0,0,0,Car Theft,None,2020-04-12,Bihar,0
1,21,0,1,0,0,0,0,0.293,14,2,1,0,0,0,0,0,1,0,0,0,0,0,0,0,1,0,0,0,0,0,0,Assault,None,2018-02-22,Karnataka,0
0,16,1,0,0,1,0,1,0.676,22,2,0,1,0,0,0,0,0,1,0,0,0,0,0,1,0,0,0,0,0,0,0,Burglary,Lal Toofan Crew,2018-01-07,Rajasthan,0
1,33,0,0,0,1,0,0,0.422,14,0,0,0,0,0,0,1,0,0,0,1,0,0,0,0,0,1,0,0,0,0,0,Fraud,None,2019-05-29,Gujarat,0
0,35,0,0,0,1,0,1,0.616,15,0,0,0,0,0,1,0,0,0,0,1,0,0,0,0,0,1,0,0,0,0,0,Fraud,None,2019-02-02,Haryana,0
0,29,0,1,0,1,0,1,0.502,0,2,0,0,0,1,0,0,1,0,0,0,0,0,0,0,0,0,0,0,1,0,0,Kidnapping,None,2018-12-30,Karnataka,1
2,39,1,1,0,1,0,4,0.6,9,10,0,0,1,0,0,0,0,0,0,0,0,1,0,1,0,0,0,0,0,0,0,Arms Trafficking,Teen Talwar Gang,2019-01-24,Gujarat,0
0,17,0,0,0,0,0,0,0.072,4,2,0,0,0,0,1,0,0,1,0,0,0,0,0,0,0,0,0,0,0,1,0,Vandalism,None,2024-03-28,Madhya Pradesh,0
1,24,0,0,0,1,0,1,0.21,22,3,0,1,0,0,0,0,0,1,0,0,0,0,1,0,0,0,0,0,0,0,0,Burglary,None,2019-01-29,Gujarat,1
2,35,1,1,0,0,0,3,0.658,19,13,0,0,1,0,0,0,0,0,0,0,0,1,0,0,0,0,0,1,0,0,0,Arms Trafficking,Kaala Bichhoo Gang,2022-03-13,Kerala,1
2,23,1,0,0,1,1,0,0.476,19,10,0,0,0,0,0,1,0,0,0,1,0,0,0,0,0,1,0,0,0,0,0,Cybercrime,Neela Saanp Syndicate,2023-02-24,Karnataka,0
1,26,0,0,0,1,0,0,0.393,8,2,1,0,0,0,0,0,0,0,0,1,0,0,0,0,0,1,0,0,0,0,0,Fraud,None,2020-11-06,Madhya Pradesh,0
2,19,0,1,0,1,0,3,0.414,14,1,0,0,0,0,0,1,1,0,0,0,0,0,0,0,1,0,0,0,0,0,0,Assault,None,2025-03-03,Uttar Pradesh,0
2,16,0,0,0,1,1,0,0.367,8,3,1,0,0,0,0,0,0,0,1,0,0,0,0,0,0,1,0,0,0,0,0,Car Theft,None,2023-09-20,Uttar Pradesh,1
0,23,0,1,0,0,0,2,0.513,10,0,1,0,0,0,0,0,1,0,0,0,0,0,0,0,0,0,0,1,0,0,0,Assault,None,2023-12-11,Uttar Pradesh,1
4,32,0,0,0,1,1,2,0.438,18,8,1,0,0,0,0,0,1,0,0,0,0,0,1,0,0,0,0,0,0,0,0,Human Trafficking,None,2023-12-29,Uttar Pradesh,1
2,32,1,0,0,1,0,2,0.423,22,3,1,0,0,0,0,0,0,1,0,0,0,0,0,0,0,0,0,0,0,1,0,Arson,Kaali Billi Crew,2021-02-12,Madhya Pradesh,1
5,34,0,1,1,1,0,5,0.4,12,1,1,0,0,0,0,0,1,0,0,0,0,0,0,0,1,0,0,0,0,0,0,Murder,None,2024-07-30,Bihar,1
2,43,0,0,0,1,0,0,0.185,19,0,0,1,0,0,0,0,0,0,0,0,0,1,0,0,0,1,0,0,0,0,0,Fraud,None,2018-11-09,West Bengal,1
3,30,0,1,1,0,0,4,0.302,11,1,0,1,0,0,0,0,1,0,0,0,0,0,0,0,1,0,0,0,0,0,0,Assault,None,2025-08-22,Maharashtra,1
5,16,1,1,0,1,1,0,0.631,9,0,1,0,0,0,0,0,0,0,1,0,0,0,1,0,0,0,0,0,0,0,0,Car Theft,Kaali Billi Crew,2024-05-10,Madhya Pradesh,1
4,51,1,0,0,1,1,1,0.244,8,4,0,0,0,0,1,0,0,0,0,1,0,0,0,0,0,0,0,0,0,0,1,Money Laundering,Kaala Bichhoo Gang,2025-08-05,Maharashtra,0
1,30,0,1,0,1,1,1,0.412,14,3,1,0,0,0,0,0,0,0,0,1,0,0,0,0,0,0,0,0,1,0,0,Kidnapping,None,2024-11-12,Madhya Pradesh,0
0,18,0,0,0,0,1,0,0.406,14,1,0,0,0,0,0,1,0,0,0,1,0,0,0,0,0,0,1,0,0,0,0,Cybercrime,None,2025-10-10,Bihar,0
1,19,0,1,0,0,0,1,0.421,14,5,0,0,1,0,0,0,1,0,0,0,0,0,0,0,0,0,0,0,1,0,0,Kidnapping,None,2019-09-03,Rajasthan,1
3,36,1,1,0,1,0,2,0.753,15,6,0,0,0,1,0,0,0,0,0,0,0,1,0,1,0,0,0,0,0,0,0,Arms Trafficking,Kaala Bichhoo Gang,2020-05-05,Maharashtra,0
1,29,1,0,0,1,1,3,0.696,16,8,0,0,0,0,0,1,0,0,0,1,0,0,0,0,0,1,0,0,0,0,0,Fraud,Neela Saanp Syndicate,2019-05-08,West Bengal,0
0,16,0,1,0,0,0,1,0.748,22,2,0,0,1,0,0,0,0,1,0,0,0,0,1,0,0,0,0,0,0,0,0,Vandalism,None,2019-05-12,Rajasthan,1
2,43,1,1,0,0,0,7,0.598,12,2,0,0,1,0,0,0,1,0,0,0,0,0,0,0,1,0,0,0,0,0,0,Murder,Teen Talwar Gang,2021-05-09,Gujarat,0
4,36,0,1,0,0,0,0,0.447,0,2,0,0,1,0,0,0,1,0,0,0,0,0,0,0,1,0,0,0,0,0,0,Assault,None,2021-09-23,Delhi,1
0,27,0,1,0,0,0,2,0.588,18,1,0,0,1,0,0,0,1,0,0,0,0,0,0,1,0,0,0,0,0,0,0,Assault,None,2020-03-22,Uttar Pradesh,0
1,32,0,1,0,0,0,2,0.339,20,2,1,0,0,0,0,0,1,0,0,0,0,0,0,0,1,0,0,0,0,0,0,Assault,None,2020-09-06,Madhya Pradesh,1
4,32,1,0,0,1,0,2,0.489,3,2,1,0,0,0,0,0,0,0,0,1,0,0,0,0,0,0,0,0,0,1,0,Arson,Kaali Billi Crew,2025-10-07,Madhya Pradesh,1
3,46,1,0,0,1,1,4,0.474,1,11,0,0,0,1,0,0,1,0,0,0,0,0,0,0,0,0,0,0,1,0,0,Human Trafficking,Patang Syndicate,2019-06-23,Punjab,0
2,31,0,1,0,1,0,2,0.653,3,6,0,1,0,0,0,0,0,0,0,0,0,1,0,0,0,0,0,1,0,0,0,Arms Trafficking,None,2019-11-07,Kerala,1
2,19,1,0,0,1,0,3,0.759,4,2,0,1,0,0,0,0,0,1,0,0,0,0,1,0,0,0,0,0,0,0,0,Burglary,Kaali Billi Crew,2019-01-24,Madhya Pradesh,1
5,22,1,0,0,1,0,3,0.462,0,5,1,0,0,0,0,0,0,0,0,1,0,0,1,0,0,0,0,0,0,0,0,Burglary,Kaali Billi Crew,2025-10-15,Madhya Pradesh,1
2,28,0,1,0,1,0,3,0.877,2,1,0,0,1,0,0,0,0,0,1,0,0,0,1,0,0,0,0,0,0,0,0,Car Theft,None,2019-02-17,Gujarat,1
4,38,0,1,0,1,0,2,0.474,8,7,0,0,1,0,0,0,0,0,0,0,0,1,0,0,0,0,0,1,0,0,0,Arms Trafficking,None,2025-06-01,Bihar,1
2,29,0,0,0,0,0,0,0.825,20,0,1,0,0,0,0,0,0,1,0,0,0,0,0,1,0,0,0,0,0,0,0,Vandalism,None,2025-09-20,Gujarat,0
3,17,1,0,1,1,0,1,0.45,2,2,1,0,0,0,0,0,0,1,0,0,0,0,1,0,0,0,0,0,0,0,0,Burglary,Kaali Billi Crew,2023-09-13,Madhya Pradesh,1
3,20,1,1,0,1,0,4,0.843,8,9,0,0,0,1,0,0,0,1,0,0,0,0,0,0,1,0,0,0,0,0,0,Robbery,Lal Toofan Crew,2025-05-20,Delhi,1
0,16,0,1,1,1,0,1,0.105,3,4,0,0,0,1,0,0,0,0,0,0,0,1,0,0,0,0,0,0,0,1,0,Drug Trafficking,None,2024-10-14,West Bengal,0
1,16,1,1,0,0,0,1,0.664,2,1,1,0,0,0,0,0,0,1,0,0,0,0,0,0,0,0,0,0,0,1,0,Arson,Kaali Billi Crew,2024-04-27,Haryana,1
0,20,1,0,0,0,0,0,0.728,2,4,1,0,0,0,0,0,0,1,0,0,0,0,1,0,0,0,0,0,0,0,0,Burglary,Kaali Billi Crew,2018-10-24,Haryana,1
1,33,0,1,1,0,0,2,0.447,16,4,0,0,1,0,0,0,1,0,0,0,0,0,0,0,0,0,0,0,0,0,1,Kidnapping,None,2020-05-02,Uttar Pradesh,0
0,18,0,0,1,1,0,3,0.094,16,3,0,1,0,0,0,0,0,0,0,0,0,1,0,0,0,0,0,0,0,0,1,Drug Trafficking,None,2022-11-18,Rajasthan,1
1,27,0,1,1,0,0,0,0.325,13,5,0,0,1,0,0,0,0,1,0,0,0,0,0,0,0,0,0,0,0,1,0,Vandalism,None,2025-10-15,Telangana,1
2,16,0,0,0,1,0,1,0.208,4,1,1,0,0,0,0,0,0,0,1,0,0,0,0,0,0,0,0,0,0,1,0,Vandalism,None,2022-08-20,Uttar Pradesh,0
1,17,1,0,0,1,1,1,0.839,15,12,0,0,0,0,0,1,0,0,0,0,1,0,0,0,0,0,1,0,0,0,0,Cybercrime,Neela Saanp Syndicate,2025-06-13,West Bengal,1
0,28,0,0,0,0,0,2,0.758,19,4,0,0,1,0,0,0,0,0,0,0,0,1,0,1,0,0,0,0,0,0,0,Assault,None,2021-02-02,Madhya Pradesh,0
0,38,0,0,0,1,1,0,0.186,22,2,0,1,0,0,0,0,0,0,0,0,0,1,0,0,0,1,0,0,0,0,0,Fraud,None,2020-04-06,Bihar,0
7,35,0,0,0,0,0,6,0.206,9,1,1,0,0,0,0,0,1,0,0,0,0,0,0,0,1,0,0,0,0,0,0,Assault,None,2022-05-04,Madhya Pradesh,1
2,47,1,0,0,1,1,0,0.41,9,14,0,0,0,0,1,0,0,0,0,0,1,0,0,0,0,1,0,0,0,0,0,Money Laundering,Neela Saanp Syndicate,2025-12-02,Karnataka,1
1,21,0,1,0,1,0,0,0.356,2,1,0,0,1,0,0,0,0,0,0,1,0,0,0,1,0,0,0,0,0,0,0,Robbery,None,2023-07-16,Rajasthan,1
3,41,0,0,1,1,0,0,0.652,13,3,0,0,1,0,0,0,0,0,0,0,0,1,0,0,0,0,0,1,0,0,0,Arms Trafficking,None,2022-04-19,West Bengal,0
1,27,0,0,0,1,0,0,0.428,3,6,1,0,0,0,0,0,0,0,1,0,0,0,1,0,0,0,0,0,0,0,0,Car Theft,None,2020-11-19,Uttar Pradesh,0
1,31,0,0,0,1,0,0,0.11,17,4,1,0,0,0,0,0,0,1,0,0,0,0,1,0,0,0,0,0,0,0,0,Burglary,None,2025-09-29,Madhya Pradesh,1
5,25,0,0,0,1,0,4,0.666,23,4,0,0,1,0,0,0,1,0,0,0,0,0,0,0,0,0,0,0,1,0,0,Kidnapping,None,2024-02-06,Uttar Pradesh,1
0,37,0,0,1,1,0,1,0.195,3,4,0,0,1,0,0,0,0,0,0,0,0,1,0,0,0,0,0,1,0,0,0,Drug Trafficking,None,2019-09-17,West Bengal,1
0,29,0,0,1,0,0,2,0.542,12,1,1,0,0,0,0,0,1,0,0,0,0,0,0,1,0,0,0,0,0,0,0,Assault,None,2021-04-16,Gujarat,0
1,45,0,0,0,1,0,0,0.471,11,2,0,0,0,0,1,0,0,0,0,1,0,0,0,0,0,0,1,0,0,0,0,Fraud,None,2025-04-01,Uttar Pradesh,0
0,22,0,1,0,0,0,0,0.409,17,1,1,0,0,0,0,0,1,0,0,0,0,0,0,0,1,0,0,0,0,0,0,Assault,None,2025-02-14,Madhya Pradesh,0
1,47,1,0,0,0,1,5,0.537,23,15,0,0,1,0,0,0,1,0,0,0,0,0,0,0,0,0,0,0,1,0,0,Human Trafficking,Patang Syndicate,2022-01-08,Telangana,0
5,30,0,1,0,0,0,2,0.443,9,5,0,0,0,1,0,0,1,0,0,0,0,0,0,0,0,0,0,0,1,0,0,Kidnapping,None,2022-10-31,Uttar Pradesh,1
0,18,0,0,0,1,0,0,0.218,4,2,1,0,0,0,0,0,0,1,0,0,0,0,1,0,0,0,0,0,0,0,0,Burglary,None,2022-10-16,Madhya Pradesh,1
0,20,0,0,1,1,0,1,0.333,22,2,0,0,0,1,0,0,1,0,0,0,0,0,0,0,0,0,0,1,0,0,0,Drug Trafficking,None,2024-10-16,Uttar Pradesh,0
0,16,0,0,0,1,0,0,0.322,0,2,1,0,0,0,0,0,0,1,0,0,0,0,0,0,0,0,0,0,1,0,0,Burglary,None,2019-07-18,Delhi,0
0,16,0,0,0,1,0,0,0.551,23,3,1,0,0,0,0,0,0,0,0,0,1,0,1,0,0,0,0,0,0,0,0,Car Theft,None,2023-02-12,Maharashtra,0
0,35,0,0,0,1,1,2,0.12,19,8,0,0,1,0,0,0,1,0,0,0,0,0,0,0,0,0,0,0,0,0,1,Human Trafficking,None,2021-04-06,Madhya Pradesh,0
2,18,1,0,0,1,0,2,0.712,4,11,0,1,0,0,0,0,0,0,1,0,0,0,0,0,0,1,0,0,0,0,0,Car Theft,Patang Syndicate,2023-04-24,Telangana,1
5,33,0,0,1,1,1,3,0.197,1,4,0,1,0,0,0,0,0,0,0,1,0,0,0,0,0,0,0,0,0,0,1,Extortion,None,2020-12-28,Kerala,1
2,17,1,1,0,1,0,2,0.511,4,6,0,0,1,0,0,0,0,0,0,1,0,0,0,0,0,0,0,0,1,0,0,Robbery,Kaali Billi Crew,2025-11-21,Madhya Pradesh,1
1,30,1,1,0,1,1,0,0.57,0,8,0,0,1,0,0,0,0,0,1,0,0,0,0,0,0,0,0,0,0,1,0,Car Theft,Lal Toofan Crew,2025-03-03,Delhi,0
3,38,1,1,0,1,0,3,0.62,4,9,0,0,0,0,1,0,0,0,0,1,0,0,0,0,0,0,0,0,0,0,1,Extortion,Teen Talwar Gang,2018-10-20,Tamil Nadu,1
1,30,0,0,0,1,0,1,0.338,2,3,0,0,0,0,0,1,0,0,0,1,0,0,0,0,0,1,0,0,0,0,0,Fraud,None,2019-03-19,Uttar Pradesh,0
0,23,0,0,0,1,1,0,0.133,20,0,0,0,0,0,0,1,0,0,0,0,1,0,0,0,0,0,1,0,0,0,0,Cybercrime,None,2022-01-17,Telangana,0
0,36,0,0,0,1,0,0,0.169,19,2,0,0,0,0,1,0,0,0,0,1,0,0,0,0,0,1,0,0,0,0,0,Fraud,None,2023-10-23,Madhya Pradesh,0
1,16,0,0,0,0,0,2,0.507,10,3,0,0,0,0,1,0,0,1,0,0,0,0,0,0,0,0,0,0,0,1,0,Vandalism,None,2023-07-02,Uttar Pradesh,0
2,41,0,1,0,0,0,3,0.776,14,1,0,1,0,0,0,0,1,0,0,0,0,0,0,1,0,0,0,0,0,0,0,Assault,None,2025-05-27,West Bengal,0
1,19,0,0,0,0,0,0,0.464,0,4,0,0,0,1,0,0,0,1,0,0,0,0,1,0,0,0,0,0,0,0,0,Burglary,None,2022-04-19,Tamil Nadu,0
2,38,0,0,0,1,1,0,0.136,10,4,0,0,0,0,1,0,0,0,0,1,0,0,0,0,0,1,0,0,0,0,0,Fraud,None,2022-12-08,Uttar Pradesh,1
0,21,0,0,0,0,0,0,0.62,15,2,1,0,0,0,0,0,0,0,1,0,0,0,1,0,0,0,0,0,0,0,0,Car Theft,None,2021-08-29,Bihar,0
3,36,0,1,0,0,0,3,0.191,20,4,0,0,0,1,0,0,0,1,0,0,0,0,0,0,0,0,0,1,0,0,0,Arms Trafficking,None,2025-03-15,Uttar Pradesh,1
0,31,0,1,0,1,0,4,0.484,20,4,0,1,0,0,0,0,0,1,0,0,0,0,0,0,0,1,0,0,0,0,0,Robbery,None,2020-05-10,Kerala,1
0,27,0,1,0,1,0,1,0.34,21,3,0,1,0,0,0,0,0,0,1,0,0,0,1,0,0,0,0,0,0,0,0,Car Theft,None,2024-10-23,Uttar Pradesh,1
2,24,0,0,0,1,1,1,0.492,21,0,1,0,0,0,0,0,0,0,1,0,0,0,0,0,0,0,1,0,0,0,0,Car Theft,None,2021-04-12,Gujarat,0
8,47,1,0,1,1,1,3,0.653,1,10,0,0,0,0,0,1,1,0,0,0,0,0,0,0,0,1,0,0,0,0,0,Money Laundering,Kaala Bichhoo Gang,2020-12-28,Kerala,1
1,33,0,0,0,1,0,0,0.176,19,2,1,0,0,0,0,0,0,0,1,0,0,0,0,0,0,0,1,0,0,0,0,Car Theft,None,2019-04-02,Uttar Pradesh,0
0,27,0,0,1,1,0,0,0.235,8,2,0,0,0,0,1,0,0,0,0,1,0,0,0,0,0,1,0,0,0,0,0,Fraud,None,2024-02-08,Bihar,0
0,32,0,1,0,1,0,0,0.217,3,2,0,1,0,0,0,0,0,0,0,1,0,0,1,0,0,0,0,0,0,0,0,Car Theft,None,2023-05-28,Madhya Pradesh,1
1,33,0,0,1,0,1,1,0.182,23,7,0,0,0,1,0,0,1,0,0,0,0,0,0,0,0,0,0,0,1,0,0,Human Trafficking,None,2023-07-24,Kerala,1
0,36,0,0,0,0,0,0,0.167,0,1,0,0,1,0,0,0,1,0,0,0,0,0,0,0,0,0,0,1,0,0,0,Assault,None,2022-05-08,Delhi,0
3,46,1,0,0,1,1,1,0.511,2,8,0,1,0,0,0,0,0,0,0,1,0,0,0,0,0,1,0,0,0,0,0,Fraud,Neela Saanp Syndicate,2020-04-20,West Bengal,1
1,31,0,1,1,1,0,2,0.487,4,6,0,0,0,1,0,0,0,0,0,0,0,1,0,0,0,0,0,1,0,0,0,Drug Trafficking,None,2025-01-13,Punjab,1
2,29,0,1,0,0,0,1,0.821,22,2,1,0,0,0,0,0,1,0,0,0,0,0,0,0,1,0,0,0,0,0,0,Assault,None,2023-04-13,Kerala,1
1,16,0,1,0,1,0,0,0.323,0,4,0,1,0,0,0,0,0,1,0,0,0,0,1,0,0,0,0,0,0,0,0,Burglary,None,2022-01-04,West Bengal,1
3,39,1,0,0,1,1,0,0.478,3,5,0,0,0,0,1,0,0,0,0,1,0,0,0,0,0,1,0,0,0,0,0,Money Laundering,Kaala Bichhoo Gang,2021-10-19,Maharashtra,1
4,25,0,1,0,1,0,4,0.456,3,4,0,0,1,0,0,0,1,0,0,0,0,0,0,1,0,0,0,0,0,0,0,Kidnapping,None,2018-02-11,Uttar Pradesh,1
2,35,0,0,0,1,0,1,0.341,4,4,1,0,0,0,0,0,0,1,0,0,0,0,1,0,0,0,0,0,0,0,0,Burglary,None,2022-01-24,Maharashtra,0
1,24,0,0,0,1,0,0,0.296,1,1,0,1,0,0,0,0,0,0,1,0,0,0,0,0,0,0,1,0,0,0,0,Car Theft,None,2020-02-23,Haryana,0
4,42,0,0,0,1,0,0,0.214,17,3,0,1,0,0,0,0,0,0,0,0,1,0,0,0,0,1,0,0,0,0,0,Fraud,None,2023-08-09,Kerala,0
0,16,0,0,1,0,0,2,0.403,13,4,1,0,0,0,0,0,0,1,0,0,0,0,1,0,0,0,0,0,0,0,0,Vandalism,None,2025-04-26,Uttar Pradesh,0
4,26,1,0,0,0,1,1,0.717,18,7,0,0,0,0,0,1,0,0,0,0,1,0,0,0,0,1,0,0,0,0,0,Cybercrime,Neela Saanp Syndicate,2019-08-05,West Bengal,1
1,16,0,0,0,1,1,0,0.248,3,1,0,0,1,0,0,0,0,0,0,1,0,0,0,0,0,0,1,0,0,0,0,Cybercrime,None,2020-05-15,Bihar,1
0,30,0,0,1,1,1,2,0.313,11,2,1,0,0,0,0,0,0,0,0,0,0,1,0,0,0,0,0,1,0,0,0,Drug Trafficking,None,2018-03-25,Bihar,0
2,33,1,0,1,1,1,3,0.522,17,5,0,1,0,0,0,0,0,0,1,0,0,0,0,0,0,0,0,1,0,0,0,Drug Trafficking,Kaala Bichhoo Gang,2019-08-22,Maharashtra,1
2,32,1,0,0,1,1,1,0.553,20,5,0,0,0,0,0,1,0,0,0,1,0,0,0,0,0,1,0,0,0,0,0,Fraud,Neela Saanp Syndicate,2020-06-12,Karnataka,0
0,24,0,1,0,1,0,0,0.228,2,3,0,1,0,0,0,0,0,0,0,0,0,1,0,0,0,0,0,0,0,0,1,Robbery,None,2025-01-30,Delhi,1
5,46,1,0,0,1,0,2,0.454,4,6,0,1,0,0,0,0,0,0,0,1,0,0,0,0,0,0,0,0,0,0,1,Extortion,Teen Talwar Gang,2025-03-07,Tamil Nadu,1
3,31,0,0,0,1,0,0,0.093,10,3,1,0,0,0,0,0,0,0,0,1,0,0,0,0,0,1,0,0,0,0,0,Fraud,None,2024-04-27,Gujarat,0
1,35,0,0,0,1,0,0,0.639,19,3,0,1,0,0,0,0,0,0,0,1,0,0,0,0,0,0,0,0,0,1,0,Fraud,None,2025-03-29,Bihar,0
0,40,0,0,0,1,1,0,0.049,14,1,0,0,0,0,0,1,0,0,0,1,0,0,0,0,0,0,1,0,0,0,0,Fraud,None,2021-08-10,Maharashtra,0
1,35,0,1,0,1,0,3,0.359,21,5,0,0,1,0,0,0,1,0,0,0,0,0,0,0,0,0,0,0,1,0,0,Kidnapping,None,2023-10-21,Madhya Pradesh,1
1,28,0,0,0,1,1,0,0.247,18,0,0,1,0,0,0,0,0,0,0,0,1,0,0,0,0,1,0,0,0,0,0,Fraud,None,2024-08-12,Delhi,1
4,33,0,0,1,0,0,0,0.287,10,3,0,0,0,1,0,0,0,1,0,0,0,0,0,0,0,0,0,0,0,1,0,Vandalism,None,2018-09-19,Telangana,0
2,30,0,1,0,0,0,4,0.427,8,4,0,0,1,0,0,0,1,0,0,0,0,0,0,1,0,0,0,0,0,0,0,Robbery,None,2023-03-31,Uttar Pradesh,1
1,32,0,1,0,1,0,3,0.661,0,6,1,0,0,0,0,0,1,0,0,0,0,0,0,0,0,0,0,0,1,0,0,Kidnapping,None,2025-06-08,Madhya Pradesh,1
6,53,1,0,0,1,1,1,0.605,11,9,0,0,0,0,0,1,1,0,0,0,0,0,0,0,0,1,0,0,0,0,0,Human Trafficking,Patang Syndicate,2024-01-07,Punjab,1
3,24,1,1,0,1,0,3,0.598,19,15,0,1,0,0,0,0,0,0,0,0,0,1,0,1,0,0,0,0,0,0,0,Arms Trafficking,Neela Saanp Syndicate,2025-05-26,Karnataka,1
0,26,0,0,0,0,0,0,0.483,0,2,0,0,0,1,0,0,1,0,0,0,0,0,0,0,1,0,0,0,0,0,0,Assault,None,2020-11-21,Tamil Nadu,0
4,34,0,1,0,1,0,2,0.391,3,0,0,0,1,0,0,0,0,0,0,0,0,1,0,0,0,0,0,1,0,0,0,Arms Trafficking,None,2022-04-18,Uttar Pradesh,1
0,20,0,0,0,1,1,1,0.148,19,0,0,0,0,0,1,0,0,0,0,1,0,0,0,0,0,1,0,0,0,0,0,Fraud,None,2023-07-30,West Bengal,0
2,29,1,0,1,1,1,2,0.71,20,6,0,0,1,0,0,0,0,0,0,0,1,0,0,0,0,0,0,1,0,0,0,Drug Trafficking,Kaala Bichhoo Gang,2024-08-25,Maharashtra,0
3,29,1,0,0,1,0,3,0.744,16,4,1,0,0,0,0,0,0,1,0,0,0,0,0,0,0,1,0,0,0,0,0,Burglary,Lal Toofan Crew,2020-09-27,Rajasthan,1
4,25,0,1,1,1,0,3,0.356,13,2,0,1,0,0,0,0,0,0,0,0,0,1,0,0,0,0,0,1,0,0,0,Drug Trafficking,None,2025-05-29,Bihar,0
2,33,1,0,1,1,0,1,0.349,12,11,0,0,0,1,0,0,0,0,0,0,0,1,0,0,0,0,0,1,0,0,0,Drug Trafficking,Kaala Bichhoo Gang,2022-03-09,Maharashtra,0
1,38,0,1,1,0,0,2,0.539,3,9,0,0,0,1,0,0,0,0,0,0,0,1,1,0,0,0,0,0,0,0,0,Arms Trafficking,None,2024-01-02,Tamil Nadu,1
1,19,1,0,0,0,0,2,0.684,9,3,0,1,0,0,0,0,0,1,0,0,0,0,1,0,0,0,0,0,0,0,0,Arson,Kaali Billi Crew,2021-01-22,Haryana,1
1,23,0,0,0,1,1,0,0.296,2,1,0,0,1,0,0,0,0,0,1,0,0,0,1,0,0,0,0,0,0,0,0,Car Theft,None,2023-01-29,Bihar,0
0,16,1,0,0,1,1,2,0.578,12,3,0,0,0,0,0,1,0,0,0,0,1,0,0,0,0,0,1,0,0,0,0,Cybercrime,Neela Saanp Syndicate,2024-09-09,West Bengal,0
2,16,1,0,0,1,0,2,0.668,23,8,1,0,0,0,0,0,0,1,0,0,0,0,1,0,0,0,0,0,0,0,0,Burglary,Kaali Billi Crew,2025-02-06,Haryana,1
1,20,0,0,1,1,0,1,0.185,18,7,0,0,1,0,0,0,0,0,0,0,0,1,0,0,0,0,0,1,0,0,0,Drug Trafficking,None,2023-05-23,Punjab,0
3,24,0,1,1,0,0,2,0.388,1,1,0,0,1,0,0,0,0,0,1,0,0,0,1,0,0,0,0,0,0,0,0,Car Theft,None,2022-06-28,Delhi,0
3,45,0,1,0,1,0,5,0.705,11,3,0,1,0,0,0,0,1,0,0,0,0,0,0,0,1,0,0,0,0,0,0,Assault,None,2018-09-08,Bihar,1
0,27,1,0,0,1,1,0,0.705,18,5,0,1,0,0,0,0,0,0,0,0,1,0,0,0,0,1,0,0,0,0,0,Cybercrime,Kaala Bichhoo Gang,2021-02-25,Kerala,0
1,26,0,0,0,0,1,3,0.146,2,2,1,0,0,0,0,0,0,1,0,0,0,0,0,0,0,0,0,0,0,1,0,Arson,None,2022-03-14,Tamil Nadu,1
1,38,0,0,0,1,1,0,0.29,21,1,0,0,0,0,1,0,0,0,0,1,0,0,0,0,0,1,0,0,0,0,0,Fraud,None,2019-08-28,Uttar Pradesh,0
4,47,1,1,0,1,0,6,0.584,23,7,0,1,0,0,0,0,1,0,0,0,0,0,0,1,0,0,0,0,0,0,0,Extortion,Teen Talwar Gang,2023-11-07,Tamil Nadu,0
4,54,1,0,0,1,0,1,0.367,16,14,0,1,0,0,0,0,0,0,0,1,0,0,0,0,0,1,0,0,0,0,0,Money Laundering,Kaala Bichhoo Gang,2018-07-11,Maharashtra,1
2,30,1,0,0,0,0,2,0.423,2,2,0,1,0,0,0,0,0,1,0,0,0,0,0,0,0,0,0,0,0,1,0,Arson,Kaali Billi Crew,2018-11-16,Madhya Pradesh,0
2,26,0,0,0,0,0,6,0.626,16,0,0,0,1,0,0,0,1,0,0,0,0,0,0,0,1,0,0,0,0,0,0,Assault,None,2018-02-24,Uttar Pradesh,1
1,31,0,0,1,1,0,1,0.577,18,6,0,0,0,1,0,0,0,0,0,0,0,1,0,0,0,0,0,0,0,0,1,Drug Trafficking,None,2021-12-11,Uttar Pradesh,0
1,16,1,0,0,1,0,0,0.44,4,1,1,0,0,0,0,0,0,0,0,1,0,0,1,0,0,0,0,0,0,0,0,Burglary,Kaali Billi Crew,2021-05-22,Haryana,0
1,51,0,0,0,1,0,0,0.801,17,7,0,0,0,0,1,0,0,0,0,1,0,0,0,0,0,1,0,0,0,0,0,Money Laundering,None,2024-06-02,West Bengal,0
1,29,0,1,0,0,0,1,0.73,0,1,1,0,0,0,0,0,1,0,0,0,0,0,0,0,1,0,0,0,0,0,0,Assault,None,2021-02-21,Madhya Pradesh,0
2,39,0,1,0,0,0,1,0.327,23,1,1,0,0,0,0,0,0,1,0,0,0,0,0,0,0,0,0,0,0,1,0,Arson,None,2025-06-29,Maharashtra,0
1,25,1,0,1,0,0,0,0.743,20,6,0,0,0,1,0,0,0,0,0,0,0,1,0,0,0,1,0,0,0,0,0,Drug Trafficking,Kaala Bichhoo Gang,2020-06-27,Kerala,1
1,38,0,0,0,1,1,0,0.63,15,2,0,0,0,0,1,0,0,0,0,0,1,0,0,0,0,1,0,0,0,0,0,Fraud,None,2021-01-11,Bihar,0
0,33,0,0,0,0,0,1,0.585,3,1,0,0,1,0,0,0,0,1,0,0,0,0,0,0,0,0,0,0,0,1,0,Vandalism,None,2019-10-19,Telangana,0
1,24,0,1,1,1,0,4,0.37,1,8,0,0,0,1,0,0,1,0,0,0,0,0,0,1,0,0,0,0,0,0,0,Kidnapping,None,2020-03-11,Gujarat,1
1,26,0,0,0,0,1,0,0.602,1,2,0,0,1,0,0,0,0,0,1,0,0,0,0,0,0,1,0,0,0,0,0,Car Theft,None,2024-05-24,Bihar,1
1,39,0,0,0,1,0,1,0.584,3,6,0,1,0,0,0,0,0,0,0,1,0,0,0,0,0,0,0,0,0,0,1,Extortion,None,2021-11-05,Maharashtra,0
6,37,0,1,0,0,0,7,0.63,2,4,0,0,0,1,0,0,1,0,0,0,0,0,0,0,1,0,0,0,0,0,0,Murder,None,2020-02-11,Tamil Nadu,0
0,31,0,1,1,0,0,1,0.163,23,2,0,0,0,1,0,0,0,1,0,0,0,0,0,0,0,0,0,0,0,1,0,Arson,None,2024-08-30,Gujarat,0
4,35,0,1,1,0,0,2,0.664,14,1,0,1,0,0,0,0,1,0,0,0,0,0,0,0,0,0,0,0,0,0,1,Assault,None,2022-12-31,Uttar Pradesh,1
3,33,0,0,0,1,1,1,0.596,18,2,0,0,0,0,0,1,0,0,0,1,0,0,0,0,0,1,0,0,0,0,0,Fraud,None,2023-03-25,Uttar Pradesh,1
0,27,0,0,0,1,1,0,0.126,21,3,0,1,0,0,0,0,0,0,1,0,0,0,0,0,0,1,0,0,0,0,0,Car Theft,None,2018-07-05,Madhya Pradesh,0
3,49,1,1,0,1,0,1,0.44,9,11,0,1,0,0,0,0,0,0,0,1,0,0,0,0,0,0,0,0,0,0,1,Extortion,Teen Talwar Gang,2025-03-16,Gujarat,1
2,28,0,0,0,1,0,0,0.284,4,1,1,0,0,0,0,0,0,0,1,0,0,0,1,0,0,0,0,0,0,0,0,Car Theft,None,2023-07-21,Telangana,0
1,24,1,0,0,1,1,4,0.294,12,9,0,0,1,0,0,0,0,0,0,0,1,0,0,0,0,0,1,0,0,0,0,Cybercrime,Neela Saanp Syndicate,2021-04-16,Karnataka,1
1,31,0,1,0,0,0,2,0.593,11,3,0,0,1,0,0,0,1,0,0,0,0,0,0,1,0,0,0,0,0,0,0,Murder,None,2019-08-05,Uttar Pradesh,1
1,21,0,0,0,0,0,2,0.67,18,1,1,0,0,0,0,0,0,1,0,0,0,0,1,0,0,0,0,0,0,0,0,Burglary,None,2018-06-11,Tamil Nadu,0
3,38,1,1,1,0,0,3,0.803,20,8,0,1,0,0,0,0,0,0,0,0,0,1,0,0,0,0,0,1,0,0,0,Arms Trafficking,Teen Talwar Gang,2020-11-02,Gujarat,0
0,22,0,1,0,0,0,0,0.432,4,0,0,1,0,0,0,0,0,1,0,0,0,0,1,0,0,0,0,0,0,0,0,Burglary,None,2023-06-07,Karnataka,1
4,32,1,1,1,1,0,6,0.521,21,6,0,0,1,0,0,0,0,0,0,0,0,1,0,0,0,0,0,1,0,0,0,Arms Trafficking,Kaala Bichhoo Gang,2018-11-23,Maharashtra,1
1,16,0,0,0,1,1,0,0.109,13,1,0,0,0,0,0,1,0,0,0,0,1,0,0,0,0,0,1,0,0,0,0,Cybercrime,None,2023-05-05,Maharashtra,1
1,20,0,1,0,1,0,4,0.775,16,6,0,0,0,1,0,0,0,0,0,0,0,1,0,0,0,0,0,1,0,0,0,Arms Trafficking,None,2021-01-22,Uttar Pradesh,1
4,16,1,0,0,1,0,3,0.587,22,3,0,0,0,0,1,0,0,0,1,0,0,0,1,0,0,0,0,0,0,0,0,Car Theft,Lal Toofan Crew,2024-03-08,Rajasthan,1
0,26,0,0,0,1,0,1,0.348,21,0,1,0,0,0,0,0,0,1,0,0,0,0,1,0,0,0,0,0,0,0,0,Burglary,None,2025-09-04,Madhya Pradesh,0
1,16,0,0,0,1,0,1,0.259,15,4,0,0,1,0,0,0,0,0,1,0,0,0,1,0,0,0,0,0,0,0,0,Car Theft,None,2023-10-15,Maharashtra,1
0,16,0,1,0,1,0,1,0.32,0,2,1,0,0,0,0,0,0,1,0,0,0,0,1,0,0,0,0,0,0,0,0,Burglary,None,2024-01-08,Madhya Pradesh,0
0,31,0,0,1,1,0,2,0.361,9,1,0,0,1,0,0,0,0,0,0,0,0,1,0,0,0,0,0,1,0,0,0,Drug Trafficking,None,2022-04-01,Uttar Pradesh,0
0,35,0,0,0,0,0,0,0.483,3,1,0,1,0,0,0,0,0,1,0,0,0,0,0,0,0,0,0,0,0,1,0,Vandalism,None,2020-11-29,Uttar Pradesh,0
1,30,0,1,0,1,0,2,0.628,10,7,0,1,0,0,0,0,0,0,0,0,0,1,0,0,0,0,0,1,0,0,0,Arms Trafficking,None,2023-12-04,Karnataka,0
1,31,0,0,0,1,0,0,0.147,20,3,1,0,0,0,0,0,0,1,0,0,0,0,0,0,0,0,0,0,1,0,0,Burglary,None,2019-01-06,Madhya Pradesh,0
1,39,0,0,0,1,1,0,0.007,23,1,0,0,0,0,1,0,0,0,0,1,0,0,0,0,0,0,0,0,0,0,1,Fraud,None,2025-04-28,Bihar,0
2,38,0,0,0,1,0,2,0.605,23,3,0,0,0,0,1,0,0,0,0,1,0,0,0,0,1,0,0,0,0,0,0,Robbery,None,2021-01-20,Uttar Pradesh,0
1,35,1,1,0,0,1,1,0.406,9,8,0,0,0,0,1,0,0,0,0,1,0,0,0,0,0,1,0,0,0,0,0,Money Laundering,Neela Saanp Syndicate,2024-01-18,West Bengal,0
3,46,1,1,0,1,0,4,0.767,13,19,0,0,1,0,0,0,1,0,0,0,0,0,0,0,0,0,0,0,1,0,0,Kidnapping,Patang Syndicate,2023-12-20,Punjab,1
1,26,0,1,0,1,0,2,0.568,23,6,0,0,1,0,0,0,1,0,0,0,0,0,0,0,1,0,0,0,0,0,0,Robbery,None,2018-03-29,West Bengal,0
0,37,0,0,0,1,1,0,0.239,8,8,0,1,0,0,0,0,0,0,0,1,0,0,0,0,0,0,1,0,0,0,0,Money Laundering,None,2018-05-09,Madhya Pradesh,0
1,27,0,0,1,0,1,1,0.146,11,5,0,0,0,1,0,0,0,0,0,0,0,1,0,0,0,0,0,1,0,0,0,Drug Trafficking,None,2022-04-03,Tamil Nadu,0
3,36,0,0,0,0,0,4,0.088,21,1,0,0,1,0,0,0,1,0,0,0,0,0,0,0,1,0,0,0,0,0,0,Assault,None,2025-11-22,Bihar,0
2,38,0,0,0,1,0,1,0.563,2,0,0,1,0,0,0,0,0,1,0,0,0,0,0,0,1,0,0,0,0,0,0,Robbery,None,2020-02-19,Maharashtra,1
1,43,0,0,0,1,0,1,0.557,4,2,1,0,0,0,0,0,0,1,0,0,0,0,0,0,0,0,0,0,0,1,0,Arson,None,2022-10-05,Tamil Nadu,1
1,16,0,0,0,1,0,0,0.483,3,2,0,1,0,0,0,0,0,1,0,0,0,0,0,0,1,0,0,0,0,0,0,Burglary,None,2019-09-24,Madhya Pradesh,0
0,27,0,1,0,1,0,1,0.754,16,1,0,0,0,1,0,0,0,0,0,0,0,1,0,0,0,0,0,1,0,0,0,Arms Trafficking,None,2024-02-06,West Bengal,0
0,21,0,0,0,1,1,1,0.568,10,1,0,0,0,0,0,1,0,0,0,0,1,0,0,0,0,0,1,0,0,0,0,Cybercrime,None,2024-09-28,Haryana,1
1,43,0,0,0,0,0,7,0.28,1,3,0,0,1,0,0,0,1,0,0,0,0,0,0,0,0,0,0,0,1,0,0,Murder,None,2019-08-11,West Bengal,1
1,31,0,0,0,1,1,1,0.367,3,0,1,0,0,0,0,0,0,0,0,1,0,0,0,0,0,1,0,0,0,0,0,Fraud,None,2019-04-20,Bihar,0
4,22,1,1,0,1,0,3,0.501,0,6,1,0,0,0,0,0,0,0,0,1,0,0,0,0,1,0,0,0,0,0,0,Robbery,Lal Toofan Crew,2019-10-24,Delhi,1
0,26,0,0,0,1,1,0,0.244,13,3,0,0,0,0,1,0,0,0,0,1,0,0,0,0,0,0,1,0,0,0,0,Cybercrime,None,2018-06-17,Tamil Nadu,0
1,16,0,0,0,0,0,0,0.737,19,2,0,0,1,0,0,0,0,1,0,0,0,0,0,0,0,0,0,0,0,1,0,Vandalism,None,2018-04-09,Rajasthan,0
5,37,0,0,0,1,0,1,0.189,9,3,0,1,0,0,0,0,0,0,0,0,1,0,0,0,0,1,0,0,0,0,0,Fraud,None,2019-11-10,Rajasthan,1
4,24,0,1,0,1,0,1,0.631,19,4,0,1,0,0,0,0,0,0,0,0,0,1,0,0,0,0,0,1,0,0,0,Arms Trafficking,None,2023-04-25,Bihar,0
3,34,0,0,0,0,0,0,0.166,22,1,1,0,0,0,0,0,0,0,1,0,0,0,0,0,0,1,0,0,0,0,0,Car Theft,None,2020-10-21,Rajasthan,0
1,30,0,0,0,0,0,3,0.354,23,3,1,0,0,0,0,0,0,0,1,0,0,0,0,0,0,0,0,0,0,1,0,Arson,None,2021-08-06,Rajasthan,0
1,39,1,0,0,0,0,7,0.878,20,5,0,0,0,1,0,0,0,1,0,0,0,0,0,0,1,0,0,0,0,0,0,Assault,Neela Saanp Syndicate,2023-11-16,Karnataka,0
0,28,0,0,0,0,1,0,0.432,22,2,0,0,0,0,0,1,0,0,0,1,0,0,0,0,0,0,1,0,0,0,0,Cybercrime,None,2025-05-29,Maharashtra,0
2,34,1,1,1,0,0,4,0.719,14,11,1,0,0,0,0,0,1,0,0,0,0,0,0,0,0,0,0,0,1,0,0,Kidnapping,Patang Syndicate,2020-09-15,Telangana,1
4,30,1,1,0,1,0,3,0.598,15,6,1,0,0,0,0,0,0,0,0,1,0,0,0,1,0,0,0,0,0,0,0,Robbery,Lal Toofan Crew,2025-10-06,Rajasthan,1
0,18,0,0,0,1,0,4,0.434,16,4,1,0,0,0,0,0,1,0,0,0,0,0,0,0,0,0,0,0,1,0,0,Kidnapping,None,2025-01-29,Karnataka,1
1,28,0,0,0,0,0,1,0.562,10,3,0,0,1,0,0,0,0,1,0,0,0,0,0,0,1,0,0,0,0,0,0,Assault,None,2022-02-08,Haryana,1
0,16,1,0,0,1,0,1,0.76,8,3,0,0,1,0,0,0,0,0,0,1,0,0,0,1,0,0,0,0,0,0,0,Robbery,Lal Toofan Crew,2021-07-14,Rajasthan,0
3,38,1,1,0,1,0,4,0.342,20,8,0,0,0,0,0,1,0,0,0,0,0,1,0,0,0,0,0,1,0,0,0,Arms Trafficking,Kaala Bichhoo Gang,2021-05-07,Kerala,1
1,27,0,0,0,1,0,1,0.339,0,1,0,1,0,0,0,0,0,0,1,0,0,0,0,0,0,0,1,0,0,0,0,Car Theft,None,2024-08-21,Uttar Pradesh,0
2,29,0,0,1,0,1,0,0.149,13,1,1,0,0,0,0,0,0,0,0,0,0,1,0,0,0,0,0,1,0,0,0,Drug Trafficking,None,2020-05-08,West Bengal,0
1,27,0,1,1,1,0,1,0.629,0,3,0,0,1,0,0,0,1,0,0,0,0,0,0,0,0,0,0,0,0,0,1,Robbery,None,2025-05-26,West Bengal,1
4,41,1,1,0,0,0,4,0.459,4,3,1,0,0,0,0,0,1,0,0,0,0,0,0,0,1,0,0,0,0,0,0,Assault,Lal Toofan Crew,2025-04-07,Delhi,1
2,23,0,0,0,1,1,0,0.498,21,0,0,0,0,0,0,1,0,0,0,0,1,0,0,0,0,0,0,0,1,0,0,Cybercrime,None,2021-07-01,Kerala,0
1,26,0,0,0,0,0,1,0.612,2,1,0,1,0,0,0,0,1,0,0,0,0,0,0,1,0,0,0,0,0,0,0,Assault,None,2022-01-13,Maharashtra,0
6,20,1,0,0,1,0,4,0.533,2,4,0,1,0,0,0,0,0,0,0,1,0,0,1,0,0,0,0,0,0,0,0,Burglary,Kaali Billi Crew,2024-06-16,Madhya Pradesh,1
7,42,1,0,0,1,1,2,0.506,9,5,0,0,0,0,0,1,0,0,0,1,0,0,0,0,0,1,0,0,0,0,0,Fraud,Patang Syndicate,2021-02-10,Punjab,1
4,29,1,0,0,1,1,1,0.364,1,16,0,0,1,0,0,0,0,0,1,0,0,0,0,0,0,1,0,0,0,0,0,Human Trafficking,Patang Syndicate,2025-08-18,Telangana,1
1,17,0,0,0,1,0,1,0.405,10,4,0,0,1,0,0,0,0,0,1,0,0,0,1,0,0,0,0,0,0,0,0,Car Theft,None,2020-12-23,Karnataka,1
1,22,0,0,0,0,0,5,0.421,17,0,0,0,1,0,0,0,1,0,0,0,0,0,0,1,0,0,0,0,0,0,0,Assault,None,2025-07-06,Uttar Pradesh,0
0,34,0,1,0,1,0,1,0.683,23,4,0,1,0,0,0,0,0,0,0,1,0,0,0,0,0,0,0,0,0,0,1,Extortion,None,2024-05-06,Uttar Pradesh,1
3,30,0,1,0,1,0,0,0.644,10,2,1,0,0,0,0,0,0,0,0,1,0,0,0,1,0,0,0,0,0,0,0,Extortion,None,2025-06-22,Uttar Pradesh,0
1,31,0,0,0,0,0,2,0.332,14,1,0,0,1,0,0,0,1,0,0,0,0,0,0,0,0,1,0,0,0,0,0,Assault,None,2025-02-20,Uttar Pradesh,0
1,16,0,0,0,1,0,0,0.634,23,4,0,1,0,0,0,0,0,0,0,1,0,0,0,1,0,0,0,0,0,0,0,Robbery,None,2018-04-24,Delhi,0
4,41,0,1,0,1,0,7,0.413,21,3,0,0,1,0,0,0,1,0,0,0,0,0,0,1,0,0,0,0,0,0,0,Murder,None,2019-11-24,Maharashtra,1
1,30,0,0,1,1,0,1,0.419,22,4,0,0,0,0,0,1,0,0,0,0,0,1,0,0,0,0,0,0,1,0,0,Drug Trafficking,None,2025-10-06,Punjab,1
1,37,0,1,0,0,0,4,0.289,13,2,0,0,1,0,0,0,1,0,0,0,0,0,0,0,1,0,0,0,0,0,0,Murder,None,2018-02-22,Bihar,0
5,39,0,1,0,1,0,3,0.119,4,5,1,0,0,0,0,0,0,0,0,0,0,1,0,0,0,0,0,1,0,0,0,Arms Trafficking,None,2018-07-10,Maharashtra,1
1,20,0,1,0,1,0,2,0.361,3,2,0,1,0,0,0,0,1,0,0,0,0,0,0,1,0,0,0,0,0,0,0,Robbery,None,2025-04-12,Karnataka,1
3,37,1,0,0,1,0,1,0.311,16,8,0,1,0,0,0,0,0,0,0,0,1,0,0,0,0,1,0,0,0,0,0,Fraud,Neela Saanp Syndicate,2021-03-23,West Bengal,0
2,32,1,1,1,1,0,1,0.626,1,2,0,0,0,0,1,0,0,0,0,1,0,0,1,0,0,0,0,0,0,0,0,Robbery,Lal Toofan Crew,2021-05-06,Rajasthan,1
3,25,1,0,0,0,1,0,0.325,18,13,0,0,0,0,1,0,0,0,0,0,1,0,0,0,0,1,0,0,0,0,0,Cybercrime,Neela Saanp Syndicate,2022-11-27,Karnataka,1
2,23,1,1,0,0,0,3,0.703,19,5,1,0,0,0,0,0,1,0,0,0,0,0,0,0,0,0,0,0,1,0,0,Kidnapping,Lal Toofan Crew,2024-05-03,Delhi,0
1,27,0,1,0,0,0,1,0.475,23,2,0,0,1,0,0,0,1,0,0,0,0,0,0,1,0,0,0,0,0,0,0,Murder,None,2021-09-01,Punjab,0
1,24,0,0,0,0,0,0,0.368,19,0,0,1,0,0,0,0,1,0,0,0,0,0,0,0,1,0,0,0,0,0,0,Assault,None,2020-05-19,West Bengal,1
0,30,0,1,0,0,0,5,0.446,4,1,1,0,0,0,0,0,1,0,0,0,0,0,0,0,1,0,0,0,0,0,0,Assault,None,2024-01-26,Bihar,0
0,23,0,0,0,1,0,0,0.088,18,2,0,0,1,0,0,0,0,1,0,0,0,0,0,0,0,0,1,0,0,0,0,Car Theft,None,2019-02-14,Kerala,0
2,31,0,1,0,0,0,0,0.505,0,0,1,0,0,0,0,0,0,1,0,0,0,0,0,0,0,0,0,0,0,1,0,Arson,None,2025-05-07,Telangana,0
1,16,1,0,0,1,1,1,0.785,15,2,1,0,0,0,0,0,0,0,1,0,0,0,0,0,0,0,1,0,0,0,0,Car Theft,Lal Toofan Crew,2025-01-24,Delhi,0
0,25,0,1,0,1,1,1,0.686,4,6,0,1,0,0,0,0,0,0,1,0,0,0,0,0,0,0,0,1,0,0,0,Arms Trafficking,None,2021-05-03,Karnataka,1
0,19,1,0,0,1,0,0,0.251,3,1,0,0,0,1,0,0,0,1,0,0,0,0,0,0,0,0,0,0,0,1,0,Arson,Kaali Billi Crew,2018-04-03,Madhya Pradesh,0
1,39,0,1,0,1,0,0,0.038,11,3,0,1,0,0,0,0,0,0,0,1,0,0,0,0,0,0,1,0,0,0,0,Fraud,None,2019-06-19,Rajasthan,0
0,34,0,1,0,1,0,2,0.638,11,8,0,0,1,0,0,0,0,0,0,0,0,1,0,0,0,0,0,1,0,0,0,Arms Trafficking,None,2018-11-16,Maharashtra,0
2,25,1,0,0,1,0,0,0.596,22,2,0,0,1,0,0,0,0,1,0,0,0,0,1,0,0,0,0,0,0,0,0,Burglary,Lal Toofan Crew,2023-10-16,Rajasthan,0
3,32,1,1,0,0,0,2,0.737,1,3,1,0,0,0,0,0,1,0,0,0,0,0,0,1,0,0,0,0,0,0,0,Murder,Lal Toofan Crew,2021-04-09,Rajasthan,1
3,33,1,0,0,0,0,3,0.61,4,12,0,0,1,0,0,0,1,0,0,0,0,0,0,0,0,0,0,0,1,0,0,Kidnapping,Neela Saanp Syndicate,2024-04-26,Karnataka,1
2,38,0,1,1,1,0,1,0.55,3,4,0,0,1,0,0,0,0,0,0,0,0,1,0,0,0,0,0,1,0,0,0,Arms Trafficking,None,2025-11-04,Uttar Pradesh,1
3,38,0,1,0,0,0,3,0.27,1,3,0,0,1,0,0,0,1,0,0,0,0,0,0,0,1,0,0,0,0,0,0,Murder,None,2020-06-06,Gujarat,1
0,16,1,0,0,0,0,0,0.506,1,2,0,0,0,0,1,0,0,1,0,0,0,0,0,0,0,0,0,0,1,0,0,Burglary,Lal Toofan Crew,2024-10-13,Rajasthan,0
2,36,0,0,1,1,1,1,0.323,19,3,0,1,0,0,0,0,1,0,0,0,0,0,0,0,0,0,0,1,0,0,0,Drug Trafficking,None,2018-03-26,Madhya Pradesh,1
2,40,0,1,0,0,0,6,0.431,21,4,0,1,0,0,0,0,0,0,0,0,0,1,0,0,0,0,0,1,0,0,0,Arms Trafficking,None,2022-01-06,Telangana,1
0,30,0,0,0,0,0,3,0.496,17,5,1,0,0,0,0,0,0,0,0,1,0,0,0,1,0,0,0,0,0,0,0,Kidnapping,None,2019-12-17,Tamil Nadu,1
3,41,1,1,0,1,0,2,0.456,15,4,0,1,0,0,0,0,0,0,0,1,0,0,0,0,0,0,0,0,0,0,1,Extortion,Teen Talwar Gang,2018-04-26,Tamil Nadu,1
1,22,0,0,0,1,1,1,0.222,1,0,0,0,0,0,0,1,0,0,0,0,1,0,0,0,0,1,0,0,0,0,0,Cybercrime,None,2022-09-19,Tamil Nadu,1
2,24,0,0,0,0,0,3,0.157,21,0,0,1,0,0,0,0,0,1,0,0,0,0,0,0,0,0,0,0,0,1,0,Arson,None,2020-04-26,Tamil Nadu,0
2,16,0,0,0,0,0,0,0.053,9,2,0,0,1,0,0,0,0,1,0,0,0,0,0,0,0,0,0,0,0,1,0,Vandalism,None,2022-06-09,Uttar Pradesh,0
1,42,0,1,0,1,1,2,0.467,4,6,1,0,0,0,0,0,1,0,0,0,0,0,0,0,0,0,0,0,1,0,0,Kidnapping,None,2019-09-16,Kerala,1
0,39,0,1,0,1,0,0,0.851,12,3,0,0,0,0,1,0,0,0,0,1,0,0,0,0,0,0,0,0,0,0,1,Robbery,None,2018-12-29,Haryana,0
3,16,1,0,0,1,0,2,0.511,22,3,1,0,0,0,0,0,0,0,0,1,0,0,0,0,0,1,0,0,0,0,0,Burglary,Kaali Billi Crew,2021-12-11,Madhya Pradesh,0
1,43,0,0,0,1,1,0,0.22,4,1,0,1,0,0,0,0,0,0,0,1,0,0,0,0,0,0,1,0,0,0,0,Fraud,None,2022-12-16,Madhya Pradesh,0
1,28,0,0,0,1,0,1,0.444,4,1,1,0,0,0,0,0,0,0,1,0,0,0,1,0,0,0,0,0,0,0,0,Car Theft,None,2021-08-02,Kerala,0
0,30,0,0,1,1,1,0,0.277,3,7,0,0,0,1,0,0,0,0,0,0,0,1,0,0,0,0,0,1,0,0,0,Drug Trafficking,None,2019-03-23,Bihar,1
1,37,1,0,1,1,0,1,0.502,21,11,1,0,0,0,0,0,0,0,0,0,0,1,0,0,0,0,0,1,0,0,0,Drug Trafficking,Kaala Bichhoo Gang,2021-12-29,Maharashtra,1
3,37,1,0,0,1,1,2,0.373,18,11,0,0,0,0,1,0,0,0,0,0,1,0,0,0,0,1,0,0,0,0,0,Money Laundering,Neela Saanp Syndicate,2025-09-03,West Bengal,1
1,29,0,0,0,0,0,1,0.448,1,2,0,0,0,1,0,0,1,0,0,0,0,0,0,0,1,0,0,0,0,0,0,Assault,None,2021-08-09,Maharashtra,1
3,35,1,1,0,0,0,1,0.651,15,2,0,0,1,0,0,0,1,0,0,0,0,0,0,0,1,0,0,0,0,0,0,Assault,Teen Talwar Gang,2022-04-15,Tamil Nadu,0
0,24,0,0,0,0,0,2,0.425,13,1,0,1,0,0,0,0,1,0,0,0,0,0,0,0,1,0,0,0,0,0,0,Assault,None,2025-06-12,Rajasthan,0
2,24,0,1,0,1,0,1,0.191,10,8,1,0,0,0,0,0,1,0,0,0,0,0,0,0,0,0,0,0,1,0,0,Kidnapping,None,2021-02-05,Uttar Pradesh,1
0,23,1,0,0,1,1,6,0.83,1,12,0,0,1,0,0,0,1,0,0,0,0,0,0,0,0,0,0,0,1,0,0,Kidnapping,Patang Syndicate,2023-08-18,Punjab,1
0,16,1,0,1,1,0,2,0.634,21,3,1,0,0,0,0,0,0,1,0,0,0,0,0,0,0,0,0,0,0,1,0,Arson,Kaali Billi Crew,2025-07-26,Madhya Pradesh,0
0,18,0,0,1,0,0,0,0.578,4,3,1,0,0,0,0,0,0,1,0,0,0,0,0,0,0,0,0,0,0,1,0,Vandalism,None,2024-02-22,Maharashtra,0
5,36,0,1,1,0,0,6,0.671,10,2,0,1,0,0,0,0,1,0,0,0,0,0,0,0,1,0,0,0,0,0,0,Assault,None,2018-05-06,Karnataka,1
1,30,0,1,0,1,0,1,0.517,2,5,1,0,0,0,0,0,1,0,0,0,0,0,0,0,0,0,0,0,1,0,0,Kidnapping,None,2023-04-17,Uttar Pradesh,0
3,32,0,0,0,1,1,0,0.485,15,1,0,0,0,0,0,1,0,0,0,0,1,0,0,0,0,1,0,0,0,0,0,Fraud,None,2018-11-16,Rajasthan,1
6,47,1,0,0,1,1,1,0.387,18,10,0,0,0,0,1,0,0,0,0,1,0,0,0,0,0,1,0,0,0,0,0,Money Laundering,Kaala Bichhoo Gang,2018-07-03,Kerala,1
3,34,0,0,0,0,0,4,0.717,22,0,0,0,1,0,0,0,0,1,0,0,0,0,0,0,1,0,0,0,0,0,0,Assault,None,2020-01-06,Bihar,0
0,42,0,0,0,1,0,0,0.261,17,0,0,0,0,0,1,0,0,0,0,0,1,0,0,0,0,1,0,0,0,0,0,Fraud,None,2018-07-10,Telangana,0
1,29,0,0,1,1,0,1,0.11,1,6,0,0,0,1,0,0,0,0,0,0,0,1,0,0,0,0,0,1,0,0,0,Drug Trafficking,None,2022-07-02,Kerala,0
1,35,0,0,0,1,0,1,0.406,15,2,0,0,0,0,1,0,0,0,0,1,0,0,0,0,0,1,0,0,0,0,0,Fraud,None,2021-06-07,Bihar,0
0,20,0,0,1,1,0,1,0.337,1,4,0,0,1,0,0,0,0,0,0,0,0,1,0,0,0,0,1,0,0,0,0,Drug Trafficking,None,2019-03-21,Maharashtra,1
1,27,0,0,0,1,1,0,0.213,19,3,0,1,0,0,0,0,0,0,0,0,1,0,0,0,0,0,1,0,0,0,0,Cybercrime,None,2022-05-29,Maharashtra,0
1,38,1,0,0,1,1,0,0.818,16,12,0,0,0,0,1,0,0,0,0,1,0,0,0,0,0,1,0,0,0,0,0,Money Laundering,Neela Saanp Syndicate,2021-04-08,Karnataka,0
0,35,0,0,1,0,0,3,0.695,4,0,1,0,0,0,0,0,1,0,0,0,0,0,0,0,1,0,0,0,0,0,0,Assault,None,2021-08-10,Gujarat,1
3,27,0,0,0,0,0,3,0.735,0,0,0,1,0,0,0,0,1,0,0,0,0,0,0,0,1,0,0,0,0,0,0,Assault,None,2022-03-25,Maharashtra,1
2,16,0,1,0,1,0,2,0.416,22,5,0,1,0,0,0,0,0,0,0,0,0,1,0,0,0,0,0,1,0,0,0,Arms Trafficking,None,2020-01-01,Karnataka,0
1,31,0,0,0,1,0,0,0.158,16,4,0,1,0,0,0,0,0,0,1,0,0,0,0,0,0,0,1,0,0,0,0,Car Theft,None,2025-01-30,Gujarat,0
0,16,0,0,0,0,0,1,0.909,8,2,0,1,0,0,0,0,0,1,0,0,0,0,0,0,0,0,0,0,0,1,0,Vandalism,None,2019-08-06,Maharashtra,0
1,37,0,0,0,1,0,5,0.4,19,4,0,0,0,0,1,0,0,0,0,1,0,0,1,0,0,0,0,0,0,0,0,Human Trafficking,None,2025-09-02,Madhya Pradesh,0
0,16,1,0,0,1,0,0,0.677,20,2,0,0,1,0,0,0,0,0,1,0,0,0,0,0,0,0,1,0,0,0,0,Car Theft,Lal Toofan Crew,2023-10-13,Rajasthan,0
3,48,0,0,0,1,1,0,0.671,9,2,0,0,0,0,0,1,0,0,0,1,0,0,0,0,0,1,0,0,0,0,0,Fraud,None,2025-10-01,Karnataka,0
0,28,0,0,0,0,0,2,0.42,0,1,0,0,1,0,0,0,1,0,0,0,0,0,0,0,1,0,0,0,0,0,0,Assault,None,2025-11-29,Uttar Pradesh,0
5,23,1,0,0,0,1,2,0.403,0,8,0,0,0,0,0,1,0,0,0,0,1,0,0,0,0,0,1,0,0,0,0,Cybercrime,Neela Saanp Syndicate,2018-03-10,West Bengal,1
0,25,0,1,0,1,0,1,0.338,17,4,0,1,0,0,0,0,0,0,0,1,0,0,0,0,0,0,0,0,0,0,1,Extortion,None,2022-04-02,Karnataka,0
4,16,1,0,0,1,0,1,0.453,16,2,1,0,0,0,0,0,0,1,0,0,0,0,1,0,0,0,0,0,0,0,0,Burglary,Kaali Billi Crew,2024-11-22,Haryana,0
0,16,1,0,0,1,1,0,0.252,19,3,0,0,0,0,0,1,0,0,0,0,1,0,0,0,0,1,0,0,0,0,0,Fraud,Neela Saanp Syndicate,2024-01-09,Karnataka,1
0,26,0,0,0,1,0,0,0.448,12,3,0,0,0,0,1,0,0,0,0,1,0,0,0,1,0,0,0,0,0,0,0,Fraud,None,2018-05-27,Kerala,0
1,36,0,1,0,1,0,0,0.506,21,3,1,0,0,0,0,0,0,1,0,0,0,0,1,0,0,0,0,0,0,0,0,Car Theft,None,2023-03-30,Uttar Pradesh,1
0,37,0,1,0,1,0,1,0.694,15,2,0,0,1,0,0,0,0,0,0,1,0,0,0,0,0,0,0,0,0,0,1,Extortion,None,2023-11-30,Haryana,0
1,17,0,0,0,1,1,0,0.512,18,1,0,0,0,0,0,1,0,0,0,0,1,0,0,0,0,0,1,0,0,0,0,Cybercrime,None,2019-09-02,Maharashtra,1
2,54,0,0,1,1,1,1,0.094,16,1,0,1,0,0,0,0,0,0,0,1,0,0,0,0,0,1,0,0,0,0,0,Money Laundering,None,2023-06-13,Uttar Pradesh,1
4,46,1,0,0,1,1,0,0.469,19,9,0,0,1,0,0,0,1,0,0,0,0,0,0,0,0,1,0,0,0,0,0,Human Trafficking,Patang Syndicate,2018-07-02,Telangana,1
1,16,1,0,0,1,0,0,0.439,2,2,1,0,0,0,0,0,0,0,1,0,0,0,1,0,0,0,0,0,0,0,0,Car Theft,Lal Toofan Crew,2020-10-10,Delhi,1
2,31,0,0,0,1,0,0,0.501,0,3,0,0,1,0,0,0,0,0,1,0,0,0,1,0,0,0,0,0,0,0,0,Car Theft,None,2021-04-15,Telangana,0
0,37,0,0,0,1,1,0,0.846,8,0,0,0,0,0,0,1,0,0,0,1,0,0,0,1,0,0,0,0,0,0,0,Fraud,None,2025-08-21,Kerala,0
3,33,1,0,0,1,0,1,0.447,10,15,0,0,1,0,0,0,1,0,0,0,0,0,0,0,0,0,0,0,0,0,1,Kidnapping,Patang Syndicate,2020-01-19,Punjab,1
3,26,1,0,0,1,0,1,0.431,10,3,1,0,0,0,0,0,0,1,0,0,0,0,1,0,0,0,0,0,0,0,0,Burglary,Teen Talwar Gang,2020-08-04,Gujarat,0
0,16,0,0,0,1,1,0,0.716,18,4,0,0,0,0,0,1,0,0,0,1,0,0,0,0,0,0,1,0,0,0,0,Cybercrime,None,2024-03-31,Telangana,0
1,26,0,0,0,1,0,1,0.593,0,1,1,0,0,0,0,0,0,1,0,0,0,0,1,0,0,0,0,0,0,0,0,Burglary,None,2022-02-17,Telangana,0
0,36,0,1,0,1,1,0,0.379,2,3,0,1,0,0,0,0,0,0,0,1,0,0,0,0,0,0,0,0,0,0,1,Extortion,None,2020-06-06,Maharashtra,0
0,33,1,0,0,1,0,0,0.41,23,5,0,0,0,0,1,0,0,0,0,1,0,0,0,0,0,0,1,0,0,0,0,Fraud,Neela Saanp Syndicate,2024-10-22,Karnataka,0
2,34,0,0,0,1,0,0,0.268,12,1,0,1,0,0,0,0,0,0,0,1,0,0,0,0,0,1,0,0,0,0,0,Fraud,None,2020-03-21,Uttar Pradesh,0
1,20,1,0,0,0,1,0,0.254,18,15,0,1,0,0,0,0,0,0,0,0,1,0,0,0,0,0,1,0,0,0,0,Cybercrime,Neela Saanp Syndicate,2023-07-06,West Bengal,0
2,19,0,0,1,1,0,2,0.364,8,5,0,0,1,0,0,0,0,0,0,0,0,1,0,0,0,0,0,1,0,0,0,Drug Trafficking,None,2023-04-07,Bihar,0
4,30,1,1,0,1,0,1,0.492,3,5,0,0,1,0,0,0,0,0,1,0,0,0,1,0,0,0,0,0,0,0,0,Car Theft,Teen Talwar Gang,2022-05-22,Tamil Nadu,1
0,19,0,0,1,0,0,1,0.441,21,4,0,1,0,0,0,0,0,1,0,0,0,0,1,0,0,0,0,0,0,0,0,Vandalism,None,2019-08-04,Uttar Pradesh,0
0,36,0,0,0,0,0,0,0.501,23,3,0,0,1,0,0,0,1,0,0,0,0,0,0,1,0,0,0,0,0,0,0,Assault,None,2022-10-12,Haryana,0
1,25,0,0,0,1,0,0,0.335,22,0,1,0,0,0,0,0,0,0,1,0,0,0,1,0,0,0,0,0,0,0,0,Car Theft,None,2022-09-16,Delhi,0
0,26,0,0,0,0,0,3,0.652,3,1,0,0,1,0,0,0,0,1,0,0,0,0,0,0,1,0,0,0,0,0,0,Assault,None,2018-06-12,Telangana,0
2,39,0,0,0,1,1,0,0.597,15,5,0,0,0,0,0,1,0,0,0,1,0,0,0,0,0,1,0,0,0,0,0,Money Laundering,None,2024-10-14,Tamil Nadu,0
0,30,0,0,0,0,0,0,0.346,19,4,0,0,1,0,0,0,0,0,0,1,0,0,1,0,0,0,0,0,0,0,0,Car Theft,None,2020-08-29,Haryana,0
1,31,0,0,0,1,0,0,0.417,11,2,0,0,0,0,1,0,0,0,0,1,0,0,0,0,0,1,0,0,0,0,0,Fraud,None,2018-07-02,Rajasthan,0
2,23,1,0,1,1,0,2,0.282,22,8,0,0,1,0,0,0,0,0,0,1,0,0,0,0,0,0,0,1,0,0,0,Drug Trafficking,Kaala Bichhoo Gang,2022-09-27,Maharashtra,1
2,46,0,0,0,1,0,1,0.368,3,3,0,0,0,0,0,1,0,0,0,1,0,0,0,0,0,0,1,0,0,0,0,Money Laundering,None,2021-01-19,Bihar,0
1,31,0,0,0,1,1,1,0.29,17,0,0,0,0,0,1,0,0,0,0,1,0,0,0,0,0,1,0,0,0,0,0,Fraud,None,2023-10-11,Uttar Pradesh,0
0,19,0,0,0,0,1,0,0.493,2,3,0,0,0,0,0,1,0,0,0,0,1,0,0,0,0,0,1,0,0,0,0,Cybercrime,None,2024-09-03,Bihar,0
2,29,0,1,1,0,0,2,0.765,23,0,1,0,0,0,0,0,1,0,0,0,0,0,0,0,0,0,0,1,0,0,0,Assault,None,2020-03-29,Maharashtra,0
1,23,0,1,0,0,0,2,0.365,1,2,0,1,0,0,0,0,0,1,0,0,0,0,0,0,0,0,0,0,0,1,0,Arson,None,2021-11-29,Uttar Pradesh,0
0,21,0,0,0,0,0,1,0.285,14,2,0,0,1,0,0,0,0,0,0,0,0,1,1,0,0,0,0,0,0,0,0,Car Theft,None,2019-03-12,Uttar Pradesh,0
0,23,0,0,0,1,0,0,0.396,21,2,0,0,1,0,0,0,0,0,1,0,0,0,1,0,0,0,0,0,0,0,0,Car Theft,None,2021-12-12,Rajasthan,0
2,16,0,1,0,0,0,2,0.225,4,2,0,0,1,0,0,0,0,1,0,0,0,0,0,0,0,0,0,0,0,1,0,Vandalism,None,2023-06-26,Telangana,1
1,19,0,0,0,1,0,1,0.762,20,5,0,0,1,0,0,0,0,0,1,0,0,0,1,0,0,0,0,0,0,0,0,Car Theft,None,2024-12-21,Uttar Pradesh,1
1,18,1,0,0,1,1,2,0.69,9,8,0,0,0,0,0,1,0,0,0,1,0,0,0,0,0,0,1,0,0,0,0,Cybercrime,Neela Saanp Syndicate,2020-08-09,West Bengal,1
3,25,0,0,0,1,0,4,0.421,4,1,0,0,0,1,0,0,0,0,0,1,0,0,0,0,0,0,0,1,0,0,0,Arms Trafficking,None,2023-04-30,Uttar Pradesh,1
1,35,0,1,0,0,0,2,0.308,11,1,1,0,0,0,0,0,1,0,0,0,0,0,0,1,0,0,0,0,0,0,0,Murder,None,2020-04-13,Delhi,0
1,33,0,0,0,1,1,0,0.303,16,2,0,0,0,0,0,1,0,0,0,1,0,0,0,0,0,1,0,0,0,0,0,Fraud,None,2020-01-02,Rajasthan,0
1,38,0,0,0,1,1,0,0.413,19,1,0,1,0,0,0,0,0,0,0,1,0,0,0,0,0,1,0,0,0,0,0,Fraud,None,2022-05-15,Maharashtra,0
1,16,0,0,0,1,0,1,0.594,22,2,0,1,0,0,0,0,0,1,0,0,0,0,0,0,0,0,0,0,0,1,0,Arson,None,2023-08-16,Uttar Pradesh,1
7,53,1,0,0,0,0,2,0.675,13,5,0,0,1,0,0,0,1,0,0,0,0,0,0,0,0,0,0,0,0,0,1,Assault,Teen Talwar Gang,2019-11-04,Tamil Nadu,1
0,24,0,0,0,0,0,1,0.018,18,1,0,1,0,0,0,0,0,0,0,1,0,0,0,0,0,0,1,0,0,0,0,Burglary,None,2018-01-21,Karnataka,0
0,24,0,0,0,1,0,2,0.182,0,3,0,0,1,0,0,0,0,0,0,1,0,0,0,1,0,0,0,0,0,0,0,Robbery,None,2025-10-29,Maharashtra,0
1,24,0,1,0,0,0,4,0.471,23,3,1,0,0,0,0,0,1,0,0,0,0,0,0,1,0,0,0,0,0,0,0,Kidnapping,None,2021-05-06,Telangana,1
2,31,0,0,1,0,0,3,0.14,21,2,0,1,0,0,0,0,0,1,0,0,0,0,0,0,0,0,0,0,0,1,0,Vandalism,None,2019-04-29,Kerala,0
0,25,1,0,0,0,0,1,0.769,23,2,1,0,0,0,0,0,0,1,0,0,0,0,0,0,0,0,0,1,0,0,0,Arson,Kaali Billi Crew,2022-10-30,Madhya Pradesh,1
2,34,0,1,0,1,0,1,0.65,19,3,0,0,0,1,0,0,0,0,0,0,0,1,0,0,0,0,0,1,0,0,0,Arms Trafficking,None,2022-10-20,Kerala,1
4,36,1,0,0,1,1,2,0.486,15,14,0,0,0,0,1,0,0,0,0,1,0,0,0,0,0,1,0,0,0,0,0,Money Laundering,Neela Saanp Syndicate,2023-08-13,Karnataka,1
3,35,0,1,0,1,0,2,0.451,8,6,0,0,0,0,0,1,1,0,0,0,0,0,0,1,0,0,0,0,0,0,0,Extortion,None,2020-04-13,Karnataka,0
2,39,1,0,0,1,0,0,0.448,0,3,1,0,0,0,0,0,0,1,0,0,0,0,1,0,0,0,0,0,0,0,0,Burglary,Lal Toofan Crew,2022-04-02,Rajasthan,0
0,19,0,0,0,1,0,4,0.716,3,4,0,1,0,0,0,0,0,0,0,0,0,1,0,0,0,0,0,0,0,0,1,Extortion,None,2021-08-26,Gujarat,0
2,16,0,0,0,0,0,0,0.163,3,2,0,0,1,0,0,0,0,0,1,0,0,0,0,0,0,0,0,0,0,1,0,Vandalism,None,2025-04-08,Delhi,1
2,46,1,0,0,1,0,1,0.861,15,9,0,1,0,0,0,0,0,0,0,1,0,0,0,0,0,1,0,0,0,0,0,Fraud,Neela Saanp Syndicate,2025-09-17,Karnataka,0
1,32,0,0,0,1,1,0,0.565,14,2,0,0,0,0,0,1,0,0,0,0,1,0,0,0,0,0,1,0,0,0,0,Cybercrime,None,2019-01-02,Uttar Pradesh,1
0,16,0,0,0,1,0,0,0.338,19,5,0,0,0,0,1,0,0,0,0,1,0,0,0,0,0,1,0,0,0,0,0,Fraud,None,2023-01-29,Maharashtra,0
1,27,0,0,0,0,0,0,0.501,19,1,1,0,0,0,0,0,0,0,0,1,0,0,1,0,0,0,0,0,0,0,0,Burglary,None,2025-01-19,Bihar,0
3,35,0,1,0,1,0,6,0.519,20,2,1,0,0,0,0,0,1,0,0,0,0,0,0,1,0,0,0,0,0,0,0,Murder,None,2021-11-22,Madhya Pradesh,1
1,21,0,1,0,1,0,2,0.319,23,2,0,1,0,0,0,0,0,1,0,0,0,0,0,0,0,1,0,0,0,0,0,Burglary,None,2020-04-02,Maharashtra,0
0,29,0,0,0,1,1,0,0.145,23,0,0,0,0,0,0,1,0,0,0,1,0,0,0,0,0,1,0,0,0,0,0,Fraud,None,2018-11-30,Tamil Nadu,0
1,33,0,0,0,0,0,1,0.228,1,3,1,0,0,0,0,0,0,1,0,0,0,0,0,0,0,0,0,0,0,1,0,Arson,None,2019-08-22,Delhi,0
3,30,0,1,0,1,0,3,0.364,1,4,0,0,1,0,0,0,1,0,0,0,0,0,0,1,0,0,0,0,0,0,0,Kidnapping,None,2025-06-12,Maharashtra,0
2,21,1,0,0,1,1,2,0.521,4,2,0,0,0,0,0,1,1,0,0,0,0,0,0,0,0,0,0,0,1,0,0,Kidnapping,Kaali Billi Crew,2018-07-28,Haryana,0
0,21,0,0,0,1,1,0,0.321,11,5,0,0,0,0,0,1,0,0,0,0,1,0,0,0,0,1,0,0,0,0,0,Cybercrime,None,2020-08-24,Gujarat,0
1,31,0,1,1,1,0,1,0.815,21,8,0,0,0,1,0,0,0,0,0,1,0,0,0,0,0,0,0,1,0,0,0,Arms Trafficking,None,2018-11-20,Uttar Pradesh,0
3,30,0,1,0,0,0,6,0.706,18,2,0,1,0,0,0,0,1,0,0,0,0,0,0,1,0,0,0,0,0,0,0,Murder,None,2020-01-03,Maharashtra,1
3,34,1,1,1,1,1,1,0.447,14,6,0,0,0,1,0,0,0,0,0,0,1,0,0,0,0,0,0,1,0,0,0,Drug Trafficking,Kaala Bichhoo Gang,2018-01-08,Maharashtra,1
1,27,0,0,1,1,0,1,0.172,21,5,0,0,1,0,0,0,0,0,0,0,0,1,0,0,0,1,0,0,0,0,0,Drug Trafficking,None,2025-07-15,Rajasthan,0
1,41,0,0,0,1,1,1,0.306,14,2,0,1,0,0,0,0,0,1,0,0,0,0,0,0,0,1,0,0,0,0,0,Fraud,None,2024-06-02,Bihar,0
3,24,1,1,0,1,0,3,0.852,21,4,0,0,0,1,0,0,0,1,0,0,0,0,0,1,0,0,0,0,0,0,0,Robbery,Lal Toofan Crew,2023-11-20,Delhi,0
2,29,0,1,0,1,0,1,0.334,13,3,0,0,1,0,0,0,0,0,0,0,0,1,0,0,0,0,0,1,0,0,0,Arms Trafficking,None,2023-10-15,Uttar Pradesh,0
2,16,1,0,0,0,0,2,0.41,20,3,0,1,0,0,0,0,0,1,0,0,0,0,1,0,0,0,0,0,0,0,0,Burglary,Kaali Billi Crew,2024-08-17,Madhya Pradesh,0
2,45,1,1,0,0,0,2,0.62,18,2,0,0,0,0,0,1,1,0,0,0,0,0,0,0,1,0,0,0,0,0,0,Murder,Teen Talwar Gang,2023-01-04,Gujarat,0
1,25,0,1,0,0,0,4,0.552,2,4,0,0,1,0,0,0,1,0,0,0,0,0,0,0,0,0,0,0,1,0,0,Kidnapping,None,2023-08-29,Karnataka,1
2,52,0,1,0,0,0,4,0.691,8,2,0,0,1,0,0,0,1,0,0,0,0,0,0,1,0,0,0,0,0,0,0,Murder,None,2021-08-25,Kerala,0
0,28,0,1,0,0,1,2,0.253,16,10,1,0,0,0,0,0,1,0,0,0,0,0,0,0,0,0,0,0,1,0,0,Kidnapping,None,2018-06-05,Rajasthan,1
1,39,0,0,0,1,1,1,0.271,14,1,0,1,0,0,0,0,0,0,0,0,1,0,0,0,0,1,0,0,0,0,0,Fraud,None,2020-11-22,Tamil Nadu,0
2,24,1,1,1,0,0,5,0.883,0,4,0,0,1,0,0,0,0,0,0,0,1,0,0,0,1,0,0,0,0,0,0,Assault,Teen Talwar Gang,2018-09-01,Tamil Nadu,1
2,27,1,0,1,0,0,1,0.539,21,9,1,0,0,0,0,0,0,0,0,0,0,1,0,0,0,1,0,0,0,0,0,Drug Trafficking,Kaala Bichhoo Gang,2024-07-06,Kerala,0
1,24,0,0,1,0,0,1,0.555,16,4,0,0,1,0,0,0,0,1,0,0,0,0,0,0,0,0,0,0,0,1,0,Vandalism,None,2023-06-12,Uttar Pradesh,1
2,38,1,0,0,1,1,3,0.598,22,15,0,0,0,1,0,0,1,0,0,0,0,0,0,0,0,1,0,0,0,0,0,Human Trafficking,Patang Syndicate,2023-08-23,Telangana,1
0,26,1,0,0,0,0,1,0.767,3,12,0,0,0,0,0,1,0,0,0,0,0,1,0,0,0,0,0,0,0,1,0,Vandalism,Patang Syndicate,2019-03-03,Telangana,1
1,30,0,0,0,0,0,3,0.708,1,2,0,0,1,0,0,0,0,0,0,0,1,0,0,0,1,0,0,0,0,0,0,Assault,None,2022-05-30,Uttar Pradesh,0
0,27,0,0,0,1,0,0,0.219,23,1,0,0,0,0,0,1,0,0,0,1,0,0,0,1,0,0,0,0,0,0,0,Robbery,None,2019-11-26,Maharashtra,0
1,30,1,1,0,1,0,0,0.547,21,7,1,0,0,0,0,0,0,1,0,0,0,0,1,0,0,0,0,0,0,0,0,Burglary,Teen Talwar Gang,2024-10-26,Gujarat,1
2,37,0,0,0,1,0,0,0.707,16,3,0,0,0,0,1,0,0,0,0,1,0,0,0,1,0,0,0,0,0,0,0,Fraud,None,2021-10-25,Telangana,0
1,22,0,0,1,1,0,1,0.435,19,2,0,1,0,0,0,0,0,0,1,0,0,0,1,0,0,0,0,0,0,0,0,Car Theft,None,2024-09-28,Uttar Pradesh,0
3,30,0,1,0,1,1,3,0.537,17,4,0,1,0,0,0,0,1,0,0,0,0,0,0,0,0,0,1,0,0,0,0,Extortion,None,2024-11-05,Uttar Pradesh,0
3,39,1,0,0,0,0,5,0.691,11,8,1,0,0,0,0,0,0,0,0,0,0,1,0,0,1,0,0,0,0,0,0,Assault,Neela Saanp Syndicate,2020-08-09,West Bengal,1
3,46,1,0,0,1,0,1,0.728,21,20,0,0,0,1,0,0,1,0,0,0,0,0,0,0,0,0,0,0,1,0,0,Human Trafficking,Patang Syndicate,2018-03-15,Punjab,1
3,48,1,0,0,1,1,1,0.453,13,18,1,0,0,0,0,0,0,0,0,1,0,0,0,1,0,0,0,0,0,0,0,Money Laundering,Neela Saanp Syndicate,2021-02-05,West Bengal,0
1,26,0,0,0,1,1,1,0.61,19,7,0,1,0,0,0,0,0,0,0,1,0,0,0,0,0,0,0,0,0,0,1,Extortion,None,2025-10-01,Uttar Pradesh,1
2,23,0,0,0,1,0,0,0.568,22,3,1,0,0,0,0,0,1,0,0,0,0,0,1,0,0,0,0,0,0,0,0,Burglary,None,2019-09-23,Uttar Pradesh,0
0,25,1,0,0,1,0,0,0.514,12,1,0,0,0,0,0,1,0,1,0,0,0,0,1,0,0,0,0,0,0,0,0,Burglary,Lal Toofan Crew,2020-10-24,Rajasthan,0
1,28,0,0,0,1,0,1,0.285,18,1,1,0,0,0,0,0,0,1,0,0,0,0,1,0,0,0,0,0,0,0,0,Burglary,None,2025-06-19,Maharashtra,1
1,24,0,0,0,0,0,1,0.365,21,0,0,0,1,0,0,0,1,0,0,0,0,0,0,0,1,0,0,0,0,0,0,Assault,None,2021-08-06,Uttar Pradesh,0
3,37,1,0,0,1,1,1,0.574,13,9,0,0,0,0,0,1,0,0,0,1,0,0,0,0,0,1,0,0,0,0,0,Fraud,Neela Saanp Syndicate,2018-08-20,West Bengal,1
1,31,0,0,0,0,0,6,0.603,20,3,0,0,1,0,0,0,1,0,0,0,0,0,0,0,0,0,0,0,1,0,0,Murder,None,2021-11-03,Tamil Nadu,0
2,20,1,0,0,1,0,0,0.58,2,10,0,0,1,0,0,0,0,0,1,0,0,0,0,0,0,0,1,0,0,0,0,Car Theft,Lal Toofan Crew,2024-02-17,Delhi,1
2,39,1,0,0,0,1,3,0.358,4,19,0,0,0,1,0,0,1,0,0,0,0,0,0,0,0,0,0,0,1,0,0,Human Trafficking,Patang Syndicate,2021-07-03,Punjab,0
1,26,0,0,1,1,0,2,0.428,13,9,0,0,1,0,0,0,0,0,0,0,0,1,0,0,0,0,0,1,0,0,0,Drug Trafficking,None,2025-09-02,Maharashtra,1
1,22,0,1,1,1,0,3,0.494,22,5,0,1,0,0,0,0,0,0,0,0,1,0,0,0,0,0,0,1,0,0,0,Arms Trafficking,None,2022-04-09,Madhya Pradesh,1
0,18,0,1,0,1,0,2,0.722,16,2,0,0,1,0,0,0,0,1,0,0,0,0,0,0,0,0,0,0,0,0,1,Robbery,None,2024-01-07,Bihar,0
0,16,1,0,0,0,0,2,0.243,2,4,0,0,1,0,0,0,0,1,0,0,0,0,0,0,0,0,0,0,0,1,0,Vandalism,Kaali Billi Crew,2023-06-29,Haryana,1
1,39,0,1,0,1,0,4,0.899,8,4,1,0,0,0,0,0,1,0,0,0,0,0,0,0,1,0,0,0,0,0,0,Murder,None,2022-09-13,Bihar,0
3,36,1,1,0,0,0,5,0.516,18,3,0,0,1,0,0,0,1,0,0,0,0,0,0,0,0,1,0,0,0,0,0,Murder,Teen Talwar Gang,2024-05-08,Gujarat,1
0,16,1,1,0,1,1,1,0.762,11,6,0,0,0,0,0,1,0,0,0,1,0,0,0,0,0,0,1,0,0,0,0,Cybercrime,Lal Toofan Crew,2025-08-10,Rajasthan,1
0,29,0,1,0,1,0,1,0.477,16,5,1,0,0,0,0,0,0,0,0,0,0,1,0,0,0,0,0,1,0,0,0,Arms Trafficking,None,2019-05-20,Uttar Pradesh,0
2,31,1,0,0,1,0,0,0.594,15,7,0,1,0,0,0,0,0,0,0,1,0,0,0,0,0,1,0,0,0,0,0,Fraud,Neela Saanp Syndicate,2020-04-24,West Bengal,1
0,16,0,0,0,1,0,0,0.497,21,2,0,1,0,0,0,0,0,1,0,0,0,0,0,0,0,1,0,0,0,0,0,Burglary,None,2022-07-05,Bihar,1
7,35,1,0,1,1,0,3,0.79,4,8,0,0,1,0,0,0,0,0,0,0,0,1,0,0,0,1,0,0,0,0,0,Drug Trafficking,Kaala Bichhoo Gang,2025-05-28,Maharashtra,1
0,38,0,0,0,1,0,0,0.441,12,0,0,0,0,0,1,0,0,0,0,1,0,0,0,0,0,1,0,0,0,0,0,Fraud,None,2018-03-15,Madhya Pradesh,0
0,16,0,0,1,0,0,1,0.14,8,4,0,0,1,0,0,0,0,1,0,0,0,0,1,0,0,0,0,0,0,0,0,Vandalism,None,2019-06-24,Madhya Pradesh,0
1,24,0,0,0,1,0,3,0.502,10,4,1,0,0,0,0,0,1,0,0,0,0,0,0,0,0,0,0,0,0,0,1,Kidnapping,None,2023-10-14,Kerala,0
0,31,0,0,0,0,0,2,0.355,20,1,1,0,0,0,0,0,1,0,0,0,0,0,0,0,1,0,0,0,0,0,0,Assault,None,2018-11-07,Maharashtra,1
4,20,1,0,0,0,0,3,0.704,20,1,0,1,0,0,0,0,1,0,0,0,0,0,1,0,0,0,0,0,0,0,0,Burglary,Kaali Billi Crew,2025-04-25,Madhya Pradesh,0
2,47,0,0,0,1,0,1,0.223,9,5,0,0,0,1,0,0,1,0,0,0,0,0,0,0,0,0,0,0,1,0,0,Human Trafficking,None,2021-01-27,West Bengal,0
1,30,0,0,0,1,0,0,0.209,4,4,1,0,0,0,0,0,0,1,0,0,0,0,0,0,0,1,0,0,0,0,0,Burglary,None,2023-07-12,West Bengal,0
2,24,0,1,0,1,0,2,0.429,13,4,1,0,0,0,0,0,1,0,0,0,0,0,0,0,0,0,0,0,0,0,1,Kidnapping,None,2024-04-12,Delhi,1
4,29,0,0,0,1,0,6,0.561,15,5,1,0,0,0,0,0,1,0,0,0,0,0,0,0,0,0,0,0,1,0,0,Kidnapping,None,2018-06-15,Tamil Nadu,1
2,42,1,0,0,1,1,0,0.467,18,6,0,1,0,0,0,0,0,0,0,1,0,0,0,0,0,0,0,0,0,0,1,Extortion,Teen Talwar Gang,2019-08-01,Tamil Nadu,0
3,29,0,1,0,0,1,3,0.784,18,3,0,0,0,1,0,0,1,0,0,0,0,0,0,0,0,0,0,0,1,0,0,Kidnapping,None,2024-11-07,Maharashtra,1
0,34,1,0,0,1,1,1,0.542,19,13,0,0,0,0,0,1,0,0,0,0,0,1,0,0,0,1,0,0,0,0,0,Fraud,Neela Saanp Syndicate,2018-01-20,Karnataka,0
3,40,0,0,0,0,0,0,0.379,1,3,0,0,1,0,0,0,1,0,0,0,0,0,0,0,0,0,0,0,1,0,0,Kidnapping,None,2023-12-18,Rajasthan,0
1,24,0,1,0,0,0,2,0.553,1,1,1,0,0,0,0,0,0,0,0,1,0,0,1,0,0,0,0,0,0,0,0,Burglary,None,2022-11-03,Uttar Pradesh,0
2,33,1,0,0,1,1,2,0.414,3,5,0,0,0,0,1,0,0,0,0,1,0,0,0,0,0,1,0,0,0,0,0,Fraud,Lal Toofan Crew,2022-02-12,Delhi,0
1,21,1,0,0,1,0,1,0.272,3,4,1,0,0,0,0,0,0,0,0,1,0,0,1,0,0,0,0,0,0,0,0,Burglary,Lal Toofan Crew,2022-08-27,Rajasthan,0
3,31,1,0,0,1,1,0,0.616,10,8,0,0,0,0,1,0,0,0,0,1,0,0,0,0,0,1,0,0,0,0,0,Fraud,Neela Saanp Syndicate,2025-01-25,Karnataka,1
3,16,1,1,1,0,0,2,0.658,17,1,0,0,1,0,0,0,0,0,1,0,0,0,0,0,0,0,0,0,0,1,0,Vandalism,Kaali Billi Crew,2024-05-31,Madhya Pradesh,1
2,26,0,1,0,0,0,3,0.137,17,3,0,0,1,0,0,0,1,0,0,0,0,0,0,0,0,0,0,0,1,0,0,Kidnapping,None,2022-04-17,Tamil Nadu,1
3,36,1,0,0,1,1,2,0.273,21,7,0,0,1,0,0,0,0,0,0,1,0,0,0,0,0,0,1,0,0,0,0,Extortion,Teen Talwar Gang,2021-11-13,Gujarat,0
1,18,1,0,1,1,0,1,0.463,4,3,1,0,0,0,0,0,0,1,0,0,0,0,1,0,0,0,0,0,0,0,0,Burglary,Lal Toofan Crew,2022-02-26,Delhi,1
1,26,0,1,0,0,0,3,0.393,22,3,1,0,0,0,0,0,1,0,0,0,0,0,0,0,1,0,0,0,0,0,0,Assault,None,2020-02-19,Uttar Pradesh,0
1,35,0,1,1,0,0,2,0.434,1,2,0,0,0,0,1,0,1,0,0,0,0,0,0,0,1,0,0,0,0,0,0,Assault,None,2018-06-04,Karnataka,1
0,35,0,0,0,0,1,0,0.057,15,4,0,0,0,0,0,1,0,0,0,1,0,0,0,0,0,1,0,0,0,0,0,Cybercrime,None,2025-09-19,Maharashtra,0
3,26,0,0,0,1,0,4,0.357,15,4,0,1,0,0,0,0,0,0,0,1,0,0,0,0,0,0,0,0,0,0,1,Extortion,None,2020-08-02,Bihar,0
4,41,1,1,0,1,0,3,0.752,20,12,1,0,0,0,0,0,0,0,0,1,0,0,0,0,0,0,0,0,0,0,1,Extortion,Patang Syndicate,2018-08-27,Telangana,1
0,24,0,1,0,1,0,0,0.454,0,0,0,0,0,1,0,0,1,0,0,0,0,0,0,0,1,0,0,0,0,0,0,Robbery,None,2020-01-28,Uttar Pradesh,0
4,41,1,0,1,1,1,3,0.513,20,8,0,0,0,0,0,1,0,0,0,1,0,0,0,0,0,1,0,0,0,0,0,Fraud,Kaala Bichhoo Gang,2021-11-20,Maharashtra,0
5,48,1,0,0,1,0,0,0.679,13,6,0,0,0,0,0,1,0,0,0,1,0,0,0,0,0,1,0,0,0,0,0,Money Laundering,Lal Toofan Crew,2021-07-18,Delhi,1
2,35,0,1,1,1,0,2,0.721,4,2,0,0,0,1,0,0,0,0,0,0,0,1,0,0,0,0,0,1,0,0,0,Drug Trafficking,None,2022-03-09,Maharashtra,1
0,23,0,1,0,0,0,2,0.332,18,2,0,0,1,0,0,0,1,0,0,0,0,0,0,0,0,0,0,0,1,0,0,Kidnapping,None,2018-02-20,Madhya Pradesh,0
4,16,1,0,0,1,0,1,0.66,21,1,0,0,0,0,0,1,0,0,1,0,0,0,1,0,0,0,0,0,0,0,0,Car Theft,Kaali Billi Crew,2019-08-16,Madhya Pradesh,1
0,27,0,0,0,0,1,3,0.155,23,3,0,1,0,0,0,0,1,0,0,0,0,0,0,1,0,0,0,0,0,0,0,Murder,None,2024-01-01,Uttar Pradesh,0
0,27,0,1,0,1,0,1,0.68,1,4,1,0,0,0,0,0,0,0,0,0,0,1,0,0,0,0,0,1,0,0,0,Arms Trafficking,None,2022-08-03,Kerala,0
4,35,1,1,1,1,0,3,0.674,8,3,0,0,0,1,0,0,0,0,0,0,0,1,0,0,0,0,0,1,0,0,0,Arms Trafficking,Lal Toofan Crew,2025-04-06,Delhi,1
2,29,0,0,0,0,0,2,0.838,1,4,0,0,1,0,0,0,0,1,0,0,0,0,0,0,1,0,0,0,0,0,0,Assault,None,2018-10-01,Rajasthan,1
2,37,1,1,0,0,0,2,0.608,18,7,0,0,1,0,0,0,1,0,0,0,0,0,0,0,0,0,0,0,1,0,0,Kidnapping,Patang Syndicate,2019-04-07,Punjab,1
0,47,0,0,0,1,0,0,0.447,14,6,1,0,0,0,0,0,0,0,0,0,1,0,0,0,0,1,0,0,0,0,0,Fraud,None,2024-05-03,Bihar,0
2,50,1,1,0,1,0,2,0.714,21,12,0,0,1,0,0,0,1,0,0,0,0,0,0,0,0,0,0,0,1,0,0,Kidnapping,Patang Syndicate,2020-07-25,Telangana,1
0,30,0,0,0,1,0,1,0.136,18,2,0,1,0,0,0,0,0,0,0,1,0,0,1,0,0,0,0,0,0,0,0,Burglary,None,2022-08-10,Bihar,0
3,41,1,1,0,1,1,1,0.52,12,3,0,0,0,0,1,0,0,0,0,1,0,0,0,0,0,1,0,0,0,0,0,Money Laundering,Lal Toofan Crew,2023-11-10,Rajasthan,0
4,42,0,1,0,0,0,3,0.5,11,2,0,0,0,1,0,0,1,0,0,0,0,0,0,0,1,0,0,0,0,0,0,Murder,None,2025-05-08,Madhya Pradesh,0
0,21,0,1,0,0,0,3,0.446,4,4,0,0,1,0,0,0,1,0,0,0,0,0,0,0,0,0,0,0,1,0,0,Kidnapping,None,2023-05-22,Maharashtra,1
2,39,1,1,0,1,0,1,0.651,3,5,0,0,0,1,0,0,0,0,0,0,0,1,0,0,0,1,0,0,0,0,0,Arms Trafficking,Teen Talwar Gang,2020-05-20,Gujarat,0
2,20,1,0,1,0,0,1,0.532,9,2,0,1,0,0,0,0,0,1,0,0,0,0,0,0,0,0,0,1,0,0,0,Arson,Kaali Billi Crew,2018-02-16,Haryana,1
1,42,0,1,0,1,0,1,0.581,3,4,0,0,0,1,0,0,0,0,0,0,0,1,0,0,0,0,0,1,0,0,0,Arms Trafficking,None,2020-11-09,Rajasthan,0
0,45,1,0,0,1,0,4,0.82,22,17,1,0,0,0,0,0,0,0,0,1,0,0,0,0,0,0,0,0,0,0,1,Extortion,Patang Syndicate,2018-07-29,Telangana,0
2,22,0,0,0,1,0,2,0.336,3,0,1,0,0,0,0,0,0,1,0,0,0,0,1,0,0,0,0,0,0,0,0,Burglary,None,2021-07-19,West Bengal,1
2,42,0,0,0,1,0,0,0.224,23,2,0,1,0,0,0,0,0,1,0,0,0,0,1,0,0,0,0,0,0,0,0,Burglary,None,2022-04-30,Haryana,0
1,33,0,1,0,0,0,1,0.244,10,4,0,0,1,0,0,0,1,0,0,0,0,0,0,0,0,0,0,0,1,0,0,Assault,None,2020-04-06,Bihar,1
6,30,0,0,0,0,0,7,0.934,2,0,0,0,1,0,0,0,1,0,0,0,0,0,0,0,1,0,0,0,0,0,0,Assault,None,2023-06-17,Kerala,1
2,33,0,1,0,0,0,4,0.582,14,3,0,1,0,0,0,0,1,0,0,0,0,0,0,1,0,0,0,0,0,0,0,Assault,None,2022-09-27,West Bengal,1
3,30,0,0,0,1,0,1,0.098,2,3,0,1,0,0,0,0,0,1,0,0,0,0,1,0,0,0,0,0,0,0,0,Burglary,None,2018-04-12,Tamil Nadu,0
0,21,0,0,0,0,0,0,0.288,20,2,0,0,1,0,0,0,0,1,0,0,0,0,0,0,0,0,1,0,0,0,0,Car Theft,None,2020-01-22,Uttar Pradesh,1
2,16,1,0,0,0,0,0,0.753,1,9,1,0,0,0,0,0,0,0,0,1,0,0,0,0,0,0,0,0,0,1,0,Vandalism,Kaali Billi Crew,2019-09-22,Madhya Pradesh,0
1,32,1,0,0,1,1,0,0.604,0,14,1,0,0,0,0,0,0,0,1,0,0,0,0,0,0,0,1,0,0,0,0,Car Theft,Patang Syndicate,2021-07-01,Punjab,0
3,33,0,0,1,1,0,2,0.463,17,3,1,0,0,0,0,0,0,0,0,0,0,1,0,0,0,0,0,1,0,0,0,Drug Trafficking,None,2018-02-14,Delhi,0
1,25,0,1,0,0,0,1,0.143,2,2,0,0,1,0,0,0,0,1,0,0,0,0,0,0,0,0,0,0,0,1,0,Vandalism,None,2021-03-15,Maharashtra,1
2,51,1,0,1,1,1,0,0.612,3,16,0,0,0,1,0,0,1,0,0,0,0,0,0,0,0,0,0,0,1,0,0,Human Trafficking,Patang Syndicate,2025-04-25,Telangana,1
1,16,1,0,0,0,0,1,0.454,20,10,0,1,0,0,0,0,0,1,0,0,0,0,0,0,0,0,0,0,0,1,0,Vandalism,Kaali Billi Crew,2021-07-30,Madhya Pradesh,0
1,24,0,0,1,1,0,0,0.302,16,5,0,0,1,0,0,0,0,0,0,0,0,1,0,0,0,0,0,1,0,0,0,Drug Trafficking,None,2024-08-27,Haryana,0
0,16,0,0,0,0,0,0,0.781,23,0,0,0,1,0,0,0,0,1,0,0,0,0,0,0,0,0,0,0,0,1,0,Vandalism,None,2023-05-06,Uttar Pradesh,0
3,39,0,1,0,1,0,3,0.592,13,3,0,0,0,1,0,0,0,0,0,0,0,1,0,0,0,0,0,1,0,0,0,Arms Trafficking,None,2018-11-05,Karnataka,1
0,36,0,0,0,1,0,1,0.209,19,3,0,0,1,0,0,0,1,0,0,0,0,0,0,0,0,0,0,0,1,0,0,Kidnapping,None,2021-10-04,Uttar Pradesh,0
1,31,0,0,0,0,1,5,0.354,8,6,0,0,1,0,0,0,1,0,0,0,0,0,0,0,0,0,0,0,1,0,0,Kidnapping,None,2019-10-09,West Bengal,1
1,16,1,0,0,0,1,0,0.342,0,8,0,0,0,0,0,1,0,0,0,0,1,0,0,0,0,0,1,0,0,0,0,Cybercrime,Neela Saanp Syndicate,2025-08-07,West Bengal,0
4,22,1,0,0,1,0,3,0.235,23,2,1,0,0,0,0,0,0,1,0,0,0,0,0,0,0,0,0,0,0,1,0,Arson,Kaali Billi Crew,2020-12-04,Madhya Pradesh,1
0,33,0,0,0,0,0,4,0.587,4,0,0,0,1,0,0,0,1,0,0,0,0,0,0,0,0,0,0,1,0,0,0,Assault,None,2022-10-27,Bihar,0
2,41,1,0,0,1,0,4,0.692,21,11,0,0,1,0,0,0,1,0,0,0,0,0,0,0,0,0,0,0,1,0,0,Human Trafficking,Kaala Bichhoo Gang,2022-09-06,Maharashtra,1
3,16,0,0,0,0,0,2,0.347,20,6,0,0,1,0,0,0,0,1,0,0,0,0,1,0,0,0,0,0,0,0,0,Vandalism,None,2024-07-23,Bihar,1
2,26,1,1,0,0,0,2,0.694,3,12,0,0,1,0,0,0,0,0,0,1,0,0,0,0,0,0,0,0,0,0,1,Robbery,Patang Syndicate,2024-08-08,Punjab,1
0,32,0,1,0,0,0,2,0.499,15,7,1,0,0,0,0,0,1,0,0,0,0,0,0,0,0,0,0,0,1,0,0,Kidnapping,None,2023-06-17,Gujarat,0
3,28,1,1,0,0,0,2,0.773,15,7,1,0,0,0,0,0,1,0,0,0,0,0,0,0,0,0,0,0,1,0,0,Kidnapping,Lal Toofan Crew,2021-07-22,Rajasthan,1
0,21,0,0,1,0,0,3,0.282,8,1,0,0,1,0,0,0,0,1,0,0,0,0,0,0,0,0,0,0,0,1,0,Vandalism,None,2024-05-31,Kerala,1
1,22,0,0,1,1,1,1,0.223,14,4,0,0,0,1,0,0,0,0,0,0,0,1,0,0,0,0,0,1,0,0,0,Drug Trafficking,None,2023-05-27,West Bengal,1
4,34,0,0,0,1,1,1,0.231,23,2,1,0,0,0,0,0,0,0,1,0,0,0,1,0,0,0,0,0,0,0,0,Car Theft,None,2022-02-07,Gujarat,1
0,34,0,0,0,1,0,0,0.343,15,2,0,0,0,0,1,0,0,0,0,1,0,0,0,0,0,1,0,0,0,0,0,Fraud,None,2021-08-24,Tamil Nadu,0
0,29,0,1,0,0,0,1,0.541,3,2,0,0,1,0,0,0,1,0,0,0,0,0,0,0,0,0,0,0,0,0,1,Assault,None,2018-09-12,Telangana,0
4,33,0,0,0,0,0,5,0.62,9,0,0,0,1,0,0,0,1,0,0,0,0,0,0,0,1,0,0,0,0,0,0,Assault,None,2018-08-18,Rajasthan,0
7,39,1,1,1,1,0,6,0.635,22,7,0,0,1,0,0,0,0,0,0,0,0,1,0,0,0,0,0,1,0,0,0,Arms Trafficking,Teen Talwar Gang,2021-02-25,Gujarat,1
4,27,0,0,0,0,0,1,0.264,19,2,0,0,1,0,0,0,0,0,1,0,0,0,0,0,1,0,0,0,0,0,0,Car Theft,None,2025-01-15,Madhya Pradesh,0
4,31,0,1,0,0,0,2,0.53,19,1,1,0,0,0,0,0,1,0,0,0,0,0,0,0,1,0,0,0,0,0,0,Assault,None,2022-10-17,Maharashtra,1
1,40,0,1,0,1,0,2,0.146,1,5,1,0,0,0,0,0,0,0,0,1,0,0,0,0,0,0,0,0,0,0,1,Extortion,None,2022-04-23,Uttar Pradesh,0
1,29,1,1,0,1,0,0,0.545,9,6,0,0,1,0,0,0,0,0,0,0,0,1,0,0,0,0,0,1,0,0,0,Arms Trafficking,Teen Talwar Gang,2018-09-02,Gujarat,1
4,27,1,0,0,1,0,5,0.775,11,6,1,0,0,0,0,0,0,1,0,0,0,0,0,0,0,0,0,0,0,1,0,Arson,Lal Toofan Crew,2020-06-10,Delhi,1
1,32,0,0,0,1,0,0,0.574,1,3,0,0,1,0,0,0,1,0,0,0,0,0,0,0,0,0,0,0,1,0,0,Kidnapping,None,2025-08-28,Tamil Nadu,0
0,18,0,0,0,0,1,0,0.686,1,0,0,0,1,0,0,0,0,0,1,0,0,0,1,0,0,0,0,0,0,0,0,Car Theft,None,2021-06-08,Tamil Nadu,0
5,19,1,0,1,0,0,3,0.345,4,2,1,0,0,0,0,0,0,1,0,0,0,0,0,0,1,0,0,0,0,0,0,Burglary,Kaali Billi Crew,2025-07-20,Madhya Pradesh,1
1,29,0,0,0,0,0,1,0.374,12,2,1,0,0,0,0,0,1,0,0,0,0,0,0,0,0,0,0,0,0,0,1,Assault,None,2020-10-07,Gujarat,0
2,35,1,1,0,1,0,2,0.636,18,11,0,1,0,0,0,0,0,0,0,1,0,0,0,0,0,0,0,0,0,0,1,Extortion,Patang Syndicate,2025-02-15,Punjab,0
7,44,0,0,1,1,1,2,0.308,2,7,0,0,1,0,0,0,0,0,0,1,0,0,0,0,0,0,0,0,1,0,0,Kidnapping,None,2022-11-07,Bihar,0
5,34,1,1,0,1,0,6,0.88,0,6,1,0,0,0,0,0,1,0,0,0,0,0,0,0,0,0,0,0,1,0,0,Kidnapping,Lal Toofan Crew,2018-09-13,Delhi,1
1,38,0,1,0,1,0,2,0.735,3,3,0,0,0,1,0,0,0,0,0,0,0,1,0,0,0,0,0,1,0,0,0,Arms Trafficking,None,2019-08-08,Gujarat,0
1,17,0,1,0,1,0,1,0.082,3,1,0,0,1,0,0,0,0,0,1,0,0,0,0,0,0,0,0,1,0,0,0,Car Theft,None,2023-06-04,Bihar,1
8,42,1,1,0,0,0,9,0.656,3,6,1,0,0,0,0,0,1,0,0,0,0,0,0,0,1,0,0,0,0,0,0,Murder,Teen Talwar Gang,2025-11-15,Gujarat,1
0,16,0,0,0,0,1,0,0.061,1,6,0,0,1,0,0,0,0,1,0,0,0,0,0,0,0,0,0,0,0,1,0,Vandalism,None,2019-11-26,West Bengal,0
0,33,0,0,0,1,1,0,0.561,12,1,0,0,0,0,0,1,0,0,0,1,0,0,0,0,0,0,1,0,0,0,0,Cybercrime,None,2024-04-01,Tamil Nadu,0
1,25,0,0,0,1,0,1,0.061,21,2,0,0,1,0,0,0,0,1,0,0,0,0,1,0,0,0,0,0,0,0,0,Burglary,None,2018-02-22,Maharashtra,0
0,23,0,0,1,1,0,0,0.237,21,5,0,0,0,1,0,0,0,0,0,0,0,1,0,0,0,0,0,1,0,0,0,Drug Trafficking,None,2022-08-13,Uttar Pradesh,0
1,25,0,0,0,0,0,0,0.34,20,1,1,0,0,0,0,0,0,1,0,0,0,0,0,0,0,0,0,0,0,1,0,Vandalism,None,2018-05-21,Kerala,0
1,23,0,0,0,1,0,1,0.635,10,3,0,0,1,0,0,0,0,0,1,0,0,0,1,0,0,0,0,0,0,0,0,Car Theft,None,2020-11-16,Delhi,0
1,29,0,0,0,1,0,0,0.299,11,0,0,1,0,0,0,0,0,0,0,1,0,0,0,0,0,1,0,0,0,0,0,Fraud,None,2020-04-30,Tamil Nadu,0
1,21,0,0,0,1,0,2,0.541,3,4,1,0,0,0,0,0,0,1,0,0,0,0,0,0,1,0,0,0,0,0,0,Assault,None,2025-04-09,West Bengal,0
3,29,0,0,0,1,0,3,0.433,22,1,0,0,1,0,0,0,0,0,0,1,0,0,0,0,0,0,0,0,1,0,0,Robbery,None,2024-03-15,Karnataka,1
0,18,0,1,0,0,0,2,0.337,2,1,1,0,0,0,0,0,1,0,0,0,0,0,0,0,0,0,0,0,1,0,0,Kidnapping,None,2020-05-07,Uttar Pradesh,1
3,25,1,1,0,0,0,1,0.704,0,2,1,0,0,0,0,0,0,0,1,0,0,0,0,0,0,1,0,0,0,0,0,Car Theft,Kaali Billi Crew,2022-06-06,Haryana,1
2,23,0,0,1,1,0,0,0.242,23,0,0,1,0,0,0,0,0,0,1,0,0,0,1,0,0,0,0,0,0,0,0,Car Theft,None,2022-06-07,West Bengal,0
0,19,0,0,0,1,1,0,0.182,4,2,0,1,0,0,0,0,0,0,1,0,0,0,0,0,0,1,0,0,0,0,0,Car Theft,None,2024-01-28,Bihar,0
2,39,0,0,0,1,0,0,0.323,23,2,0,0,0,0,0,1,0,0,0,1,0,0,0,0,0,0,1,0,0,0,0,Fraud,None,2023-09-10,Maharashtra,0
1,39,1,1,0,1,1,0,0.692,19,15,1,0,0,0,0,0,0,0,1,0,0,0,0,0,0,0,0,0,0,0,1,Extortion,Patang Syndicate,2025-09-18,Telangana,1
1,23,0,0,0,1,0,0,0.194,1,1,0,1,0,0,0,0,0,0,1,0,0,0,1,0,0,0,0,0,0,0,0,Car Theft,None,2021-09-18,Maharashtra,0
2,41,0,0,0,1,1,0,0.468,9,4,0,0,0,1,0,0,0,0,0,1,0,0,0,0,0,1,0,0,0,0,0,Fraud,None,2019-12-03,Bihar,0
1,28,1,1,0,0,1,3,0.781,8,7,0,0,1,0,0,0,1,0,0,0,0,0,0,0,0,0,0,0,1,0,0,Kidnapping,Patang Syndicate,2018-08-19,Punjab,1
1,26,0,0,0,1,0,0,0.408,23,3,0,0,1,0,0,0,0,0,0,0,0,1,0,0,0,0,1,0,0,0,0,Car Theft,None,2023-09-21,Madhya Pradesh,0
1,37,0,0,0,0,0,2,0.31,2,0,1,0,0,0,0,0,1,0,0,0,0,0,0,0,1,0,0,0,0,0,0,Assault,None,2021-04-20,Madhya Pradesh,0
3,35,0,0,0,1,0,1,0.668,17,1,0,0,0,1,0,0,0,0,0,1,0,0,1,0,0,0,0,0,0,0,0,Kidnapping,None,2023-12-16,Delhi,1
1,36,0,0,0,1,0,1,0.126,8,3,1,0,0,0,0,0,0,0,0,1,0,0,0,0,0,1,0,0,0,0,0,Fraud,None,2019-06-22,Uttar Pradesh,1
4,39,1,0,0,1,0,0,0.569,15,14,0,0,0,0,1,0,0,0,0,1,0,0,0,0,0,1,0,0,0,0,0,Money Laundering,Kaala Bichhoo Gang,2025-12-20,Kerala,1
1,20,0,0,0,1,0,0,0.425,0,0,0,0,1,0,0,0,0,0,1,0,0,0,0,0,0,1,0,0,0,0,0,Car Theft,None,2020-04-25,Tamil Nadu,0
5,31,0,0,0,1,0,2,0.288,19,3,1,0,0,0,0,0,0,1,0,0,0,0,1,0,0,0,0,0,0,0,0,Burglary,None,2023-02-28,Gujarat,1
3,41,1,1,1,1,0,0,0.592,16,7,0,1,0,0,0,0,0,0,0,0,0,1,0,0,0,0,0,1,0,0,0,Arms Trafficking,Kaala Bichhoo Gang,2023-07-04,Kerala,0
1,32,0,1,0,0,0,6,0.685,3,7,0,0,1,0,0,0,1,0,0,0,0,0,0,0,0,0,0,1,0,0,0,Kidnapping,None,2021-02-12,Gujarat,1
1,22,0,0,0,0,0,1,0.222,2,5,1,0,0,0,0,0,0,0,0,1,0,0,1,0,0,0,0,0,0,0,0,Burglary,None,2019-01-19,Delhi,0
2,41,0,1,0,1,0,1,0.534,1,3,0,1,0,0,0,0,1,0,0,0,0,0,0,0,0,0,0,1,0,0,0,Arms Trafficking,None,2023-12-09,Bihar,0
0,29,0,1,0,0,0,0,0.424,2,3,0,0,0,0,0,1,1,0,0,0,0,0,0,0,0,0,0,0,1,0,0,Kidnapping,None,2024-01-07,Kerala,0
2,25,0,0,0,0,0,3,0.239,17,0,1,0,0,0,0,0,0,1,0,0,0,0,0,0,1,0,0,0,0,0,0,Assault,None,2020-01-31,West Bengal,0
1,16,0,0,0,0,0,0,0.435,9,2,0,1,0,0,0,0,0,1,0,0,0,0,1,0,0,0,0,0,0,0,0,Vandalism,None,2021-09-03,Gujarat,1
0,33,0,1,0,0,0,0,0.184,21,2,0,0,1,0,0,0,0,0,1,0,0,0,0,0,0,0,1,0,0,0,0,Car Theft,None,2024-09-08,Punjab,0
3,34,0,0,1,1,0,0,0.2,17,2,1,0,0,0,0,0,0,0,0,1,0,0,0,0,0,1,0,0,0,0,0,Fraud,None,2019-08-17,Uttar Pradesh,0
2,39,0,0,0,0,0,1,0.69,23,2,0,0,1,0,0,0,1,0,0,0,0,0,0,0,1,0,0,0,0,0,0,Assault,None,2025-08-14,Tamil Nadu,0
2,24,0,0,0,1,0,1,0.135,16,0,0,0,0,0,0,1,0,0,0,1,0,0,0,0,0,1,0,0,0,0,0,Cybercrime,None,2024-04-20,Gujarat,0
0,45,1,0,0,1,1,0,0.681,22,5,0,0,0,0,1,0,0,0,0,1,0,0,0,0,0,1,0,0,0,0,0,Money Laundering,Kaala Bichhoo Gang,2018-03-18,Kerala,1
0,40,0,1,1,1,1,1,0.374,0,7,0,0,0,1,0,0,1,0,0,0,0,0,0,0,0,0,0,0,1,0,0,Human Trafficking,None,2024-08-21,Maharashtra,0
0,30,0,0,0,1,0,0,0.09,12,3,0,0,1,0,0,0,0,0,1,0,0,0,1,0,0,0,0,0,0,0,0,Car Theft,None,2018-07-29,Madhya Pradesh,0
1,26,0,0,1,1,0,1,0.251,0,5,1,0,0,0,0,0,0,0,0,0,0,1,0,0,0,0,0,1,0,0,0,Drug Trafficking,None,2018-04-18,Bihar,0
1,30,0,1,0,1,0,2,0.58,19,7,1,0,0,0,0,0,1,0,0,0,0,0,0,0,0,0,0,1,0,0,0,Kidnapping,None,2025-12-18,Madhya Pradesh,1
4,37,1,0,0,1,1,2,0.766,13,10,0,0,0,1,0,0,1,0,0,0,0,0,0,0,0,0,0,0,1,0,0,Kidnapping,Patang Syndicate,2023-11-30,Telangana,1
0,21,0,0,0,1,0,0,0.329,0,4,0,0,1,0,0,0,0,1,0,0,0,0,0,0,0,0,0,0,0,1,0,Vandalism,None,2025-03-19,Karnataka,0
1,22,0,0,1,0,0,1,0.245,3,1,0,0,0,0,0,1,0,1,0,0,0,0,0,0,0,0,0,0,0,1,0,Arson,None,2019-12-08,Madhya Pradesh,0
3,36,0,0,1,1,1,1,0.71,22,4,0,0,0,1,0,0,1,0,0,0,0,0,0,0,0,0,0,1,0,0,0,Human Trafficking,None,2023-02-14,Punjab,1
2,34,1,0,0,1,1,3,0.28,19,11,1,0,0,0,0,0,0,0,0,1,0,0,1,0,0,0,0,0,0,0,0,Burglary,Patang Syndicate,2022-01-05,Punjab,0
2,39,0,0,1,1,0,3,0.401,0,7,1,0,0,0,0,0,1,0,0,0,0,0,0,0,0,1,0,0,0,0,0,Human Trafficking,None,2024-11-14,Delhi,0
0,30,0,0,0,1,0,0,0.167,20,3,0,0,0,0,0,1,0,0,0,0,1,0,0,0,0,1,0,0,0,0,0,Fraud,None,2021-02-10,Gujarat,0
1,21,0,0,0,1,1,0,0.252,9,2,0,0,0,0,0,1,0,0,0,1,0,0,0,0,0,0,1,0,0,0,0,Cybercrime,None,2023-10-11,Madhya Pradesh,0
1,35,1,1,0,1,0,3,0.452,10,9,1,0,0,0,0,0,0,0,0,0,0,1,0,0,0,1,0,0,0,0,0,Arms Trafficking,Kaala Bichhoo Gang,2024-03-06,Kerala,1
2,34,0,1,0,0,0,4,0.572,4,3,0,1,0,0,0,0,1,0,0,0,0,0,0,0,1,0,0,0,0,0,0,Murder,None,2023-01-17,Maharashtra,1
1,33,1,1,0,1,0,5,0.762,20,9,0,0,1,0,0,0,1,0,0,0,0,0,0,1,0,0,0,0,0,0,0,Extortion,Teen Talwar Gang,2018-05-18,Tamil Nadu,0
0,18,0,0,0,1,0,1,0.148,22,1,1,0,0,0,0,0,0,0,0,1,0,0,1,0,0,0,0,0,0,0,0,Burglary,None,2024-09-23,Gujarat,0
4,33,1,1,1,0,0,4,0.685,21,2,0,0,1,0,0,0,1,0,0,0,0,0,0,0,1,0,0,0,0,0,0,Murder,Teen Talwar Gang,2018-04-19,Gujarat,1
4,44,0,0,0,1,1,1,0.446,18,2,0,1,0,0,0,0,0,0,0,1,0,0,0,0,0,1,0,0,0,0,0,Money Laundering,None,2024-06-21,Haryana,0
3,19,0,0,1,0,0,3,0.407,2,4,1,0,0,0,0,0,0,0,0,1,0,0,0,0,0,0,0,1,0,0,0,Drug Trafficking,None,2023-06-22,Gujarat,0
1,21,0,0,0,1,1,1,0.379,18,1,0,0,0,0,0,1,0,0,0,1,0,0,0,0,0,0,1,0,0,0,0,Cybercrime,None,2018-03-26,Uttar Pradesh,0
4,25,0,0,0,1,0,0,0.085,19,0,0,1,0,0,0,0,0,0,1,0,0,0,1,0,0,0,0,0,0,0,0,Car Theft,None,2019-10-11,Rajasthan,1
2,19,0,1,0,0,1,5,0.361,0,2,0,0,1,0,0,0,1,0,0,0,0,0,0,1,0,0,0,0,0,0,0,Assault,None,2024-04-11,Gujarat,0
4,28,0,1,0,1,0,2,0.692,14,3,0,0,0,1,0,0,0,0,0,0,0,1,0,1,0,0,0,0,0,0,0,Arms Trafficking,None,2018-10-11,West Bengal,0
3,42,0,0,0,1,1,0,0.389,10,3,0,0,0,0,1,0,0,0,0,1,0,0,0,0,0,1,0,0,0,0,0,Fraud,None,2020-01-27,Uttar Pradesh,0
1,28,0,0,0,1,0,0,0.577,20,3,1,0,0,0,0,0,0,0,1,0,0,0,1,0,0,0,0,0,0,0,0,Car Theft,None,2025-11-18,Rajasthan,0
6,27,1,1,0,0,0,8,0.793,1,2,1,0,0,0,0,0,1,0,0,0,0,0,0,0,1,0,0,0,0,0,0,Murder,Teen Talwar Gang,2023-11-07,Gujarat,1
1,27,0,0,0,1,0,2,0.208,4,2,0,0,0,1,0,0,0,0,0,0,0,1,0,0,0,0,0,1,0,0,0,Drug Trafficking,None,2020-01-07,Maharashtra,0
1,21,0,0,1,0,0,0,0.47,22,4,1,0,0,0,0,0,1,0,0,0,0,0,0,0,0,0,0,1,0,0,0,Drug Trafficking,None,2019-07-31,Bihar,0
4,46,1,1,0,1,0,4,0.653,17,14,1,0,0,0,0,0,1,0,0,0,0,0,0,0,0,1,0,0,0,0,0,Human Trafficking,Patang Syndicate,2019-06-02,Punjab,1
2,30,1,1,0,1,0,5,0.546,3,16,1,0,0,0,0,0,0,0,0,0,0,1,0,0,0,0,0,1,0,0,0,Arms Trafficking,Kaala Bichhoo Gang,2025-06-28,Kerala,1
0,33,0,1,0,0,0,0,0.234,3,1,0,0,1,0,0,0,0,1,0,0,0,0,0,0,0,0,0,0,0,1,0,Vandalism,None,2021-07-07,Gujarat,0
2,25,1,0,1,1,1,2,0.761,18,3,1,0,0,0,0,0,0,0,1,0,0,0,1,0,0,0,0,0,0,0,0,Car Theft,Kaali Billi Crew,2019-03-28,Madhya Pradesh,0
2,29,1,1,0,1,0,4,0.639,11,15,0,0,0,1,0,0,0,0,0,1,0,0,0,0,0,0,0,0,1,0,0,Kidnapping,Patang Syndicate,2018-09-18,Telangana,0
2,36,1,1,0,0,0,2,0.651,4,6,0,0,0,1,0,0,0,0,0,1,0,0,0,0,0,0,0,1,0,0,0,Arms Trafficking,Kaala Bichhoo Gang,2019-01-02,Maharashtra,1
1,40,0,1,1,0,0,1,0.37,18,4,0,0,0,1,0,0,0,0,0,0,0,1,0,0,0,0,0,1,0,0,0,Arms Trafficking,None,2020-12-26,Rajasthan,1
2,36,0,1,0,0,0,1,0.387,1,1,0,0,1,0,0,0,0,0,0,0,0,1,0,0,1,0,0,0,0,0,0,Assault,None,2022-01-29,West Bengal,1
1,38,0,1,0,1,0,2,0.428,12,2,0,0,0,1,0,0,1,0,0,0,0,0,0,0,0,0,0,0,1,0,0,Kidnapping,None,2021-05-29,Telangana,1
0,21,0,0,1,1,0,2,0.181,15,5,1,0,0,0,0,0,0,0,1,0,0,0,0,0,0,0,0,1,0,0,0,Drug Trafficking,None,2019-01-15,Bihar,0
0,28,1,1,0,1,0,6,0.822,11,16,1,0,0,0,0,0,0,0,0,0,0,1,0,0,0,0,0,1,0,0,0,Arms Trafficking,Teen Talwar Gang,2025-09-03,Gujarat,0
3,47,1,0,1,1,0,0,0.278,11,14,0,1,0,0,0,0,0,0,0,1,0,0,0,0,0,1,0,0,0,0,0,Money Laundering,Kaala Bichhoo Gang,2025-02-13,Maharashtra,1
4,27,1,0,0,1,0,0,0.26,23,4,1,0,0,0,0,0,0,1,0,0,0,0,0,0,0,1,0,0,0,0,0,Burglary,Kaali Billi Crew,2019-01-28,Haryana,1
3,31,0,0,0,1,1,0,0.464,12,3,0,0,0,0,0,1,0,0,0,0,1,0,0,0,0,0,1,0,0,0,0,Cybercrime,None,2025-01-09,Tamil Nadu,0
0,26,0,0,1,0,0,0,0.067,2,0,1,0,0,0,0,0,0,1,0,0,0,0,0,0,0,0,0,0,0,1,0,Vandalism,None,2025-01-08,Uttar Pradesh,0
1,37,0,0,0,1,0,3,0.583,12,5,0,0,1,0,0,0,1,0,0,0,0,0,0,0,1,0,0,0,0,0,0,Assault,None,2020-07-13,Madhya Pradesh,1
2,26,0,0,0,1,0,2,0.739,4,0,0,0,1,0,0,0,1,0,0,0,0,0,0,0,1,0,0,0,0,0,0,Assault,None,2022-05-12,Haryana,1
1,31,0,0,0,1,0,2,0.474,8,2,0,1,0,0,0,0,0,0,0,1,0,0,0,0,0,0,0,0,0,0,1,Extortion,None,2021-08-01,Karnataka,1
3,25,1,1,0,1,0,3,0.513,3,6,0,0,1,0,0,0,0,0,0,0,1,0,0,1,0,0,0,0,0,0,0,Robbery,Lal Toofan Crew,2022-03-13,Rajasthan,1
0,25,0,0,0,0,0,0,0.463,22,3,1,0,0,0,0,0,0,0,0,1,0,0,1,0,0,0,0,0,0,0,0,Burglary,None,2019-06-07,Bihar,0
1,33,0,1,0,1,1,1,0.256,12,2,0,1,0,0,0,0,0,0,0,1,0,0,0,0,0,0,0,0,0,0,1,Extortion,None,2019-09-18,Uttar Pradesh,1
5,48,0,0,1,1,0,2,0.17,3,3,0,0,0,1,0,0,1,0,0,0,0,0,0,0,0,1,0,0,0,0,0,Human Trafficking,None,2022-11-16,Haryana,1
1,34,0,1,0,0,0,4,0.742,20,1,0,0,1,0,0,0,1,0,0,0,0,0,0,0,1,0,0,0,0,0,0,Murder,None,2022-08-14,Bihar,1
0,25,0,1,0,1,0,2,0.64,3,7,0,0,0,1,0,0,0,0,0,0,0,1,0,0,0,0,0,1,0,0,0,Arms Trafficking,None,2021-11-01,Gujarat,1
1,37,0,0,1,0,0,0,0.502,12,1,0,0,1,0,0,0,1,0,0,0,0,0,0,0,1,0,0,0,0,0,0,Assault,None,2024-10-22,Maharashtra,0
0,36,0,0,1,1,1,0,0.195,10,0,0,0,0,0,1,0,0,0,0,1,0,0,0,0,0,1,0,0,0,0,0,Fraud,None,2023-06-18,Delhi,0
1,26,0,0,0,1,0,3,0.2,18,3,0,0,1,0,0,0,0,1,0,0,0,0,0,0,1,0,0,0,0,0,0,Assault,None,2021-03-07,West Bengal,0
3,16,1,0,0,1,0,3,0.598,1,3,0,1,0,0,0,0,0,1,0,0,0,0,0,0,0,1,0,0,0,0,0,Burglary,Lal Toofan Crew,2023-08-20,Rajasthan,1
2,20,1,1,0,1,0,1,0.759,20,8,0,0,0,1,0,0,0,0,0,1,0,0,0,1,0,0,0,0,0,0,0,Robbery,Lal Toofan Crew,2022-03-11,Delhi,1
2,33,0,0,0,1,0,0,0.527,16,2,0,0,0,0,0,1,0,0,0,1,0,0,0,0,0,1,0,0,0,0,0,Fraud,None,2020-12-16,Kerala,0
2,31,0,0,0,0,0,2,0.282,17,1,0,0,1,0,0,0,1,0,0,0,0,0,0,0,0,0,0,0,1,0,0,Assault,None,2022-07-09,Karnataka,0
2,31,0,0,1,1,0,0,0.058,16,3,0,0,0,0,1,0,0,0,0,0,1,0,0,0,0,1,0,0,0,0,0,Fraud,None,2018-08-02,Tamil Nadu,1
1,21,1,0,0,1,0,2,0.329,1,2,0,0,1,0,0,0,0,0,1,0,0,0,1,0,0,0,0,0,0,0,0,Car Theft,Kaali Billi Crew,2020-06-18,Haryana,1
1,44,0,0,0,1,0,0,0.245,11,0,0,0,0,0,1,0,0,0,0,1,0,0,0,0,0,1,0,0,0,0,0,Fraud,None,2024-03-22,Tamil Nadu,0
2,16,1,0,0,1,0,1,0.607,8,4,0,0,0,0,1,0,0,1,0,0,0,0,0,0,0,0,0,0,0,1,0,Vandalism,Kaali Billi Crew,2019-03-01,Madhya Pradesh,0
2,48,1,0,0,1,1,2,0.536,9,3,0,1,0,0,0,0,0,0,0,1,0,0,0,0,0,1,0,0,0,0,0,Money Laundering,Neela Saanp Syndicate,2018-10-28,West Bengal,1
6,45,1,1,0,0,0,3,0.506,12,5,1,0,0,0,0,0,1,0,0,0,0,0,0,0,1,0,0,0,0,0,0,Murder,Teen Talwar Gang,2024-05-19,Tamil Nadu,1
1,45,1,1,0,0,0,3,0.576,19,9,0,0,0,1,0,0,0,0,0,0,0,1,0,0,0,0,0,1,0,0,0,Arms Trafficking,Teen Talwar Gang,2019-04-30,Gujarat,1
0,31,0,0,0,0,0,0,0.275,19,2,0,0,0,1,0,0,1,0,0,0,0,0,0,0,0,0,0,0,1,0,0,Kidnapping,None,2021-05-02,Bihar,0
1,33,0,0,0,0,0,4,0.22,20,1,1,0,0,0,0,0,1,0,0,0,0,0,0,0,1,0,0,0,0,0,0,Assault,None,2020-11-13,Maharashtra,1
1,19,0,0,0,0,0,2,0.379,23,1,0,0,1,0,0,0,0,1,0,0,0,0,0,0,0,0,0,0,0,1,0,Vandalism,None,2018-04-10,West Bengal,0
0,42,1,1,0,1,0,1,0.714,14,0,0,0,1,0,0,0,1,0,0,0,0,0,0,0,0,0,0,0,0,0,1,Extortion,Teen Talwar Gang,2022-07-02,Tamil Nadu,0
1,40,0,1,0,1,1,0,0.424,16,2,0,0,0,0,1,0,0,0,0,1,0,0,0,0,0,1,0,0,0,0,0,Fraud,None,2019-09-28,Uttar Pradesh,0
3,32,0,0,1,1,0,4,0.482,17,6,0,1,0,0,0,0,0,0,0,0,0,1,0,0,0,0,0,1,0,0,0,Drug Trafficking,None,2024-04-01,Bihar,1
6,32,1,0,0,1,0,0,0.557,20,6,0,0,0,0,1,0,0,1,0,0,0,0,1,0,0,0,0,0,0,0,0,Burglary,Patang Syndicate,2023-11-23,Telangana,1
3,41,0,1,0,0,0,7,0.674,2,2,0,0,1,0,0,0,0,1,0,0,0,0,0,1,0,0,0,0,0,0,0,Murder,None,2024-01-22,Gujarat,1
0,40,0,1,0,1,0,4,0.061,22,7,1,0,0,0,0,0,0,0,1,0,0,0,0,0,0,0,0,1,0,0,0,Arms Trafficking,None,2022-12-12,Bihar,0
1,27,0,0,0,0,0,0,0.223,9,6,0,0,1,0,0,0,0,0,0,0,0,1,0,0,0,0,0,0,0,0,1,Human Trafficking,None,2023-07-23,Bihar,0
3,35,0,1,0,1,0,1,0.249,23,7,0,0,0,1,0,0,0,0,0,0,0,1,0,0,0,0,0,1,0,0,0,Arms Trafficking,None,2022-04-22,Uttar Pradesh,0
1,16,0,0,0,0,1,1,0.799,20,2,0,0,0,0,0,1,0,0,0,1,0,0,0,0,0,0,1,0,0,0,0,Cybercrime,None,2025-03-10,Bihar,0
3,36,1,1,1,1,0,3,0.834,4,11,0,0,0,0,1,0,0,0,0,1,0,0,0,0,0,1,0,0,0,0,0,Arms Trafficking,Teen Talwar Gang,2021-06-05,Tamil Nadu,1
1,20,0,0,0,1,0,0,0.495,23,2,0,1,0,0,0,0,0,0,0,1,0,0,0,0,1,0,0,0,0,0,0,Burglary,None,2020-06-02,Uttar Pradesh,0
1,24,0,0,0,0,0,0,0.5,4,2,1,0,0,0,0,0,0,0,1,0,0,0,0,0,0,0,0,0,0,1,0,Arson,None,2018-10-03,Gujarat,1
1,26,0,0,0,1,1,3,0.436,15,1,0,0,0,0,0,1,0,0,0,1,0,0,0,0,0,0,0,0,0,0,1,Extortion,None,2018-05-29,Haryana,0
0,21,0,0,0,0,0,1,0.49,11,2,1,0,0,0,0,0,0,1,0,0,0,0,1,0,0,0,0,0,0,0,0,Burglary,None,2023-07-28,Tamil Nadu,1
0,34,1,1,0,1,0,2,0.301,21,5,0,1,0,0,0,0,0,0,0,0,0,1,0,0,0,0,0,1,0,0,0,Arms Trafficking,Kaala Bichhoo Gang,2022-03-03,Maharashtra,0
2,38,1,1,1,1,0,3,0.227,22,8,0,0,0,0,0,1,0,0,0,1,0,0,0,1,0,0,0,0,0,0,0,Extortion,Patang Syndicate,2022-10-08,Punjab,1
5,38,1,1,0,1,0,2,0.796,1,10,0,0,0,1,0,0,0,0,0,0,0,1,0,0,0,0,0,1,0,0,0,Arms Trafficking,Kaala Bichhoo Gang,2018-12-26,Maharashtra,1
1,27,0,1,1,1,1,1,0.272,0,3,1,0,0,0,0,0,0,0,0,0,0,1,0,0,0,0,0,1,0,0,0,Drug Trafficking,None,2024-04-27,Bihar,0
0,25,0,0,0,1,1,1,0.274,16,1,0,0,0,0,0,1,0,0,0,1,0,0,0,0,0,0,0,0,0,1,0,Fraud,None,2023-10-18,West Bengal,0
0,16,0,0,0,1,1,0,0.102,0,3,0,0,1,0,0,0,0,0,1,0,0,0,1,0,0,0,0,0,0,0,0,Car Theft,None,2021-11-04,Karnataka,0
1,20,0,0,1,1,0,0,0.145,17,7,1,0,0,0,0,0,0,0,0,0,0,1,0,0,0,0,0,1,0,0,0,Drug Trafficking,None,2019-02-19,Gujarat,1
3,40,0,0,0,1,0,0,0.16,15,3,0,1,0,0,0,0,0,0,0,1,0,0,0,0,0,1,0,0,0,0,0,Fraud,None,2024-10-05,Uttar Pradesh,0
0,39,0,0,0,1,1,0,0.267,11,5,1,0,0,0,0,0,0,0,0,1,0,0,0,0,0,1,0,0,0,0,0,Fraud,None,2018-09-07,Karnataka,0
2,16,1,0,0,0,1,5,0.501,11,2,0,0,1,0,0,0,0,1,0,0,0,0,0,0,0,0,0,0,0,1,0,Vandalism,Kaali Billi Crew,2018-10-26,Haryana,1
1,22,0,0,0,1,1,0,0.15,14,3,0,0,0,0,0,1,0,0,0,1,0,0,0,0,0,0,1,0,0,0,0,Cybercrime,None,2024-07-01,Rajasthan,0
0,26,0,0,0,0,0,1,0.306,20,0,0,0,1,0,0,0,0,1,0,0,0,0,0,0,0,0,0,0,0,1,0,Vandalism,None,2024-07-19,West Bengal,0
1,29,0,0,0,1,0,1,0.42,19,3,0,1,0,0,0,0,0,0,0,0,0,1,0,0,0,0,0,1,0,0,0,Arms Trafficking,None,2018-04-16,Uttar Pradesh,0
3,43,1,0,0,1,0,0,0.692,16,10,0,0,0,0,1,0,0,0,0,1,0,0,0,0,0,1,0,0,0,0,0,Money Laundering,Kaala Bichhoo Gang,2024-11-23,Maharashtra,0
2,25,0,0,0,0,0,2,0.713,9,2,1,0,0,0,0,0,1,0,0,0,0,0,0,0,0,0,0,0,0,0,1,Kidnapping,None,2022-04-23,Rajasthan,1
1,25,0,0,0,0,1,1,0.728,17,4,0,0,0,0,0,1,0,0,0,1,0,0,1,0,0,0,0,0,0,0,0,Extortion,None,2018-10-06,Uttar Pradesh,0
6,27,1,1,0,1,0,2,0.428,15,8,0,0,1,0,0,0,0,0,0,0,0,1,0,0,0,0,0,1,0,0,0,Arms Trafficking,Kaala Bichhoo Gang,2018-03-22,Kerala,1
1,23,0,0,0,1,0,1,0.216,20,1,0,0,1,0,0,0,0,1,0,0,0,0,0,0,0,0,0,0,0,1,0,Vandalism,None,2023-08-15,Bihar,0
2,29,0,1,1,0,0,2,0.395,0,2,0,0,1,0,0,0,0,1,0,0,0,0,0,0,0,0,0,1,0,0,0,Drug Trafficking,None,2018-04-13,Rajasthan,0
1,37,0,0,0,1,1,0,0.586,10,4,0,1,0,0,0,0,0,0,0,1,0,0,0,0,0,1,0,0,0,0,0,Money Laundering,None,2018-12-06,Gujarat,0
1,55,1,0,0,1,1,1,0.405,1,4,0,0,0,0,1,0,0,0,0,1,0,0,0,0,0,1,0,0,0,0,0,Money Laundering,Kaala Bichhoo Gang,2021-01-07,Maharashtra,0
4,30,0,0,1,0,0,1,0.228,9,1,1,0,0,0,0,0,0,0,0,0,0,1,0,0,0,1,0,0,0,0,0,Drug Trafficking,None,2024-06-18,Kerala,0
0,25,0,0,0,0,0,1,0.582,22,2,0,0,1,0,0,0,1,0,0,0,0,0,0,0,1,0,0,0,0,0,0,Assault,None,2022-03-12,Tamil Nadu,0
0,31,0,0,0,1,1,0,0.3,13,4,0,1,0,0,0,0,0,0,0,0,1,0,0,0,0,0,1,0,0,0,0,Cybercrime,None,2021-09-03,Uttar Pradesh,0
0,51,0,0,0,1,1,0,0.433,10,5,0,0,0,1,0,0,0,0,0,1,0,0,0,0,0,0,1,0,0,0,0,Money Laundering,None,2020-12-22,Tamil Nadu,0
4,42,1,0,0,1,1,1,0.8,12,15,0,0,0,0,0,1,0,0,0,1,0,0,0,0,0,1,0,0,0,0,0,Money Laundering,Neela Saanp Syndicate,2023-11-27,West Bengal,0
0,24,0,0,0,1,0,6,0.354,23,5,1,0,0,0,0,0,1,0,0,0,0,0,0,0,0,0,0,0,1,0,0,Kidnapping,None,2018-08-18,Uttar Pradesh,0
0,34,0,0,0,1,1,0,0.347,13,1,1,0,0,0,0,0,0,0,0,1,0,0,0,0,0,0,0,0,1,0,0,Fraud,None,2025-11-19,Madhya Pradesh,0
6,50,1,1,0,1,0,4,0.728,23,9,1,0,0,0,0,0,1,0,0,0,0,0,0,1,0,0,0,0,0,0,0,Murder,Teen Talwar Gang,2019-09-29,Tamil Nadu,1
1,28,0,0,0,1,0,0,0.199,4,0,0,0,0,0,1,0,0,1,0,0,0,0,1,0,0,0,0,0,0,0,0,Burglary,None,2023-02-05,Haryana,0
0,32,0,0,0,1,0,0,0.303,16,3,1,0,0,0,0,0,0,0,1,0,0,0,1,0,0,0,0,0,0,0,0,Car Theft,None,2019-04-11,Uttar Pradesh,0
1,35,0,0,0,1,0,2,0.433,0,2,1,0,0,0,0,0,0,1,0,0,0,0,1,0,0,0,0,0,0,0,0,Burglary,None,2025-10-16,Tamil Nadu,0
1,29,0,1,0,1,1,3,0.36,16,6,1,0,0,0,0,0,1,0,0,0,0,0,0,0,0,1,0,0,0,0,0,Kidnapping,None,2022-09-13,Uttar Pradesh,0
3,43,1,1,0,1,0,8,0.657,11,8,1,0,0,0,0,0,1,0,0,0,0,0,0,0,1,0,0,0,0,0,0,Murder,Teen Talwar Gang,2018-08-08,Tamil Nadu,1
3,27,1,1,0,1,0,3,0.589,16,4,0,0,0,1,0,0,0,0,0,0,0,1,0,0,0,0,0,1,0,0,0,Arms Trafficking,Kaala Bichhoo Gang,2020-10-31,Kerala,1
0,28,0,0,0,0,0,1,0.465,3,4,1,0,0,0,0,0,0,0,1,0,0,0,0,0,0,1,0,0,0,0,0,Car Theft,None,2020-04-28,Uttar Pradesh,1
3,24,0,0,0,0,0,0,0.198,1,4,0,0,1,0,0,0,0,0,1,0,0,0,1,0,0,0,0,0,0,0,0,Car Theft,None,2024-05-31,Haryana,1
2,41,0,0,0,1,0,2,0.286,4,9,0,0,0,1,0,0,0,0,0,0,0,1,0,0,0,0,0,1,0,0,0,Drug Trafficking,None,2021-05-27,Haryana,1
2,32,0,0,1,1,0,1,0.334,15,6,1,0,0,0,0,0,1,0,0,0,0,0,0,0,0,0,0,0,1,0,0,Human Trafficking,None,2020-03-08,Gujarat,0
1,21,0,0,1,0,0,2,0.632,23,1,1,0,0,0,0,0,0,0,0,1,0,0,1,0,0,0,0,0,0,0,0,Burglary,None,2024-12-26,Karnataka,0
0,35,0,0,0,1,0,1,0.153,1,1,0,1,0,0,0,0,0,1,0,0,0,0,1,0,0,0,0,0,0,0,0,Burglary,None,2022-12-06,Bihar,0
2,31,0,0,0,1,1,0,0.119,18,0,0,0,0,0,0,1,0,0,0,0,1,0,0,0,0,0,1,0,0,0,0,Cybercrime,None,2018-05-06,Delhi,0
2,24,0,1,0,1,0,1,0.662,22,0,1,0,0,0,0,0,0,0,1,0,0,0,0,0,0,0,0,1,0,0,0,Car Theft,None,2022-04-16,Kerala,1
2,40,0,0,0,1,1,0,0.434,14,2,0,0,0,0,0,1,0,0,0,0,1,0,0,0,0,1,0,0,0,0,0,Fraud,None,2022-11-13,Rajasthan,1
1,31,0,0,0,1,0,1,0.141,13,7,0,0,1,0,0,0,1,0,0,0,0,0,0,0,0,0,0,0,0,1,0,Kidnapping,None,2021-04-13,Karnataka,0
4,33,0,0,0,0,0,1,0.308,22,2,0,0,1,0,0,0,0,0,1,0,0,0,1,0,0,0,0,0,0,0,0,Car Theft,None,2023-08-10,Bihar,1
3,37,0,0,1,1,0,2,0.391,0,5,0,0,1,0,0,0,0,0,0,0,0,1,0,0,0,0,0,0,0,0,1,Drug Trafficking,None,2021-07-11,Karnataka,0
3,37,0,0,0,1,0,0,0.63,8,1,0,0,0,0,0,1,0,0,0,1,0,0,0,0,0,1,0,0,0,0,0,Fraud,None,2020-03-22,West Bengal,0
2,47,0,1,1,1,0,1,0.56,0,7,0,0,1,0,0,0,0,0,0,0,0,1,0,0,0,0,0,1,0,0,0,Drug Trafficking,None,2024-02-23,Tamil Nadu,1
2,36,0,0,0,1,0,0,0.219,12,3,0,0,1,0,0,0,0,0,0,1,0,0,0,0,0,0,0,0,0,0,1,Fraud,None,2020-09-14,Bihar,0
2,18,1,0,0,1,0,2,0.643,1,2,1,0,0,0,0,0,0,1,0,0,0,0,1,0,0,0,0,0,0,0,0,Burglary,Lal Toofan Crew,2021-02-22,Rajasthan,1
0,33,0,0,0,1,1,1,0.452,12,0,0,0,0,0,0,1,0,0,0,0,1,0,0,0,0,1,0,0,0,0,0,Fraud,None,2024-02-18,Uttar Pradesh,0
0,26,0,0,0,1,1,1,0.253,22,3,1,0,0,0,0,0,1,0,0,0,0,0,0,0,0,0,0,0,0,1,0,Car Theft,None,2023-01-07,Delhi,0
0,31,0,0,0,0,0,0,0.553,15,5,0,0,0,1,0,0,0,0,0,0,0,1,0,0,0,0,0,1,0,0,0,Drug Trafficking,None,2018-01-11,Madhya Pradesh,0
1,23,1,0,0,0,0,2,0.55,4,3,0,0,1,0,0,0,0,1,0,0,0,0,0,0,0,1,0,0,0,0,0,Car Theft,Lal Toofan Crew,2024-09-04,Rajasthan,0
1,30,0,0,0,1,0,1,0.079,1,1,1,0,0,0,0,0,0,1,0,0,0,0,1,0,0,0,0,0,0,0,0,Burglary,None,2021-04-15,Tamil Nadu,0
1,21,1,1,0,1,0,0,0.636,20,4,1,0,0,0,0,0,0,1,0,0,0,0,1,0,0,0,0,0,0,0,0,Burglary,Lal Toofan Crew,2018-05-03,Rajasthan,0
1,38,0,0,0,1,0,1,0.646,11,1,0,0,1,0,0,0,0,0,1,0,0,0,1,0,0,0,0,0,0,0,0,Car Theft,None,2019-10-27,Tamil Nadu,0
3,44,0,0,0,1,1,0,0.174,10,4,0,1,0,0,0,0,0,0,0,1,0,0,0,0,0,1,0,0,0,0,0,Money Laundering,None,2025-05-22,Gujarat,1
4,35,1,1,0,0,0,4,0.524,3,11,0,0,0,1,0,0,0,0,0,0,0,1,0,0,0,0,0,1,0,0,0,Arms Trafficking,Kaala Bichhoo Gang,2022-12-29,Kerala,0
3,36,1,0,0,0,1,1,0.186,11,4,0,0,0,0,0,1,0,0,0,1,0,0,0,0,0,0,1,0,0,0,0,Cybercrime,Neela Saanp Syndicate,2025-02-24,West Bengal,0
0,43,0,0,0,0,0,1,0.57,2,0,1,0,0,0,0,0,1,0,0,0,0,0,0,0,0,0,0,0,1,0,0,Kidnapping,None,2018-10-14,Madhya Pradesh,0
2,28,1,0,0,0,1,3,0.797,22,5,1,0,0,0,0,0,1,0,0,0,0,0,0,0,0,0,0,0,1,0,0,Kidnapping,Kaala Bichhoo Gang,2025-08-10,Kerala,1
1,17,0,0,1,1,0,1,0.419,21,5,0,0,1,0,0,0,0,0,0,0,0,1,0,0,0,0,0,1,0,0,0,Drug Trafficking,None,2018-07-23,Telangana,1
1,28,0,0,0,1,1,1,0.579,0,2,0,0,0,0,0,1,0,0,1,0,0,0,1,0,0,0,0,0,0,0,0,Car Theft,None,2024-05-23,Telangana,0
1,20,1,0,0,0,1,0,0.281,11,11,0,0,0,0,0,1,0,0,0,0,1,0,0,0,0,1,0,0,0,0,0,Fraud,Neela Saanp Syndicate,2020-03-03,West Bengal,1
2,30,1,1,0,0,1,5,0.719,0,15,0,0,0,1,0,0,1,0,0,0,0,0,0,0,0,0,0,0,0,0,1,Kidnapping,Patang Syndicate,2024-01-25,Telangana,1
5,35,1,0,0,1,0,3,0.632,11,14,0,0,0,1,0,0,0,0,0,0,0,1,0,0,0,0,0,1,0,0,0,Arms Trafficking,Kaala Bichhoo Gang,2022-02-21,Maharashtra,1
3,28,1,0,1,0,0,7,0.854,1,7,1,0,0,0,0,0,1,0,0,0,0,0,0,0,1,0,0,0,0,0,0,Assault,Teen Talwar Gang,2024-04-03,Tamil Nadu,0
2,34,1,1,0,1,1,1,0.64,19,11,0,1,0,0,0,0,0,0,0,1,0,0,0,0,0,0,0,0,0,0,1,Extortion,Patang Syndicate,2023-02-21,Punjab,1
0,23,0,0,0,0,1,0,0.377,11,0,0,0,0,0,1,0,0,0,0,0,1,0,0,0,0,1,0,0,0,0,0,Cybercrime,None,2019-02-14,Tamil Nadu,0
1,50,1,1,0,1,1,1,0.536,20,8,0,1,0,0,0,0,0,0,0,1,0,0,0,0,0,0,0,0,0,0,1,Extortion,Teen Talwar Gang,2025-07-19,Gujarat,0
2,26,0,1,0,0,0,2,0.239,3,2,1,0,0,0,0,0,0,0,1,0,0,0,0,0,0,0,0,0,0,1,0,Arson,None,2023-06-06,Madhya Pradesh,0
1,22,0,1,0,1,0,2,0.27,10,2,0,0,0,1,0,0,1,0,0,0,0,0,0,0,0,0,0,0,1,0,0,Kidnapping,None,2018-01-02,Rajasthan,1
7,43,1,0,0,0,1,4,0.567,9,10,0,0,0,0,0,1,0,0,0,1,0,0,0,0,0,0,0,0,0,0,1,Human Trafficking,Patang Syndicate,2024-03-20,Punjab,1
0,33,0,0,0,1,1,1,0.215,11,3,0,0,1,0,0,0,0,0,1,0,0,0,0,0,0,1,0,0,0,0,0,Car Theft,None,2022-01-05,Uttar Pradesh,0
2,29,1,1,1,1,0,0,0.528,1,14,0,0,0,1,0,0,0,0,0,0,0,1,0,0,0,0,0,1,0,0,0,Drug Trafficking,Kaala Bichhoo Gang,2024-05-06,Kerala,1
4,36,0,0,0,1,0,0,0.412,11,5,0,0,0,0,1,0,0,0,0,1,0,0,0,0,0,1,0,0,0,0,0,Fraud,None,2021-09-04,Delhi,1
0,31,0,0,0,1,1,0,0.224,14,2,0,0,0,0,1,0,0,0,0,1,0,0,0,0,0,1,0,0,0,0,0,Fraud,None,2019-04-23,Madhya Pradesh,0
2,27,0,1,0,1,1,0,0.36,12,3,0,0,0,1,0,0,0,0,0,0,0,1,0,1,0,0,0,0,0,0,0,Arms Trafficking,None,2018-10-10,Rajasthan,1
0,39,0,1,1,0,0,2,0.214,1,7,0,0,0,1,0,0,0,0,0,0,0,1,0,0,0,0,0,1,0,0,0,Drug Trafficking,None,2024-03-25,Uttar Pradesh,0
0,17,0,0,0,0,1,0,0.239,21,2,0,0,0,0,0,1,0,0,0,0,1,0,0,0,0,0,1,0,0,0,0,Cybercrime,None,2018-08-24,West Bengal,0
3,28,1,0,0,1,0,4,0.759,9,8,0,0,0,0,0,1,0,0,0,1,0,0,0,0,0,0,0,0,0,0,1,Extortion,Teen Talwar Gang,2023-02-06,Gujarat,1
6,58,1,1,0,1,0,2,0.709,23,11,0,1,0,0,0,0,0,0,0,1,0,0,0,0,0,0,0,0,0,0,1,Extortion,Teen Talwar Gang,2020-12-31,Tamil Nadu,1
4,49,0,0,1,1,0,3,0.63,21,1,0,0,0,1,0,0,0,0,0,0,0,1,0,0,0,0,0,1,0,0,0,Arms Trafficking,None,2024-11-05,Uttar Pradesh,1
2,28,1,1,1,0,0,3,0.551,0,1,0,0,0,1,0,0,1,0,0,0,0,0,0,0,1,0,0,0,0,0,0,Assault,Kaali Billi Crew,2024-10-19,Haryana,1
1,21,1,0,0,0,0,0,0.49,20,0,1,0,0,0,0,0,0,0,1,0,0,0,0,0,0,0,1,0,0,0,0,Car Theft,Kaali Billi Crew,2021-06-26,Haryana,1
6,37,1,1,0,1,0,6,0.704,0,9,0,0,0,1,0,0,0,0,0,0,0,1,0,1,0,0,0,0,0,0,0,Arms Trafficking,Teen Talwar Gang,2021-04-05,Gujarat,1
5,22,1,0,0,1,1,1,0.562,9,7,0,0,0,0,0,1,0,0,0,1,0,0,0,0,0,0,1,0,0,0,0,Cybercrime,Neela Saanp Syndicate,2018-07-26,West Bengal,1
2,23,1,0,0,1,0,2,0.45,4,3,0,0,1,0,0,0,0,0,0,1,0,0,1,0,0,0,0,0,0,0,0,Burglary,Lal Toofan Crew,2020-03-25,Rajasthan,0
1,20,1,0,1,1,0,2,0.499,16,11,0,0,0,1,0,0,0,0,0,0,0,1,0,0,0,0,0,1,0,0,0,Drug Trafficking,Kaala Bichhoo Gang,2020-02-21,Maharashtra,1
1,24,1,0,0,1,0,6,0.581,23,6,1,0,0,0,0,0,0,1,0,0,0,0,1,0,0,0,0,0,0,0,0,Burglary,Lal Toofan Crew,2023-09-26,Rajasthan,0
2,16,1,0,0,1,0,3,0.542,2,3,1,0,0,0,0,0,0,1,0,0,0,0,1,0,0,0,0,0,0,0,0,Burglary,Kaali Billi Crew,2018-07-03,Haryana,1
2,22,0,0,0,1,1,0,0.445,9,2,1,0,0,0,0,0,0,0,1,0,0,0,1,0,0,0,0,0,0,0,0,Car Theft,None,2020-11-26,Madhya Pradesh,0
0,30,0,0,0,1,0,0,0.22,3,0,0,0,1,0,0,0,0,0,1,0,0,0,0,0,0,0,1,0,0,0,0,Car Theft,None,2025-04-06,Uttar Pradesh,0
0,29,0,0,1,0,0,2,0.535,10,2,0,0,1,0,0,0,1,0,0,0,0,0,0,0,1,0,0,0,0,0,0,Assault,None,2021-12-14,Bihar,1
6,39,0,1,0,1,0,4,0.223,23,6,1,0,0,0,0,0,1,0,0,0,0,0,0,0,0,0,0,0,1,0,0,Kidnapping,None,2023-07-12,Bihar,1
0,43,1,1,0,0,1,5,0.345,2,3,0,0,0,1,0,0,1,0,0,0,0,0,0,0,1,0,0,0,0,0,0,Murder,Teen Talwar Gang,2018-06-08,Gujarat,1
1,23,1,0,0,0,1,1,0.519,12,7,0,1,0,0,0,0,0,0,1,0,0,0,1,0,0,0,0,0,0,0,0,Car Theft,Lal Toofan Crew,2019-08-17,Delhi,1
3,52,1,1,0,0,1,5,0.775,2,14,1,0,0,0,0,0,0,0,0,1,0,0,0,0,0,0,0,0,1,0,0,Kidnapping,Patang Syndicate,2021-12-03,Telangana,1
2,31,0,0,0,1,0,1,0.382,16,1,1,0,0,0,0,0,0,0,0,1,0,0,1,0,0,0,0,0,0,0,0,Burglary,None,2018-12-08,Gujarat,0
3,39,1,1,0,1,0,4,0.88,0,8,0,1,0,0,0,0,0,0,0,0,0,1,0,0,0,1,0,0,0,0,0,Arms Trafficking,Kaala Bichhoo Gang,2019-06-02,Maharashtra,1
2,28,0,1,0,1,1,1,0.187,12,5,0,0,0,0,0,1,0,0,0,1,0,0,0,0,0,0,0,0,0,0,1,Extortion,None,2022-08-14,Tamil Nadu,1
5,32,1,0,0,0,0,3,0.426,21,12,0,0,0,1,0,0,1,0,0,0,0,0,0,0,0,0,0,0,1,0,0,Kidnapping,Patang Syndicate,2020-08-14,Punjab,1
0,29,0,0,1,1,0,1,0.08,22,2,0,1,0,0,0,0,0,1,0,0,0,0,0,0,0,0,0,0,1,0,0,Burglary,None,2023-06-28,Haryana,1
1,37,0,0,1,0,0,2,0.381,8,2,0,0,1,0,0,0,1,0,0,0,0,0,0,0,1,0,0,0,0,0,0,Assault,None,2019-04-01,Uttar Pradesh,0
0,23,0,0,0,1,0,0,0.245,2,2,0,0,1,0,0,0,0,0,1,0,0,0,0,0,0,1,0,0,0,0,0,Car Theft,None,2023-03-02,Uttar Pradesh,0
0,26,0,0,0,1,0,0,0.335,2,2,0,0,0,0,0,1,0,0,1,0,0,0,1,0,0,0,0,0,0,0,0,Car Theft,None,2021-08-20,Rajasthan,0
1,34,0,1,0,1,0,3,0.483,22,2,0,0,0,1,0,0,0,0,0,0,0,1,0,0,0,0,0,1,0,0,0,Arms Trafficking,None,2023-05-01,West Bengal,0
2,47,0,0,0,1,0,0,0.044,16,4,0,1,0,0,0,0,0,0,0,1,0,0,0,0,0,1,0,0,0,0,0,Fraud,None,2024-11-28,Gujarat,0
2,22,1,0,0,0,0,1,0.316,20,2,1,0,0,0,0,0,0,0,1,0,0,0,0,0,0,1,0,0,0,0,0,Car Theft,Kaali Billi Crew,2024-10-03,Madhya Pradesh,0
3,38,0,1,0,1,0,4,0.624,11,7,0,1,0,0,0,0,0,0,0,0,0,1,0,0,0,0,0,1,0,0,0,Arms Trafficking,None,2023-07-06,Bihar,1
3,43,1,1,0,0,0,3,0.4,0,12,0,0,0,1,0,0,1,0,0,0,0,0,0,0,1,0,0,0,0,0,0,Murder,Teen Talwar Gang,2021-12-10,Gujarat,1
1,34,0,0,0,0,0,5,0.353,8,2,0,0,1,0,0,0,1,0,0,0,0,0,0,0,1,0,0,0,0,0,0,Assault,None,2024-02-17,Haryana,1
1,40,1,0,1,1,0,2,0.702,22,9,0,0,1,0,0,0,0,0,0,0,0,1,0,0,0,0,0,1,0,0,0,Drug Trafficking,Kaala Bichhoo Gang,2023-07-11,Maharashtra,1
2,26,0,0,0,0,0,3,0.451,0,2,0,1,0,0,0,0,1,0,0,0,0,0,0,0,1,0,0,0,0,0,0,Assault,None,2022-06-22,Delhi,0
1,41,0,0,0,0,0,2,0.447,17,6,0,0,0,0,1,0,1,0,0,0,0,0,0,0,0,0,0,0,1,0,0,Kidnapping,None,2020-12-15,Rajasthan,0
0,56,0,1,0,1,1,0,0.332,19,6,0,0,0,1,0,0,0,0,0,1,0,0,0,0,0,0,1,0,0,0,0,Money Laundering,None,2022-06-14,Uttar Pradesh,0
1,27,0,0,0,1,0,0,0.226,21,1,0,1,0,0,0,0,0,1,0,0,0,0,1,0,0,0,0,0,0,0,0,Burglary,None,2022-01-03,Tamil Nadu,1
0,31,0,0,0,1,0,0,0.418,10,0,1,0,0,0,0,0,0,1,0,0,0,0,1,0,0,0,0,0,0,0,0,Burglary,None,2021-05-11,Tamil Nadu,0
3,36,0,0,0,0,0,6,0.198,21,0,0,0,1,0,0,0,1,0,0,0,0,0,0,0,1,0,0,0,0,0,0,Assault,None,2020-04-24,West Bengal,1
0,23,0,1,0,1,0,0,0.628,10,7,0,0,0,1,0,0,0,1,0,0,0,0,0,0,0,0,0,0,0,0,1,Robbery,None,2023-05-02,Tamil Nadu,0
0,27,0,0,1,0,0,0,0.083,19,3,0,0,1,0,0,0,0,1,0,0,0,0,1,0,0,0,0,0,0,0,0,Vandalism,None,2025-03-28,Uttar Pradesh,0
0,22,0,1,0,0,0,1,0.033,1,2,0,0,1,0,0,0,0,0,1,0,0,0,0,0,0,1,0,0,0,0,0,Car Theft,None,2021-07-22,Uttar Pradesh,0
3,42,0,1,0,0,0,3,0.397,10,1,0,1,0,0,0,0,1,0,0,0,0,0,0,1,0,0,0,0,0,0,0,Murder,None,2022-06-01,Uttar Pradesh,0
1,40,0,1,0,0,0,3,0.351,18,4,0,0,0,1,0,0,0,0,1,0,0,0,0,0,0,0,1,0,0,0,0,Murder,None,2025-04-27,West Bengal,0
1,27,0,1,0,0,0,2,0.485,4,2,1,0,0,0,0,0,1,0,0,0,0,0,0,0,1,0,0,0,0,0,0,Murder,None,2024-01-16,Madhya Pradesh,1
4,21,1,0,0,0,0,2,0.79,2,9,1,0,0,0,0,0,0,1,0,0,0,0,0,0,0,0,0,0,0,1,0,Vandalism,Kaali Billi Crew,2021-01-04,Haryana,0
1,18,1,0,0,0,1,1,0.82,10,7,0,0,0,0,0,1,0,0,0,0,1,0,0,0,0,1,0,0,0,0,0,Cybercrime,Neela Saanp Syndicate,2022-07-20,West Bengal,1
4,46,1,0,0,1,1,2,0.439,17,10,0,0,1,0,0,0,1,0,0,0,0,0,0,0,0,1,0,0,0,0,0,Human Trafficking,Patang Syndicate,2022-02-01,Telangana,1
1,36,1,1,1,1,0,5,0.597,16,6,0,0,1,0,0,0,0,0,0,0,0,1,0,0,0,1,0,0,0,0,0,Arms Trafficking,Teen Talwar Gang,2018-09-29,Gujarat,1
0,39,1,0,0,1,1,2,0.435,14,12,1,0,0,0,0,0,0,0,0,1,0,0,0,0,0,1,0,0,0,0,0,Money Laundering,Neela Saanp Syndicate,2025-05-02,West Bengal,0
0,24,0,0,1,1,0,0,0.15,20,2,0,0,0,0,1,0,0,0,0,0,0,1,0,0,0,0,0,0,0,0,1,Drug Trafficking,None,2020-04-30,Madhya Pradesh,0
5,25,1,0,0,0,0,3,0.624,21,2,1,0,0,0,0,0,0,1,0,0,0,0,1,0,0,0,0,0,0,0,0,Arson,Kaali Billi Crew,2019-10-18,Madhya Pradesh,1
1,16,1,0,1,0,0,0,0.511,0,2,0,0,1,0,0,0,0,1,0,0,0,0,0,0,0,0,0,0,0,1,0,Vandalism,Kaali Billi Crew,2021-07-05,Haryana,0
3,39,0,0,0,1,1,0,0.26,17,4,0,1,0,0,0,0,0,0,0,1,0,0,0,0,0,1,0,0,0,0,0,Money Laundering,None,2019-09-03,Uttar Pradesh,0
0,20,0,0,0,0,0,0,0.539,3,1,0,0,1,0,0,0,0,0,1,0,0,0,1,0,0,0,0,0,0,0,0,Car Theft,None,2020-02-02,West Bengal,0
4,40,1,0,0,1,1,3,0.567,19,11,0,0,0,1,0,0,1,0,0,0,0,0,0,0,0,0,1,0,0,0,0,Human Trafficking,Patang Syndicate,2023-09-07,Punjab,1
0,21,0,0,0,1,0,1,0.156,21,1,0,1,0,0,0,0,0,1,0,0,0,0,1,0,0,0,0,0,0,0,0,Burglary,None,2022-07-29,Tamil Nadu,0
2,31,0,1,0,1,0,2,0.605,11,4,0,0,1,0,0,0,0,0,0,0,0,1,0,0,0,0,0,1,0,0,0,Arms Trafficking,None,2019-09-04,Tamil Nadu,1
1,22,0,1,0,1,0,3,0.757,4,0,0,1,0,0,0,0,1,0,0,0,0,0,0,0,1,0,0,0,0,0,0,Murder,None,2023-04-24,Maharashtra,1
1,36,0,0,0,0,0,0,0.458,9,2,0,0,1,0,0,0,1,0,0,0,0,0,0,0,1,0,0,0,0,0,0,Assault,None,2022-01-04,Uttar Pradesh,0
2,42,0,0,0,1,1,1,0.265,17,0,0,0,0,0,1,0,0,0,0,1,0,0,0,0,0,0,1,0,0,0,0,Fraud,None,2020-04-17,Uttar Pradesh,0
1,29,1,1,1,0,0,1,0.648,2,8,1,0,0,0,0,0,0,0,0,0,0,1,0,0,0,0,0,1,0,0,0,Drug Trafficking,Kaala Bichhoo Gang,2020-01-22,Maharashtra,1
1,39,1,0,1,1,0,1,0.496,23,9,0,0,1,0,0,0,1,0,0,0,0,0,0,0,0,1,0,0,0,0,0,Human Trafficking,Patang Syndicate,2021-08-18,Telangana,0
6,27,1,0,0,1,1,1,0.605,21,7,0,0,0,0,0,1,0,0,0,1,0,0,0,0,0,0,1,0,0,0,0,Cybercrime,Neela Saanp Syndicate,2018-04-22,Karnataka,1
1,28,1,0,0,1,1,0,0.44,4,4,0,0,1,0,0,0,0,0,1,0,0,0,1,0,0,0,0,0,0,0,0,Car Theft,Lal Toofan Crew,2021-07-28,Rajasthan,0
1,39,0,0,1,1,0,2,0.085,11,6,0,0,0,1,0,0,1,0,0,0,0,0,0,0,0,1,0,0,0,0,0,Human Trafficking,None,2025-09-22,Karnataka,0
0,20,0,0,0,0,0,1,0.518,4,3,0,0,0,1,0,0,1,0,0,0,0,0,0,0,1,0,0,0,0,0,0,Assault,None,2024-12-05,West Bengal,0
0,19,0,0,0,0,0,2,0.335,2,2,1,0,0,0,0,0,0,1,0,0,0,0,1,0,0,0,0,0,0,0,0,Arson,None,2023-01-23,Madhya Pradesh,0
2,28,0,1,0,0,0,7,0.326,17,0,1,0,0,0,0,0,1,0,0,0,0,0,0,1,0,0,0,0,0,0,0,Murder,None,2020-01-24,Maharashtra,1
1,34,0,0,0,1,1,0,0.055,15,0,0,0,0,0,0,1,0,0,0,1,0,0,0,0,0,0,1,0,0,0,0,Cybercrime,None,2019-06-27,Karnataka,0
1,22,0,1,0,0,0,4,0.303,15,1,1,0,0,0,0,0,1,0,0,0,0,0,0,0,0,0,0,0,1,0,0,Assault,None,2021-06-28,Maharashtra,1
5,45,1,0,0,1,0,5,0.534,17,8,0,1,0,0,0,0,0,0,0,1,0,0,0,0,0,0,1,0,0,0,0,Extortion,Teen Talwar Gang,2018-08-02,Gujarat,1
1,16,1,0,0,0,0,5,0.516,14,2,0,1,0,0,0,0,1,0,0,0,0,0,0,0,1,0,0,0,0,0,0,Assault,Kaali Billi Crew,2020-05-29,Madhya Pradesh,1
3,34,0,1,0,1,0,4,0.352,2,3,0,0,1,0,0,0,1,0,0,0,0,0,0,0,0,0,0,0,1,0,0,Kidnapping,None,2024-02-20,Bihar,1
2,18,0,0,0,1,1,0,0.264,9,0,0,0,0,0,0,1,0,0,0,1,0,0,0,0,0,0,1,0,0,0,0,Cybercrime,None,2020-05-02,Gujarat,1
5,16,1,0,0,0,0,2,0.624,0,5,0,1,0,0,0,0,0,1,0,0,0,0,0,0,0,0,0,0,0,1,0,Arson,Kaali Billi Crew,2021-06-26,Madhya Pradesh,1
6,34,1,1,0,1,0,2,0.768,3,7,0,0,1,0,0,0,0,1,0,0,0,0,0,1,0,0,0,0,0,0,0,Robbery,Lal Toofan Crew,2018-01-30,Delhi,1
0,28,0,1,0,0,0,4,0.357,0,4,0,0,1,0,0,0,1,0,0,0,0,0,0,0,1,0,0,0,0,0,0,Murder,None,2023-02-21,West Bengal,0
5,30,1,0,1,1,0,2,0.17,3,5,0,0,0,1,0,0,0,0,0,0,0,1,0,0,0,0,0,1,0,0,0,Drug Trafficking,Kaala Bichhoo Gang,2020-10-09,Maharashtra,1
0,16,1,0,0,1,1,2,0.672,14,2,1,0,0,0,0,0,0,0,1,0,0,0,1,0,0,0,0,0,0,0,0,Car Theft,Kaali Billi Crew,2024-11-11,Haryana,1
1,47,0,0,0,1,1,0,0.139,17,1,0,0,0,0,0,1,0,0,0,1,0,0,0,0,0,1,0,0,0,0,0,Money Laundering,None,2019-07-17,Maharashtra,0
0,24,0,0,0,0,0,0,0.28,8,1,0,1,0,0,0,0,0,1,0,0,0,0,1,0,0,0,0,0,0,0,0,Burglary,None,2025-06-01,Uttar Pradesh,0
2,24,0,1,0,1,1,5,0.472,0,0,0,0,1,0,0,0,1,0,0,0,0,0,0,0,0,0,0,0,1,0,0,Kidnapping,None,2021-11-26,Kerala,0
1,39,0,1,0,1,0,3,0.52,19,5,0,0,0,1,0,0,0,0,0,0,0,1,0,1,0,0,0,0,0,0,0,Arms Trafficking,None,2019-08-01,West Bengal,1
2,29,0,1,0,1,0,2,0.555,2,6,0,1,0,0,0,0,0,0,0,0,0,1,0,0,0,0,0,1,0,0,0,Arms Trafficking,None,2021-11-19,Maharashtra,0
1,28,0,0,0,0,0,1,0.634,10,2,0,0,1,0,0,0,1,0,0,0,0,0,0,0,1,0,0,0,0,0,0,Assault,None,2023-07-15,Maharashtra,0
5,39,1,1,0,0,0,5,0.689,9,15,0,0,0,1,0,0,1,0,0,0,0,0,0,0,0,0,0,0,0,0,1,Kidnapping,Patang Syndicate,2020-10-29,Telangana,1
1,35,0,0,0,1,1,0,0.441,13,2,0,0,0,0,1,0,0,0,0,1,0,0,0,0,0,1,0,0,0,0,0,Fraud,None,2022-02-05,Uttar Pradesh,0
1,46,0,0,0,1,1,0,0.198,20,4,0,0,0,0,1,0,0,0,0,1,0,0,0,0,0,1,0,0,0,0,0,Money Laundering,None,2021-02-21,Uttar Pradesh,0
2,31,0,1,0,1,0,0,0.176,22,3,1,0,0,0,0,0,0,0,1,0,0,0,1,0,0,0,0,0,0,0,0,Car Theft,None,2021-01-29,Madhya Pradesh,1
1,28,0,0,0,1,0,0,0.829,20,0,0,1,0,0,0,0,0,0,0,1,0,0,1,0,0,0,0,0,0,0,0,Burglary,None,2018-05-18,Telangana,0
2,16,1,0,1,0,0,1,0.272,2,0,0,1,0,0,0,0,0,0,1,0,0,0,0,0,0,1,0,0,0,0,0,Car Theft,Kaali Billi Crew,2019-07-21,Madhya Pradesh,0
2,38,1,0,0,1,1,0,0.798,1,6,1,0,0,0,0,0,0,0,0,1,0,0,0,0,0,0,1,0,0,0,0,Fraud,Neela Saanp Syndicate,2018-02-10,Karnataka,0
0,26,0,1,0,1,0,1,0.082,1,2,1,0,0,0,0,0,0,0,1,0,0,0,1,0,0,0,0,0,0,0,0,Car Theft,None,2022-09-26,Gujarat,0
1,22,0,0,1,1,0,1,0.196,1,1,0,1,0,0,0,0,0,0,0,1,0,0,1,0,0,0,0,0,0,0,0,Burglary,None,2023-07-31,Uttar Pradesh,0
2,29,0,1,0,0,0,1,0.529,15,1,1,0,0,0,0,0,1,0,0,0,0,0,0,0,1,0,0,0,0,0,0,Assault,None,2018-11-14,Kerala,1
0,34,0,1,0,0,0,2,0.299,20,8,0,0,0,1,0,0,0,0,0,0,0,1,0,0,0,0,0,1,0,0,0,Arms Trafficking,None,2023-04-26,Madhya Pradesh,0
1,36,0,0,0,1,0,0,0.638,10,5,0,0,0,0,1,0,0,0,0,1,0,0,0,0,0,1,0,0,0,0,0,Money Laundering,None,2023-01-18,Tamil Nadu,0
1,41,0,0,0,1,1,0,0.159,10,3,0,0,0,0,0,1,0,0,0,1,0,0,0,0,0,1,0,0,0,0,0,Fraud,None,2021-04-18,Gujarat,1
4,26,1,1,0,0,0,2,0.551,3,6,1,0,0,0,0,0,0,1,0,0,0,0,0,0,0,0,0,0,0,1,0,Arson,Kaali Billi Crew,2025-03-12,Madhya Pradesh,0
1,34,0,0,0,0,0,3,0.322,16,1,0,0,1,0,0,0,1,0,0,0,0,0,0,0,1,0,0,0,0,0,0,Assault,None,2023-09-20,Delhi,0
2,22,1,0,0,1,1,0,0.881,18,11,0,0,0,0,0,1,0,0,0,0,1,0,0,0,0,1,0,0,0,0,0,Cybercrime,Neela Saanp Syndicate,2020-04-03,West Bengal,0
2,22,0,1,0,1,0,3,0.651,17,3,1,0,0,0,0,0,1,0,0,0,0,0,0,0,0,1,0,0,0,0,0,Kidnapping,None,2020-07-09,Karnataka,1
0,52,1,1,0,1,1,1,0.516,21,17,0,0,0,1,0,0,1,0,0,0,0,0,0,0,0,1,0,0,0,0,0,Human Trafficking,Patang Syndicate,2024-08-12,Telangana,0
1,36,0,0,0,1,0,1,0.172,0,3,0,0,1,0,0,0,1,0,0,0,0,0,0,0,0,1,0,0,0,0,0,Human Trafficking,None,2022-12-16,Madhya Pradesh,0
1,23,1,0,0,1,0,2,0.475,3,1,0,1,0,0,0,0,0,1,0,0,0,0,0,0,0,0,0,0,0,0,1,Burglary,Lal Toofan Crew,2021-10-25,Rajasthan,0
2,35,0,1,0,0,1,2,0.524,9,5,0,0,1,0,0,0,1,0,0,0,0,0,0,0,0,0,0,0,1,0,0,Kidnapping,None,2025-05-01,Karnataka,1
3,24,1,1,0,0,0,4,0.622,0,5,0,1,0,0,0,0,0,1,0,0,0,0,1,0,0,0,0,0,0,0,0,Burglary,Lal Toofan Crew,2018-05-16,Rajasthan,1
2,31,1,0,1,1,0,3,0.418,19,5,0,1,0,0,0,0,0,0,0,1,0,0,1,0,0,0,0,0,0,0,0,Burglary,Kaali Billi Crew,2021-06-11,Madhya Pradesh,1
2,28,0,0,1,1,0,4,0.317,9,4,0,0,0,1,0,0,0,0,0,0,0,1,0,0,0,0,0,1,0,0,0,Drug Trafficking,None,2020-06-07,Tamil Nadu,1
2,35,1,1,0,1,1,2,0.639,9,10,1,0,0,0,0,0,1,0,0,0,0,0,0,0,0,0,0,0,0,0,1,Extortion,Teen Talwar Gang,2023-09-02,Tamil Nadu,1
4,39,1,0,0,1,0,1,0.62,22,12,0,1,0,0,0,0,0,0,0,1,0,0,0,0,0,0,1,0,0,0,0,Extortion,Teen Talwar Gang,2025-02-17,Tamil Nadu,0
3,40,1,1,0,1,0,2,0.757,8,5,0,0,0,1,0,0,0,0,0,0,0,1,0,0,0,0,0,1,0,0,0,Arms Trafficking,Teen Talwar Gang,2025-07-26,Gujarat,1
0,39,0,1,0,1,0,3,0.695,14,1,1,0,0,0,0,0,1,0,0,0,0,0,0,0,1,0,0,0,0,0,0,Murder,None,2020-09-13,Gujarat,0
1,37,0,0,0,1,0,0,0.397,10,0,1,0,0,0,0,0,0,1,0,0,0,0,1,0,0,0,0,0,0,0,0,Burglary,None,2023-12-19,Telangana,0
0,45,1,0,0,1,1,2,0.667,0,17,0,0,0,0,0,1,1,0,0,0,0,0,0,0,0,0,0,0,1,0,0,Human Trafficking,Patang Syndicate,2025-03-06,Telangana,1
0,22,0,1,1,0,0,0,0.929,3,2,0,0,1,0,0,0,1,0,0,0,0,0,0,0,0,0,0,0,0,0,1,Assault,None,2021-05-10,Gujarat,1
0,24,0,1,1,1,0,1,0.102,15,2,0,0,1,0,0,0,0,0,0,0,0,1,0,0,0,0,0,1,0,0,0,Drug Trafficking,None,2022-12-31,Haryana,0
2,26,0,1,1,1,0,1,0.278,14,4,0,0,0,1,0,0,0,0,0,0,0,1,0,0,0,0,0,1,0,0,0,Drug Trafficking,None,2021-10-25,Maharashtra,0
2,16,1,0,0,1,0,3,0.399,18,1,0,0,1,0,0,0,0,1,0,0,0,0,1,0,0,0,0,0,0,0,0,Car Theft,Kaali Billi Crew,2025-06-24,Madhya Pradesh,1
2,28,0,0,0,1,0,4,0.367,4,2,0,1,0,0,0,0,0,1,0,0,0,0,0,0,1,0,0,0,0,0,0,Burglary,None,2018-11-19,Madhya Pradesh,0
7,34,0,0,0,0,0,2,0.624,20,0,1,0,0,0,0,0,1,0,0,0,0,0,0,1,0,0,0,0,0,0,0,Assault,None,2025-10-20,West Bengal,0
6,36,1,1,0,0,0,2,0.772,16,7,1,0,0,0,0,0,1,0,0,0,0,0,0,0,1,0,0,0,0,0,0,Assault,Teen Talwar Gang,2025-02-26,Gujarat,1
2,26,0,0,0,0,1,2,0.58,10,2,0,0,0,0,0,1,1,0,0,0,0,0,0,0,0,0,0,0,0,1,0,Extortion,None,2022-08-08,Madhya Pradesh,0
3,16,1,0,0,1,0,1,0.32,21,7,0,1,0,0,0,0,0,0,1,0,0,0,1,0,0,0,0,0,0,0,0,Car Theft,Lal Toofan Crew,2023-07-31,Delhi,1
2,35,0,0,1,0,0,2,0.46,3,1,0,1,0,0,0,0,0,1,0,0,0,0,0,0,0,0,0,0,0,1,0,Vandalism,None,2024-05-27,Bihar,0
0,33,0,1,0,1,0,3,0.246,8,3,0,0,1,0,0,0,0,0,0,1,0,0,0,0,0,1,0,0,0,0,0,Human Trafficking,None,2018-11-09,Madhya Pradesh,1
1,38,0,0,0,0,0,0,0.353,20,0,0,0,1,0,0,0,0,0,1,0,0,0,0,0,0,0,0,0,1,0,0,Car Theft,None,2024-06-10,Bihar,0
2,28,0,1,0,0,0,2,0.516,13,2,0,0,1,0,0,0,0,0,1,0,0,0,0,0,1,0,0,0,0,0,0,Murder,None,2020-02-22,Kerala,0
1,22,1,0,0,1,0,6,0.547,11,6,0,0,0,0,1,0,0,0,0,0,1,0,0,1,0,0,0,0,0,0,0,Robbery,Lal Toofan Crew,2024-07-30,Rajasthan,1
2,40,0,0,0,1,0,0,0.474,18,3,0,0,0,0,0,1,0,0,0,1,0,0,0,0,0,1,0,0,0,0,0,Fraud,None,2023-05-15,West Bengal,1
0,23,0,0,0,1,0,0,0.126,4,3,0,1,0,0,0,0,0,1,0,0,0,0,1,0,0,0,0,0,0,0,0,Burglary,None,2018-01-31,Uttar Pradesh,0
1,20,0,0,0,0,0,1,0.186,3,1,1,0,0,0,0,0,0,1,0,0,0,0,0,0,0,0,0,0,0,1,0,Vandalism,None,2025-08-06,Rajasthan,0
1,39,0,0,0,1,1,0,0.133,13,3,0,0,0,0,0,1,0,0,0,1,0,0,0,0,0,1,0,0,0,0,0,Fraud,None,2024-01-10,Madhya Pradesh,0
0,24,0,1,0,0,0,0,0.179,20,1,1,0,0,0,0,0,0,0,1,0,0,0,0,0,0,0,0,0,0,1,0,Arson,None,2024-06-10,Kerala,0
0,27,0,0,0,0,0,1,0.648,23,1,0,1,0,0,0,0,1,0,0,0,0,0,0,0,0,0,0,0,0,1,0,Assault,None,2019-04-02,Haryana,1
5,29,0,0,0,0,0,3,0.568,8,3,1,0,0,0,0,0,1,0,0,0,0,0,0,1,0,0,0,0,0,0,0,Assault,None,2024-09-01,Uttar Pradesh,1
3,32,0,0,0,1,1,3,0.398,10,3,0,1,0,0,0,0,0,0,0,1,0,0,0,0,0,0,0,0,0,0,1,Extortion,None,2018-08-18,West Bengal,1
1,19,1,1,0,0,0,1,0.857,4,2,0,0,1,0,0,0,0,0,1,0,0,0,0,0,0,0,0,0,0,0,1,Car Theft,Kaali Billi Crew,2021-08-23,Haryana,1
2,36,0,0,0,1,0,0,0.238,15,1,0,0,0,0,1,0,0,0,0,1,0,0,0,0,0,1,0,0,0,0,0,Fraud,None,2019-11-09,Bihar,1
0,30,0,0,1,0,0,0,0.18,3,1,1,0,0,0,0,0,0,1,0,0,0,0,1,0,0,0,0,0,0,0,0,Vandalism,None,2020-07-21,Tamil Nadu,0
1,42,0,0,0,1,1,0,0.346,22,1,0,0,0,0,0,1,0,0,0,1,0,0,0,0,0,1,0,0,0,0,0,Fraud,None,2025-12-30,Maharashtra,0
0,25,1,0,0,1,0,1,0.254,2,3,1,0,0,0,0,0,0,1,0,0,0,0,1,0,0,0,0,0,0,0,0,Burglary,Lal Toofan Crew,2025-04-14,Delhi,0
0,17,1,0,0,1,1,0,0.645,14,3,0,1,0,0,0,0,0,0,0,1,0,0,0,0,0,1,0,0,0,0,0,Fraud,Neela Saanp Syndicate,2021-08-30,West Bengal,0
2,36,0,0,0,0,0,6,0.538,14,0,1,0,0,0,0,0,1,0,0,0,0,0,0,0,1,0,0,0,0,0,0,Assault,None,2020-03-19,Uttar Pradesh,1
0,26,0,0,0,1,1,0,0.427,0,3,0,0,1,0,0,0,0,0,1,0,0,0,1,0,0,0,0,0,0,0,0,Car Theft,None,2020-02-07,Telangana,1
1,21,0,1,1,1,0,4,0.351,23,1,0,0,1,0,0,0,1,0,0,0,0,0,0,0,0,0,0,0,0,1,0,Kidnapping,None,2021-01-24,Gujarat,1
0,27,0,1,0,1,0,0,0.528,3,1,0,0,0,1,0,0,0,0,0,1,0,0,0,0,1,0,0,0,0,0,0,Robbery,None,2020-05-24,Kerala,0
2,38,0,0,0,1,1,1,0.592,12,11,0,0,0,1,0,0,1,0,0,0,0,0,0,0,0,1,0,0,0,0,0,Human Trafficking,None,2022-06-05,Bihar,0
1,23,0,1,0,1,0,5,0.566,9,6,0,1,0,0,0,0,0,0,0,1,0,0,0,0,0,0,0,0,0,0,1,Extortion,None,2024-11-09,Gujarat,0
3,38,0,0,0,1,0,2,0.446,3,2,1,0,0,0,0,0,1,0,0,0,0,0,0,1,0,0,0,0,0,0,0,Assault,None,2025-03-01,Karnataka,0
4,44,1,1,0,1,0,4,0.492,9,5,0,1,0,0,0,0,0,0,0,1,0,0,0,0,0,0,0,0,0,0,1,Extortion,Teen Talwar Gang,2025-08-20,Tamil Nadu,1
4,37,0,0,0,0,0,5,0.595,20,0,1,0,0,0,0,0,0,1,0,0,0,0,0,1,0,0,0,0,0,0,0,Assault,None,2021-12-03,Kerala,0
0,28,0,1,0,0,0,1,0.549,19,1,0,0,1,0,0,0,1,0,0,0,0,0,0,0,1,0,0,0,0,0,0,Assault,None,2024-03-28,Maharashtra,1
0,31,0,0,0,1,0,1,0.711,4,2,0,1,0,0,0,0,0,1,0,0,0,0,1,0,0,0,0,0,0,0,0,Burglary,None,2019-01-26,Maharashtra,0
0,26,0,0,0,0,0,0,0.315,4,4,0,0,1,0,0,0,0,0,0,0,1,0,0,0,0,1,0,0,0,0,0,Car Theft,None,2018-05-20,Uttar Pradesh,1
3,42,0,1,0,1,0,2,0.267,14,7,1,0,0,0,0,0,1,0,0,0,0,0,0,0,0,0,0,0,1,0,0,Kidnapping,None,2023-07-27,Bihar,1
5,39,1,1,0,1,0,1,0.405,2,5,0,0,0,0,1,0,0,0,0,1,0,0,0,0,0,0,0,0,1,0,0,Robbery,Lal Toofan Crew,2025-10-31,Rajasthan,1
0,29,0,0,0,1,0,1,0.127,2,1,0,0,1,0,0,0,0,0,1,0,0,0,1,0,0,0,0,0,0,0,0,Car Theft,None,2019-04-09,West Bengal,0
1,24,0,0,0,1,0,0,0.284,4,1,0,1,0,0,0,0,0,1,0,0,0,0,0,0,0,1,0,0,0,0,0,Burglary,None,2023-10-27,Rajasthan,1
2,42,0,1,0,1,0,1,0.609,13,2,0,1,0,0,0,0,0,0,0,0,0,1,0,0,0,0,0,1,0,0,0,Arms Trafficking,None,2023-02-26,Tamil Nadu,0
2,16,0,0,0,0,0,1,0.232,15,2,0,0,1,0,0,0,0,1,0,0,0,0,0,0,0,0,0,0,0,1,0,Vandalism,None,2021-06-08,Maharashtra,0
0,33,0,0,0,1,0,0,0.318,0,9,0,0,1,0,0,0,1,0,0,0,0,0,0,0,0,1,0,0,0,0,0,Human Trafficking,None,2023-10-14,West Bengal,0
0,25,0,0,0,1,0,0,0.301,0,0,0,0,0,0,1,0,0,0,1,0,0,0,0,0,0,1,0,0,0,0,0,Car Theft,None,2022-07-25,Madhya Pradesh,0
1,20,0,0,0,0,0,0,0.143,23,2,1,0,0,0,0,0,0,0,1,0,0,0,1,0,0,0,0,0,0,0,0,Car Theft,None,2019-04-07,Uttar Pradesh,0
4,22,1,0,0,0,0,3,0.157,3,2,1,0,0,0,0,0,0,0,0,0,0,1,0,0,0,0,0,0,0,1,0,Arson,Kaali Billi Crew,2024-09-21,Haryana,1
1,28,1,0,1,1,0,1,0.671,3,9,0,0,1,0,0,0,0,0,0,0,0,1,0,0,0,1,0,0,0,0,0,Drug Trafficking,Kaala Bichhoo Gang,2022-10-11,Kerala,1
0,30,0,0,0,1,1,0,0.37,20,2,0,0,0,0,0,1,0,0,0,1,0,0,0,0,0,1,0,0,0,0,0,Fraud,None,2018-07-26,Rajasthan,0
1,16,0,0,0,0,1,0,0.22,0,1,0,0,1,0,0,0,0,0,1,0,0,0,1,0,0,0,0,0,0,0,0,Car Theft,None,2018-02-27,Gujarat,0
0,24,0,0,0,1,1,0,0.471,10,0,0,0,0,0,0,1,0,0,0,1,0,0,0,0,0,0,1,0,0,0,0,Cybercrime,None,2024-08-24,Rajasthan,0
1,30,0,0,0,1,0,0,0.337,8,2,0,1,0,0,0,0,0,1,0,0,0,0,1,0,0,0,0,0,0,0,0,Car Theft,None,2019-12-16,Karnataka,0
3,35,0,0,1,1,0,1,0.066,9,7,0,0,0,1,0,0,0,0,0,1,0,0,0,0,0,0,0,1,0,0,0,Drug Trafficking,None,2025-12-27,West Bengal,1
3,34,1,1,1,1,0,0,0.367,1,6,0,0,1,0,0,0,0,0,0,0,0,1,0,0,0,0,0,1,0,0,0,Drug Trafficking,Kaala Bichhoo Gang,2021-02-03,Kerala,1
1,16,0,0,0,1,0,1,0.49,3,4,0,0,1,0,0,0,0,0,1,0,0,0,1,0,0,0,0,0,0,0,0,Car Theft,None,2021-11-09,Gujarat,0
0,25,0,0,0,1,0,0,0.521,3,6,1,0,0,0,0,0,0,0,1,0,0,0,1,0,0,0,0,0,0,0,0,Car Theft,None,2021-09-19,Kerala,0
1,19,0,0,0,1,0,0,0.221,13,1,0,1,0,0,0,0,0,0,0,0,1,0,1,0,0,0,0,0,0,0,0,Burglary,None,2022-03-25,Rajasthan,0
1,27,0,1,0,0,0,0,0.511,0,1,0,1,0,0,0,0,1,0,0,0,0,0,0,0,1,0,0,0,0,0,0,Assault,None,2019-10-10,Rajasthan,0
1,27,0,0,0,1,0,0,0.209,4,1,1,0,0,0,0,0,0,1,0,0,0,0,0,0,1,0,0,0,0,0,0,Burglary,None,2022-04-11,Madhya Pradesh,0
4,29,1,0,0,1,0,2,0.725,21,1,0,0,1,0,0,0,0,0,1,0,0,0,1,0,0,0,0,0,0,0,0,Car Theft,Kaali Billi Crew,2023-07-16,Madhya Pradesh,1
0,30,0,0,0,1,1,0,0.138,21,1,0,0,0,0,0,1,0,0,0,0,1,0,0,0,0,0,1,0,0,0,0,Cybercrime,None,2021-01-22,Uttar Pradesh,0
1,20,0,1,0,1,0,0,0.447,3,2,0,0,0,1,0,0,0,1,0,0,0,0,0,0,0,0,0,0,0,1,0,Burglary,None,2022-11-04,Maharashtra,1
0,40,0,0,0,1,0,0,0.192,9,3,1,0,0,0,0,0,0,0,0,1,0,0,0,0,0,1,0,0,0,0,0,Fraud,None,2018-02-21,Uttar Pradesh,0
0,22,0,0,0,1,1,0,0.235,21,0,0,1,0,0,0,0,0,0,1,0,0,0,1,0,0,0,0,0,0,0,0,Car Theft,None,2018-09-18,Tamil Nadu,0
1,54,1,0,0,1,1,0,0.826,10,10,0,0,0,0,1,0,0,0,0,1,0,0,0,0,0,1,0,0,0,0,0,Money Laundering,Kaala Bichhoo Gang,2018-04-19,Maharashtra,1
1,29,0,0,0,0,0,0,0.712,17,2,0,0,1,0,0,0,0,0,1,0,0,0,0,0,0,1,0,0,0,0,0,Car Theft,None,2022-11-19,Bihar,0
1,21,1,1,0,1,0,4,0.758,1,6,0,0,1,0,0,0,0,1,0,0,0,0,0,1,0,0,0,0,0,0,0,Robbery,Lal Toofan Crew,2025-04-03,Delhi,1
0,28,0,0,0,1,0,0,0.28,3,0,1,0,0,0,0,0,1,0,0,0,0,0,1,0,0,0,0,0,0,0,0,Car Theft,None,2018-12-17,Madhya Pradesh,0
4,39,1,1,0,0,0,6,0.623,17,5,0,0,1,0,0,0,1,0,0,0,0,0,0,0,1,0,0,0,0,0,0,Murder,Teen Talwar Gang,2025-03-07,Gujarat,1
4,24,0,1,0,1,0,3,0.392,22,4,1,0,0,0,0,0,1,0,0,0,0,0,0,1,0,0,0,0,0,0,0,Kidnapping,None,2021-10-18,Delhi,1
1,33,0,1,0,1,0,1,0.285,18,0,0,1,0,0,0,0,0,1,0,0,0,0,1,0,0,0,0,0,0,0,0,Burglary,None,2023-05-15,Karnataka,0
2,30,0,1,0,0,0,2,0.382,15,2,1,0,0,0,0,0,1,0,0,0,0,0,0,0,1,0,0,0,0,0,0,Assault,None,2025-09-06,Bihar,1
1,37,0,0,1,1,1,3,0.215,11,4,0,0,0,1,0,0,0,0,0,1,0,0,0,0,0,0,0,0,1,0,0,Human Trafficking,None,2025-09-24,Uttar Pradesh,0
3,38,1,1,0,0,1,2,0.654,11,17,0,0,1,0,0,0,1,0,0,0,0,0,0,0,0,1,0,0,0,0,0,Human Trafficking,Patang Syndicate,2020-02-14,Punjab,1
0,27,0,1,1,1,0,1,0.311,14,8,0,0,1,0,0,0,0,0,0,0,0,1,0,0,0,0,0,1,0,0,0,Drug Trafficking,None,2020-05-11,Rajasthan,0
0,42,0,0,0,1,1,0,0.291,10,3,0,0,0,0,0,1,0,0,0,1,0,0,0,0,0,1,0,0,0,0,0,Fraud,None,2022-10-18,Tamil Nadu,0
2,20,1,0,1,1,0,1,0.635,12,10,0,0,0,1,0,0,0,0,0,0,0,1,0,0,0,0,0,1,0,0,0,Drug Trafficking,Kaala Bichhoo Gang,2022-08-31,Maharashtra,0
2,39,0,1,0,1,0,4,0.428,1,6,0,0,1,0,0,0,0,0,0,1,0,0,0,0,0,0,0,0,0,0,1,Extortion,None,2025-12-26,Karnataka,1
2,27,1,1,1,0,0,5,0.631,4,6,0,0,1,0,0,0,0,0,0,0,0,1,0,0,0,0,0,1,0,0,0,Arms Trafficking,Kaala Bichhoo Gang,2023-08-22,Kerala,1
2,16,0,0,1,1,0,2,0.714,0,0,1,0,0,0,0,0,0,1,0,0,0,0,1,0,0,0,0,0,0,0,0,Burglary,None,2018-11-06,West Bengal,1
5,34,1,0,0,0,0,3,0.547,3,6,1,0,0,0,0,0,1,0,0,0,0,0,0,0,1,0,0,0,0,0,0,Assault,Kaala Bichhoo Gang,2024-11-20,Maharashtra,1
1,24,1,1,1,1,0,5,0.391,0,2,0,0,1,0,0,0,0,0,0,1,0,0,0,1,0,0,0,0,0,0,0,Robbery,Lal Toofan Crew,2023-02-10,Rajasthan,1
1,27,0,1,0,1,0,3,0.147,22,2,0,0,0,1,0,0,0,0,0,0,0,1,0,1,0,0,0,0,0,0,0,Arms Trafficking,None,2025-03-20,Rajasthan,0
0,23,0,1,0,1,0,1,0.215,21,2,0,1,0,0,0,0,0,0,1,0,0,0,1,0,0,0,0,0,0,0,0,Car Theft,None,2019-10-22,Bihar,0
0,33,0,0,0,1,1,0,0.247,3,0,0,0,0,0,1,0,0,0,1,0,0,0,0,0,0,0,1,0,0,0,0,Cybercrime,None,2022-06-12,Punjab,1
2,26,0,1,0,1,0,1,0.555,3,6,0,0,0,1,0,0,0,0,0,0,0,1,0,1,0,0,0,0,0,0,0,Arms Trafficking,None,2024-05-18,Uttar Pradesh,1
0,28,0,1,0,0,0,3,0.627,18,1,0,0,0,1,0,0,1,0,0,0,0,0,0,0,1,0,0,0,0,0,0,Murder,None,2019-02-02,Gujarat,1
0,33,0,0,0,1,1,0,0.42,11,1,0,0,0,0,1,0,0,0,0,1,0,0,0,0,0,1,0,0,0,0,0,Money Laundering,None,2024-02-29,West Bengal,0
3,39,1,0,0,1,1,0,0.439,14,10,0,0,0,0,1,0,0,0,0,1,0,0,0,0,0,1,0,0,0,0,0,Money Laundering,Neela Saanp Syndicate,2024-09-03,Karnataka,1
3,34,0,0,1,1,0,2,0.461,0,6,0,0,1,0,0,0,0,0,0,0,0,1,0,0,0,0,0,1,0,0,0,Drug Trafficking,None,2021-11-21,Kerala,0
0,31,0,0,0,1,1,0,0.67,16,2,0,0,0,0,1,0,0,0,0,1,0,0,0,0,0,0,1,0,0,0,0,Cybercrime,None,2021-07-23,Tamil Nadu,0
3,40,1,0,0,1,1,0,0.567,19,11,0,0,0,0,1,0,0,0,0,1,0,0,0,0,0,1,0,0,0,0,0,Money Laundering,Neela Saanp Syndicate,2022-11-26,West Bengal,0
5,51,1,0,0,1,1,2,0.566,21,12,0,0,0,1,0,0,1,0,0,0,0,0,0,0,0,1,0,0,0,0,0,Human Trafficking,Patang Syndicate,2023-10-21,Telangana,1
0,29,0,0,0,0,0,2,0.312,17,5,0,0,1,0,0,0,0,0,0,1,0,0,0,0,0,0,0,0,1,0,0,Kidnapping,None,2024-04-21,Delhi,0
0,33,0,1,0,0,1,4,0.858,9,4,0,0,0,1,0,0,1,0,0,0,0,0,0,0,0,0,0,0,1,0,0,Kidnapping,None,2023-04-21,Bihar,0
2,38,1,0,1,1,0,4,0.44,17,9,0,0,0,1,0,0,0,0,0,0,0,1,0,0,0,0,0,1,0,0,0,Drug Trafficking,Kaala Bichhoo Gang,2020-12-31,Kerala,1
1,46,0,0,0,0,0,0,0.069,1,0,0,1,0,0,0,0,0,1,0,0,0,0,0,0,0,0,0,0,0,1,0,Arson,None,2021-02-14,Tamil Nadu,0
2,19,0,0,1,1,0,1,0.248,18,4,1,0,0,0,0,0,0,0,0,0,0,1,0,0,0,1,0,0,0,0,0,Drug Trafficking,None,2023-09-28,Karnataka,1
3,31,0,0,1,0,0,0,0.417,23,2,0,0,1,0,0,0,0,1,0,0,0,0,0,0,0,0,0,0,0,1,0,Vandalism,None,2024-11-23,Uttar Pradesh,0
1,32,0,0,0,0,0,1,0.579,8,5,1,0,0,0,0,0,1,0,0,0,0,0,0,0,0,0,0,0,0,0,1,Assault,None,2025-05-20,Karnataka,0
1,26,0,0,0,1,0,0,0.206,23,0,1,0,0,0,0,0,0,1,0,0,0,0,0,0,1,0,0,0,0,0,0,Arson,None,2018-03-13,Uttar Pradesh,0
1,25,0,1,0,0,0,1,0.543,23,2,1,0,0,0,0,0,0,0,0,1,0,0,0,0,0,0,0,0,1,0,0,Kidnapping,None,2022-01-12,Bihar,1
0,27,0,0,0,1,1,0,0.702,0,1,0,0,0,0,0,1,0,0,0,0,1,0,0,0,0,0,1,0,0,0,0,Cybercrime,None,2022-10-06,Karnataka,0
1,20,0,1,0,1,0,1,0.541,16,6,1,0,0,0,0,0,1,0,0,0,0,0,0,0,0,0,0,0,1,0,0,Kidnapping,None,2022-02-12,Bihar,0
1,19,0,0,0,1,0,0,0.671,23,3,0,1,0,0,0,0,0,0,1,0,0,0,0,0,0,1,0,0,0,0,0,Car Theft,None,2024-04-25,Telangana,1
2,46,0,0,0,1,1,1,0.419,8,1,0,1,0,0,0,0,0,0,0,0,1,0,0,0,0,1,0,0,0,0,0,Fraud,None,2019-10-10,Karnataka,0
1,24,1,1,0,1,0,4,0.554,14,3,0,0,0,1,0,0,0,1,0,0,0,0,0,1,0,0,0,0,0,0,0,Robbery,Lal Toofan Crew,2019-02-09,Delhi,1
0,19,0,1,0,0,0,1,0.237,4,3,0,0,1,0,0,0,0,1,0,0,0,0,0,0,0,0,0,0,1,0,0,Vandalism,None,2018-05-04,Maharashtra,0
2,20,1,0,1,1,1,4,0.822,22,0,1,0,0,0,0,0,0,1,0,0,0,0,0,0,0,0,0,0,0,1,0,Arson,Kaali Billi Crew,2019-05-05,Madhya Pradesh,1
1,20,0,0,0,1,0,1,0.58,3,1,1,0,0,0,0,0,0,0,0,1,0,0,1,0,0,0,0,0,0,0,0,Burglary,None,2021-01-22,Delhi,0
0,16,1,0,0,1,0,2,0.503,3,2,0,1,0,0,0,0,0,1,0,0,0,0,0,0,1,0,0,0,0,0,0,Burglary,Kaali Billi Crew,2024-03-23,Madhya Pradesh,0
1,35,0,1,0,0,0,3,0.259,22,0,0,1,0,0,0,0,1,0,0,0,0,0,0,0,0,0,0,0,0,0,1,Assault,None,2023-10-20,Tamil Nadu,0
0,21,0,0,0,1,1,0,0.328,3,0,1,0,0,0,0,0,0,0,1,0,0,0,0,0,0,1,0,0,0,0,0,Car Theft,None,2019-04-03,Uttar Pradesh,1
2,40,1,0,0,1,0,0,0.613,1,9,1,0,0,0,0,0,0,0,1,0,0,0,0,0,0,0,1,0,0,0,0,Car Theft,Kaala Bichhoo Gang,2018-10-22,Kerala,0
1,26,0,1,0,0,0,2,0.385,20,0,1,0,0,0,0,0,1,0,0,0,0,0,0,1,0,0,0,0,0,0,0,Assault,None,2018-01-16,Uttar Pradesh,0
5,25,1,0,1,1,1,0,0.442,4,13,0,0,0,1,0,0,0,0,0,0,0,1,0,0,1,0,0,0,0,0,0,Drug Trafficking,Kaala Bichhoo Gang,2022-05-07,Maharashtra,1
0,16,0,0,0,0,0,0,0.595,3,2,0,0,1,0,0,0,0,1,0,0,0,0,0,0,0,0,0,0,0,1,0,Vandalism,None,2025-05-12,Uttar Pradesh,1
0,22,0,0,0,1,1,0,0.089,22,1,0,0,1,0,0,0,0,0,1,0,0,0,0,0,0,1,0,0,0,0,0,Car Theft,None,2020-11-16,Bihar,0
2,28,0,0,0,0,0,4,0.228,4,2,0,0,0,1,0,0,1,0,0,0,0,0,0,1,0,0,0,0,0,0,0,Assault,None,2025-05-07,Bihar,1
2,23,0,0,0,1,0,6,0.46,14,5,0,0,1,0,0,0,1,0,0,0,0,0,0,0,0,0,0,0,1,0,0,Kidnapping,None,2018-04-07,Gujarat,1
4,38,1,1,0,0,0,4,0.7,9,9,0,0,0,1,0,0,0,0,0,0,0,1,0,0,0,0,0,1,0,0,0,Arms Trafficking,Teen Talwar Gang,2023-07-27,Gujarat,1
2,38,1,1,1,0,0,2,0.562,4,10,0,1,0,0,0,0,1,0,0,0,0,0,0,1,0,0,0,0,0,0,0,Assault,Patang Syndicate,2025-01-08,Telangana,1
2,16,1,0,0,1,0,1,0.837,15,4,1,0,0,0,0,0,0,0,0,1,0,0,1,0,0,0,0,0,0,0,0,Burglary,Kaali Billi Crew,2019-01-21,Madhya Pradesh,0
1,27,0,0,0,1,0,0,0.054,1,1,1,0,0,0,0,0,0,0,1,0,0,0,0,0,0,1,0,0,0,0,0,Car Theft,None,2024-06-08,Maharashtra,0
2,45,1,1,0,1,1,2,0.476,22,15,0,1,0,0,0,0,1,0,0,0,0,0,0,0,0,0,0,0,0,0,1,Extortion,Patang Syndicate,2025-08-12,Telangana,0
1,37,0,1,0,1,0,2,0.769,20,2,0,0,1,0,0,0,0,0,0,0,0,1,0,0,0,0,0,1,0,0,0,Arms Trafficking,None,2023-04-14,Telangana,1
1,33,0,1,1,0,0,3,0.418,20,1,0,0,1,0,0,0,1,0,0,0,0,0,0,0,1,0,0,0,0,0,0,Assault,None,2018-01-28,Bihar,1
5,43,0,0,0,1,0,0,0.818,9,1,0,0,0,0,0,1,0,0,0,1,0,0,0,0,0,1,0,0,0,0,0,Fraud,None,2023-01-26,West Bengal,1
1,25,1,1,0,0,1,3,0.562,9,14,0,0,1,0,0,0,1,0,0,0,0,0,0,0,0,0,0,0,1,0,0,Kidnapping,Neela Saanp Syndicate,2021-07-18,West Bengal,1
4,31,1,0,1,1,0,1,0.828,1,19,0,0,1,0,0,0,0,0,0,0,0,1,0,0,0,1,0,0,0,0,0,Drug Trafficking,Neela Saanp Syndicate,2025-12-14,West Bengal,0
4,36,1,0,0,1,1,1,0.783,23,14,0,1,0,0,0,0,0,0,0,1,0,0,0,0,0,0,0,0,0,0,1,Extortion,Neela Saanp Syndicate,2018-03-11,Karnataka,1
0,21,0,0,0,1,0,2,0.586,23,0,1,0,0,0,0,0,0,1,0,0,0,0,1,0,0,0,0,0,0,0,0,Burglary,None,2021-09-01,West Bengal,0
1,32,1,0,0,0,0,0,0.756,2,3,0,1,0,0,0,0,0,0,0,0,0,1,1,0,0,0,0,0,0,0,0,Car Theft,Lal Toofan Crew,2019-09-07,Rajasthan,1
1,35,0,0,0,1,1,2,0.261,22,3,0,0,0,0,1,0,0,0,0,0,1,0,0,0,0,1,0,0,0,0,0,Fraud,None,2024-07-28,Tamil Nadu,0
1,30,0,1,0,1,0,1,0.688,0,1,0,0,1,0,0,0,0,0,1,0,0,0,1,0,0,0,0,0,0,0,0,Car Theft,None,2020-11-15,Madhya Pradesh,0
3,36,1,1,0,0,0,2,0.726,18,6,0,0,1,0,0,0,1,0,0,0,0,0,0,0,0,0,0,0,1,0,0,Murder,Teen Talwar Gang,2020-07-28,Gujarat,1
0,16,0,1,1,1,1,1,0.503,23,4,0,0,1,0,0,0,0,0,1,0,0,0,1,0,0,0,0,0,0,0,0,Car Theft,None,2022-04-13,Tamil Nadu,0
0,47,0,0,0,1,0,0,0.358,18,2,0,1,0,0,0,0,0,0,0,1,0,0,0,0,0,1,0,0,0,0,0,Fraud,None,2021-09-15,Uttar Pradesh,0
1,27,0,0,0,1,0,6,0.511,10,4,0,1,0,0,0,0,0,0,0,1,0,0,0,0,0,0,1,0,0,0,0,Extortion,None,2023-08-05,Delhi,1
1,32,0,1,0,1,1,2,0.164,3,4,1,0,0,0,0,0,1,0,0,0,0,0,0,0,0,0,0,0,0,1,0,Kidnapping,None,2018-06-06,Karnataka,1
3,32,0,1,0,0,0,2,0.868,11,3,0,0,1,0,0,0,1,0,0,0,0,0,0,0,0,0,0,0,1,0,0,Kidnapping,None,2023-08-28,Bihar,0
2,37,0,0,0,0,0,1,0.236,18,1,1,0,0,0,0,0,0,1,0,0,0,0,1,0,0,0,0,0,0,0,0,Burglary,None,2021-09-10,Maharashtra,0
0,16,1,0,0,1,1,0,0.246,3,4,0,1,0,0,0,0,0,0,1,0,0,0,1,0,0,0,0,0,0,0,0,Car Theft,Kaali Billi Crew,2023-05-03,Madhya Pradesh,1
2,35,0,0,0,1,0,1,0.517,4,6,0,0,1,0,0,0,1,0,0,0,0,0,0,0,0,0,0,0,1,0,0,Kidnapping,None,2018-11-13,Uttar Pradesh,0
1,28,0,0,0,0,0,0,0.276,9,1,0,1,0,0,0,0,0,0,1,0,0,0,1,0,0,0,0,0,0,0,0,Car Theft,None,2022-09-06,Maharashtra,0
5,35,1,0,0,0,0,1,0.669,22,5,0,1,0,0,0,0,0,1,0,0,0,0,0,0,0,0,0,0,0,1,0,Arson,Kaali Billi Crew,2025-07-04,Haryana,0
2,34,0,1,1,0,0,1,0.3,16,9,0,1,0,0,0,0,0,0,0,0,0,1,0,0,0,0,0,1,0,0,0,Drug Trafficking,None,2025-10-21,Telangana,0
4,34,1,1,0,1,1,2,0.394,9,18,1,0,0,0,0,0,1,0,0,0,0,0,0,0,0,1,0,0,0,0,0,Human Trafficking,Patang Syndicate,2022-12-25,Punjab,1
0,27,0,0,0,1,0,1,0.423,12,9,0,0,0,1,0,0,0,0,0,1,0,0,0,0,0,1,0,0,0,0,0,Human Trafficking,None,2022-03-11,Uttar Pradesh,0
3,31,1,1,0,1,0,2,0.74,11,7,0,0,0,1,0,0,0,0,0,0,0,1,0,0,0,0,0,1,0,0,0,Arms Trafficking,Teen Talwar Gang,2023-05-04,Tamil Nadu,0
0,28,0,0,0,0,0,4,0.079,18,0,0,0,0,1,0,0,1,0,0,0,0,0,0,0,1,0,0,0,0,0,0,Assault,None,2018-09-16,Madhya Pradesh,1
4,31,1,0,1,0,1,3,0.379,13,11,0,0,1,0,0,0,0,0,0,0,0,1,0,0,0,0,0,0,0,0,1,Drug Trafficking,Kaala Bichhoo Gang,2020-11-13,Kerala,1
0,32,0,1,0,1,0,3,0.541,11,6,0,0,1,0,0,0,0,1,0,0,0,0,0,0,0,0,0,0,0,0,1,Robbery,None,2022-07-18,Karnataka,1
4,29,0,0,1,1,0,5,0.288,15,4,1,0,0,0,0,0,1,0,0,0,0,0,0,0,0,1,0,0,0,0,0,Human Trafficking,None,2020-12-13,Gujarat,1
0,28,1,0,0,0,0,0,0.589,20,3,1,0,0,0,0,0,0,1,0,0,0,0,1,0,0,0,0,0,0,0,0,Burglary,Lal Toofan Crew,2022-11-21,Delhi,0
1,30,1,1,1,0,0,3,0.615,3,6,1,0,0,0,0,0,1,0,0,0,0,0,0,1,0,0,0,0,0,0,0,Murder,Teen Talwar Gang,2019-06-11,Tamil Nadu,1
2,18,1,0,0,1,0,4,0.572,20,2,1,0,0,0,0,0,0,0,0,1,0,0,0,0,0,1,0,0,0,0,0,Burglary,Kaali Billi Crew,2022-05-25,Madhya Pradesh,0
5,30,1,1,1,0,0,1,0.733,3,6,1,0,0,0,0,0,1,0,0,0,0,0,0,0,1,0,0,0,0,0,0,Assault,Kaala Bichhoo Gang,2025-04-30,Kerala,1
0,24,0,0,1,0,0,0,0.223,18,1,0,0,1,0,0,0,0,0,1,0,0,0,0,0,0,0,0,0,0,1,0,Vandalism,None,2021-12-30,Karnataka,0
4,43,0,0,1,1,0,1,0.31,11,3,1,0,0,0,0,0,1,0,0,0,0,0,0,0,0,0,0,0,1,0,0,Human Trafficking,None,2025-01-10,Tamil Nadu,0
1,26,0,0,0,0,0,0,0.261,4,4,1,0,0,0,0,0,0,0,0,1,0,0,1,0,0,0,0,0,0,0,0,Burglary,None,2022-01-24,Punjab,1
0,25,0,1,1,1,0,0,0.648,4,4,0,0,0,1,0,0,0,0,0,0,0,1,0,0,0,0,0,0,0,0,1,Arms Trafficking,None,2023-03-30,Tamil Nadu,0
0,16,1,0,1,0,1,1,0.618,20,7,0,0,0,1,0,0,0,0,0,0,0,1,0,0,0,0,0,1,0,0,0,Drug Trafficking,Kaala Bichhoo Gang,2024-10-07,Maharashtra,1
7,44,0,1,0,1,0,0,0.482,1,4,0,1,0,0,0,0,0,0,0,1,0,0,0,0,0,1,0,0,0,0,0,Fraud,None,2022-02-10,Rajasthan,1
0,27,0,0,0,0,0,3,0.632,2,3,0,0,1,0,0,0,1,0,0,0,0,0,0,0,0,0,1,0,0,0,0,Assault,None,2022-11-26,Uttar Pradesh,0
0,16,0,0,0,1,0,0,0.142,23,3,0,1,0,0,0,0,0,0,1,0,0,0,1,0,0,0,0,0,0,0,0,Car Theft,None,2024-07-20,Punjab,0
2,37,0,1,0,1,1,3,0.687,0,4,0,1,0,0,0,0,0,0,0,1,0,0,0,0,0,0,0,0,0,0,1,Extortion,None,2021-11-28,Maharashtra,0
2,23,1,0,0,1,1,1,0.601,15,8,1,0,0,0,0,0,1,0,0,0,0,0,0,0,0,0,0,0,0,0,1,Extortion,Teen Talwar Gang,2019-01-16,Tamil Nadu,0
0,22,0,0,1,0,0,2,0.27,21,6,0,0,0,1,0,0,0,0,0,1,0,0,0,0,0,0,0,1,0,0,0,Drug Trafficking,None,2024-04-03,Karnataka,0
1,27,0,0,0,1,0,0,0.236,4,1,0,0,1,0,0,0,0,0,1,0,0,0,1,0,0,0,0,0,0,0,0,Car Theft,None,2025-09-18,Madhya Pradesh,0
2,45,0,0,0,1,1,0,0.204,17,7,0,0,0,0,1,0,0,1,0,0,0,0,0,0,0,1,0,0,0,0,0,Money Laundering,None,2022-03-30,Karnataka,0
0,24,0,0,0,1,0,1,0.455,0,3,0,0,1,0,0,0,1,0,0,0,0,0,0,0,0,0,0,0,1,0,0,Kidnapping,None,2022-04-08,West Bengal,1
0,23,0,0,0,1,0,1,0.511,19,1,0,0,1,0,0,0,0,1,0,0,0,0,1,0,0,0,0,0,0,0,0,Burglary,None,2019-06-04,Gujarat,0
3,23,0,1,0,1,0,1,0.228,1,2,1,0,0,0,0,0,0,0,0,1,0,0,0,1,0,0,0,0,0,0,0,Robbery,None,2019-08-03,Madhya Pradesh,0
2,41,1,1,1,1,0,3,0.438,3,15,0,0,1,0,0,0,0,1,0,0,0,0,0,0,0,1,0,0,0,0,0,Drug Trafficking,Kaala Bichhoo Gang,2019-02-14,Kerala,0
0,26,0,0,0,1,1,0,0.379,15,2,0,0,0,0,0,1,0,0,0,0,0,1,0,0,0,1,0,0,0,0,0,Cybercrime,None,2023-05-19,Uttar Pradesh,0
1,27,0,0,1,1,0,1,0.392,15,4,0,0,0,1,0,0,0,0,0,0,0,1,0,0,0,0,0,0,0,0,1,Drug Trafficking,None,2024-11-13,Uttar Pradesh,1
1,33,0,0,0,0,0,2,0.246,21,3,0,0,0,1,0,0,1,0,0,0,0,0,0,0,0,0,0,0,1,0,0,Kidnapping,None,2021-01-20,Bihar,0
0,36,0,0,0,1,0,0,0.484,12,0,0,0,0,0,0,1,0,0,0,1,0,0,0,0,0,0,1,0,0,0,0,Fraud,None,2021-10-05,Gujarat,0
1,27,0,0,0,1,0,1,0.35,22,0,1,0,0,0,0,0,0,1,0,0,0,0,1,0,0,0,0,0,0,0,0,Burglary,None,2025-10-03,Gujarat,0
5,45,0,0,0,1,0,1,0.225,21,1,0,1,0,0,0,0,0,0,0,0,1,0,0,0,0,1,0,0,0,0,0,Fraud,None,2025-09-17,Haryana,0
1,27,0,1,0,1,0,1,0.356,11,6,0,0,1,0,0,0,0,0,0,0,0,1,0,1,0,0,0,0,0,0,0,Arms Trafficking,None,2025-07-29,Uttar Pradesh,0
1,16,1,0,0,0,0,2,0.764,2,2,0,0,0,0,1,0,0,0,0,1,0,0,0,0,1,0,0,0,0,0,0,Burglary,Lal Toofan Crew,2018-10-02,Rajasthan,1
0,24,1,0,0,0,0,4,0.396,22,3,0,0,0,0,0,1,0,1,0,0,0,0,0,0,0,0,0,0,0,1,0,Arson,Kaali Billi Crew,2020-01-26,Madhya Pradesh,1
3,40,1,1,0,1,1,4,0.663,4,8,0,0,0,1,0,0,1,0,0,0,0,0,0,0,0,0,0,0,1,0,0,Kidnapping,Patang Syndicate,2021-04-29,Telangana,1
3,32,0,0,0,1,1,0,0.257,19,4,0,0,0,0,0,1,0,0,0,1,0,0,0,0,0,1,0,0,0,0,0,Fraud,None,2024-11-28,Maharashtra,0
1,31,1,0,0,1,1,1,0.716,19,11,0,0,0,0,0,1,0,0,0,1,0,0,0,0,0,0,1,0,0,0,0,Cybercrime,Neela Saanp Syndicate,2022-11-06,Karnataka,0
1,16,0,0,0,1,0,1,0.526,20,3,0,1,0,0,0,0,0,0,1,0,0,0,1,0,0,0,0,0,0,0,0,Car Theft,None,2024-11-13,Maharashtra,1
0,35,0,1,0,1,0,2,0.413,8,5,0,0,0,1,0,0,0,0,0,1,0,0,0,0,0,0,0,1,0,0,0,Arms Trafficking,None,2024-07-03,Maharashtra,1
1,41,1,0,0,1,1,2,0.793,20,9,0,0,1,0,0,0,0,1,0,0,0,0,0,0,0,0,0,0,1,0,0,Kidnapping,Patang Syndicate,2022-06-27,Punjab,0
0,16,0,0,0,1,0,0,0.433,12,2,0,1,0,0,0,0,0,1,0,0,0,0,0,0,0,0,0,0,0,1,0,Vandalism,None,2023-03-27,Bihar,1
1,30,0,1,0,0,0,4,0.454,8,1,1,0,0,0,0,0,1,0,0,0,0,0,0,0,1,0,0,0,0,0,0,Murder,None,2018-08-20,West Bengal,0
2,35,0,1,0,1,0,2,0.265,1,8,1,0,0,0,0,0,0,0,0,1,0,0,0,0,0,0,0,0,1,0,0,Kidnapping,None,2023-04-23,West Bengal,1
4,34,0,0,0,0,0,1,0.149,20,1,0,0,0,0,0,1,0,1,0,0,0,0,1,0,0,0,0,0,0,0,0,Burglary,None,2019-05-20,Gujarat,0
7,46,1,1,0,1,1,4,0.643,12,7,0,1,0,0,0,0,0,0,0,1,0,0,0,0,0,0,0,0,0,0,1,Extortion,Teen Talwar Gang,2024-07-17,Tamil Nadu,1
1,32,0,0,0,1,0,4,0.814,15,3,1,0,0,0,0,0,1,0,0,0,0,0,0,0,0,0,0,0,1,0,0,Kidnapping,None,2020-09-20,Uttar Pradesh,0
0,24,0,0,0,0,0,4,0.191,8,3,0,1,0,0,0,0,1,0,0,0,0,0,0,0,1,0,0,0,0,0,0,Assault,None,2019-09-08,Rajasthan,0
2,35,1,1,0,0,0,4,0.507,12,11,1,0,0,0,0,0,1,0,0,0,0,0,0,1,0,0,0,0,0,0,0,Assault,Neela Saanp Syndicate,2019-09-19,West Bengal,1
0,28,0,0,1,0,0,2,0.324,20,3,0,1,0,0,0,0,1,0,0,0,0,0,0,0,1,0,0,0,0,0,0,Assault,None,2022-10-07,Tamil Nadu,0
2,29,0,0,0,0,1,2,0.477,22,0,0,0,1,0,0,0,1,0,0,0,0,0,0,0,1,0,0,0,0,0,0,Assault,None,2018-10-23,Telangana,0
0,29,1,0,0,1,0,0,0.52,12,2,1,0,0,0,0,0,0,1,0,0,0,0,0,0,0,0,0,0,0,1,0,Arson,Kaali Billi Crew,2025-01-09,Haryana,0
3,40,1,1,0,1,0,2,0.802,16,6,0,0,1,0,0,0,0,0,0,1,0,0,0,0,0,0,0,0,0,0,1,Extortion,Teen Talwar Gang,2019-09-01,Gujarat,1
2,21,0,1,0,0,0,5,0.335,13,0,0,0,1,0,0,0,0,1,0,0,0,0,0,0,1,0,0,0,0,0,0,Assault,None,2025-12-10,Madhya Pradesh,1
4,26,1,0,0,1,0,1,0.436,20,1,0,1,0,0,0,0,0,1,0,0,0,0,0,0,0,0,1,0,0,0,0,Car Theft,Kaali Billi Crew,2023-01-16,Haryana,1
0,27,0,0,0,1,0,1,0.65,0,1,0,1,0,0,0,0,0,0,0,1,0,0,1,0,0,0,0,0,0,0,0,Burglary,None,2018-04-13,Uttar Pradesh,0
2,51,1,1,0,1,1,1,0.718,18,11,0,0,1,0,0,0,0,0,0,0,0,1,0,0,0,0,0,1,0,0,0,Arms Trafficking,Teen Talwar Gang,2025-09-13,Tamil Nadu,0
0,16,0,1,0,1,0,3,0.407,10,7,0,0,1,0,0,0,0,0,0,1,0,0,0,0,0,0,1,0,0,0,0,Robbery,None,2024-01-16,Haryana,0
4,24,1,0,0,1,1,2,0.312,16,10,0,0,0,0,0,1,0,0,0,0,1,0,0,0,0,0,1,0,0,0,0,Cybercrime,Neela Saanp Syndicate,2023-08-20,Karnataka,1
1,39,0,1,0,1,1,0,0.396,4,2,0,0,1,0,0,0,0,0,1,0,0,0,1,0,0,0,0,0,0,0,0,Car Theft,None,2019-03-17,Maharashtra,0
3,27,1,0,1,1,0,2,0.573,15,3,0,0,1,0,0,0,0,0,0,0,0,1,0,0,0,0,0,1,0,0,0,Drug Trafficking,Kaala Bichhoo Gang,2019-02-05,Kerala,1
2,32,0,0,0,1,1,0,0.334,4,4,0,0,0,0,0,1,1,0,0,0,0,0,0,0,0,0,0,0,0,1,0,Human Trafficking,None,2025-08-05,Haryana,0
0,26,0,0,1,1,0,1,0.245,12,7,0,0,0,1,0,0,0,0,0,0,0,1,0,0,0,0,0,1,0,0,0,Drug Trafficking,None,2021-06-13,Bihar,1
1,33,1,1,0,1,1,2,0.713,10,12,0,0,0,0,0,1,1,0,0,0,0,0,0,0,0,0,0,0,0,0,1,Extortion,Patang Syndicate,2018-06-09,Punjab,0
0,27,1,0,0,1,0,0,0.669,23,1,0,0,1,0,0,0,0,0,1,0,0,0,0,0,1,0,0,0,0,0,0,Car Theft,Lal Toofan Crew,2022-12-20,Rajasthan,1
2,41,1,0,0,1,1,0,0.562,0,17,1,0,0,0,0,0,1,0,0,0,0,0,0,0,0,1,0,0,0,0,0,Human Trafficking,Patang Syndicate,2025-03-07,Punjab,1
0,18,0,0,0,0,0,1,0.385,2,3,1,0,0,0,0,0,0,0,0,1,0,0,1,0,0,0,0,0,0,0,0,Burglary,None,2025-06-03,Uttar Pradesh,0
3,23,0,0,0,0,0,3,0.522,22,2,0,1,0,0,0,0,1,0,0,0,0,0,0,0,1,0,0,0,0,0,0,Assault,None,2022-07-28,Gujarat,1
0,27,0,1,1,1,0,1,0.138,4,7,0,0,1,0,0,0,0,0,0,0,0,1,0,0,0,0,0,1,0,0,0,Drug Trafficking,None,2024-09-19,Tamil Nadu,1
0,28,0,0,0,1,1,0,0.636,9,1,0,0,0,0,0,1,0,0,0,1,0,0,0,0,0,1,0,0,0,0,0,Cybercrime,None,2022-08-20,West Bengal,0
3,42,1,0,0,1,1,0,0.51,12,11,0,0,0,0,1,0,0,0,0,1,0,0,0,0,0,1,0,0,0,0,0,Money Laundering,Neela Saanp Syndicate,2024-06-02,Karnataka,1
3,50,0,0,0,1,1,0,0.319,21,5,0,0,0,0,1,0,0,0,0,1,0,0,0,0,0,1,0,0,0,0,0,Money Laundering,None,2024-09-29,Uttar Pradesh,0
3,18,1,0,1,0,0,2,0.857,14,3,1,0,0,0,0,0,0,1,0,0,0,0,0,0,0,0,0,0,0,1,0,Vandalism,Kaali Billi Crew,2018-08-13,Madhya Pradesh,0
0,37,0,0,0,0,0,0,0.069,8,2,0,0,0,0,0,1,0,0,0,1,0,0,0,0,0,1,0,0,0,0,0,Fraud,None,2024-03-18,Maharashtra,0
0,23,0,0,0,0,0,3,0.575,12,1,0,0,1,0,0,0,1,0,0,0,0,0,0,0,0,0,0,0,1,0,0,Kidnapping,None,2018-11-25,Maharashtra,1
2,16,1,0,0,1,0,1,0.332,2,1,0,0,1,0,0,0,0,0,1,0,0,0,1,0,0,0,0,0,0,0,0,Car Theft,Lal Toofan Crew,2019-02-16,Delhi,1
1,24,0,0,0,1,0,0,0.383,20,2,0,0,0,1,0,0,0,1,0,0,0,0,0,0,0,1,0,0,0,0,0,Burglary,None,2019-11-24,Uttar Pradesh,0
3,27,0,1,0,1,1,1,0.418,11,5,0,0,0,1,0,0,1,0,0,0,0,0,0,0,0,0,0,0,1,0,0,Kidnapping,None,2018-05-17,Delhi,1
1,26,0,0,0,1,0,0,0.333,2,1,0,1,0,0,0,0,0,1,0,0,0,0,1,0,0,0,0,0,0,0,0,Burglary,None,2021-05-18,West Bengal,0
0,22,0,1,0,1,0,4,0.416,20,4,1,0,0,0,0,0,1,0,0,0,0,0,0,0,0,0,0,0,1,0,0,Kidnapping,None,2023-11-20,Telangana,0
1,36,0,0,0,1,1,1,0.348,15,8,0,0,0,0,0,1,0,0,0,1,0,0,0,0,0,0,1,0,0,0,0,Money Laundering,None,2023-05-19,Bihar,0
0,30,0,0,0,1,0,0,0.245,3,2,0,0,0,1,0,0,0,0,0,0,0,1,1,0,0,0,0,0,0,0,0,Burglary,None,2023-11-03,Uttar Pradesh,0
2,19,1,1,0,1,0,1,0.426,18,8,0,0,0,1,0,0,0,0,1,0,0,0,1,0,0,0,0,0,0,0,0,Car Theft,Teen Talwar Gang,2025-09-15,Tamil Nadu,0
1,37,0,0,0,1,1,0,0.387,18,3,0,0,0,0,1,0,0,0,0,1,0,0,0,0,0,1,0,0,0,0,0,Fraud,None,2021-06-15,Telangana,1
1,42,1,1,0,0,0,3,0.795,4,12,0,0,0,0,0,1,0,0,0,0,0,1,0,0,0,0,0,1,0,0,0,Arms Trafficking,Kaala Bichhoo Gang,2019-06-04,Kerala,1
1,29,0,0,0,0,0,3,0.251,22,2,0,0,1,0,0,0,0,1,0,0,0,0,0,0,0,0,0,0,0,1,0,Vandalism,None,2024-05-22,Uttar Pradesh,1
0,16,0,0,0,0,0,0,0.245,21,0,1,0,0,0,0,0,0,1,0,0,0,0,0,0,0,0,0,0,0,1,0,Vandalism,None,2020-10-20,Madhya Pradesh,0
2,40,0,1,1,1,0,1,0.324,16,4,1,0,0,0,0,0,1,0,0,0,0,0,0,0,0,1,0,0,0,0,0,Human Trafficking,None,2024-08-19,Karnataka,1
2,33,1,0,1,0,1,1,0.635,21,13,1,0,0,0,0,0,1,0,0,0,0,0,0,0,0,0,0,0,1,0,0,Human Trafficking,Patang Syndicate,2022-05-20,Telangana,0
1,28,0,1,0,0,0,2,0.666,16,3,1,0,0,0,0,0,1,0,0,0,0,0,0,1,0,0,0,0,0,0,0,Murder,None,2019-01-25,Rajasthan,0
4,37,1,1,0,1,0,4,0.439,0,12,0,0,0,0,0,1,1,0,0,0,0,0,0,0,0,0,0,0,1,0,0,Human Trafficking,Patang Syndicate,2021-05-12,Punjab,1
2,31,0,0,0,0,0,1,0.507,1,5,0,0,1,0,0,0,1,0,0,0,0,0,0,0,1,0,0,0,0,0,0,Assault,None,2018-10-13,Uttar Pradesh,0
1,30,0,0,1,1,0,1,0.223,3,3,1,0,0,0,0,0,0,0,0,0,0,1,0,0,0,0,0,1,0,0,0,Drug Trafficking,None,2023-09-25,Tamil Nadu,0
1,19,0,0,0,1,0,2,0.344,3,3,1,0,0,0,0,0,0,1,0,0,0,0,1,0,0,0,0,0,0,0,0,Burglary,None,2020-07-26,Delhi,0
1,18,1,1,0,0,0,2,0.701,3,4,0,1,0,0,0,0,1,0,0,0,0,0,0,1,0,0,0,0,0,0,0,Assault,Kaali Billi Crew,2018-05-06,Haryana,1
0,24,0,0,0,1,1,0,0.414,14,2,0,0,0,0,0,1,0,0,0,0,1,0,0,0,0,0,1,0,0,0,0,Cybercrime,None,2019-05-13,Rajasthan,0
1,38,0,1,1,1,0,3,0.54,16,8,0,0,0,1,0,0,0,0,0,1,0,0,0,0,0,0,0,1,0,0,0,Drug Trafficking,None,2023-06-11,Madhya Pradesh,1
3,27,1,0,0,1,0,4,0.831,16,6,0,1,0,0,0,0,1,0,0,0,0,0,0,1,0,0,0,0,0,0,0,Assault,Kaala Bichhoo Gang,2022-09-29,Maharashtra,0
3,40,1,1,1,1,1,2,0.583,10,14,0,0,0,1,0,0,1,0,0,0,0,0,0,0,0,0,0,0,1,0,0,Human Trafficking,Patang Syndicate,2021-01-06,Punjab,1
2,27,0,1,0,1,1,1,0.24,14,2,0,0,0,1,0,0,1,0,0,0,0,0,0,0,0,0,0,0,1,0,0,Kidnapping,None,2019-02-14,Karnataka,0
0,30,0,0,0,1,1,0,0.346,10,1,0,0,0,0,1,0,0,0,0,0,0,1,0,0,0,0,1,0,0,0,0,Cybercrime,None,2020-10-03,Tamil Nadu,0
0,23,0,0,0,1,0,1,0.535,21,0,1,0,0,0,0,0,0,1,0,0,0,0,1,0,0,0,0,0,0,0,0,Burglary,None,2021-07-05,Haryana,0
0,25,0,1,0,0,0,8,0.71,4,0,0,0,1,0,0,0,1,0,0,0,0,0,0,0,1,0,0,0,0,0,0,Assault,None,2018-01-25,Maharashtra,1
2,43,0,0,0,1,1,0,0.257,18,1,0,0,0,0,1,0,0,0,0,1,0,0,0,0,0,1,0,0,0,0,0,Fraud,None,2023-12-11,Bihar,0
5,31,1,1,0,1,1,4,0.73,21,5,0,1,0,0,0,0,0,0,0,1,0,0,0,0,0,0,0,0,0,0,1,Extortion,Teen Talwar Gang,2024-02-20,Tamil Nadu,1
3,45,1,1,0,1,0,5,0.621,13,10,0,0,1,0,0,0,1,0,0,0,0,0,0,0,0,0,0,0,1,0,0,Kidnapping,Patang Syndicate,2018-08-02,Punjab,1
0,41,0,0,0,1,0,0,0.418,17,6,0,1,0,0,0,0,0,0,0,1,0,0,0,0,0,1,0,0,0,0,0,Fraud,None,2023-10-10,West Bengal,0
0,18,1,0,0,1,1,1,0.616,19,10,0,0,0,0,0,1,0,0,0,0,1,0,0,0,0,0,1,0,0,0,0,Cybercrime,Neela Saanp Syndicate,2021-06-28,Karnataka,1
0,16,0,0,1,0,0,1,0.329,22,2,0,0,1,0,0,0,0,1,0,0,0,0,0,0,0,0,0,0,0,1,0,Vandalism,None,2024-03-23,Bihar,0
2,31,1,1,0,1,0,3,0.563,3,10,0,0,0,1,0,0,0,0,0,0,0,1,0,0,0,0,0,1,0,0,0,Arms Trafficking,Teen Talwar Gang,2020-08-06,Tamil Nadu,0
0,23,0,0,0,1,0,2,0.937,20,1,0,0,0,1,0,0,1,0,0,0,0,0,0,1,0,0,0,0,0,0,0,Robbery,None,2025-06-03,Bihar,0
0,24,0,0,0,1,1,0,0.145,9,2,0,0,0,0,0,1,0,0,0,0,1,0,0,0,0,0,1,0,0,0,0,Cybercrime,None,2024-11-26,Gujarat,0
0,20,0,0,0,1,0,2,0.703,23,0,0,0,1,0,0,0,0,0,1,0,0,0,0,0,0,0,1,0,0,0,0,Car Theft,None,2023-09-28,Rajasthan,0
1,32,0,0,0,1,0,0,0.107,10,6,0,1,0,0,0,0,0,0,0,0,1,0,0,0,0,0,0,0,0,1,0,Money Laundering,None,2021-10-10,Bihar,0
1,29,0,1,0,1,0,2,0.429,20,4,0,0,1,0,0,0,0,0,0,0,0,1,0,0,0,0,0,1,0,0,0,Drug Trafficking,None,2024-09-25,Uttar Pradesh,0
2,27,1,1,1,1,0,1,0.495,0,5,0,0,0,1,0,0,0,0,0,0,0,1,0,0,0,0,0,1,0,0,0,Drug Trafficking,Kaala Bichhoo Gang,2022-02-04,Maharashtra,1
3,26,1,0,0,0,0,2,0.735,13,10,0,0,1,0,0,0,0,0,0,1,0,0,0,0,0,0,0,0,1,0,0,Kidnapping,Patang Syndicate,2018-08-15,Punjab,1
3,37,1,1,0,1,1,3,0.343,9,10,0,0,0,1,0,0,0,0,0,1,0,0,0,0,0,0,0,1,0,0,0,Arms Trafficking,Patang Syndicate,2019-10-16,Punjab,0
4,33,1,0,1,1,0,5,0.559,14,11,0,1,0,0,0,0,0,0,0,0,0,1,0,0,0,0,0,1,0,0,0,Drug Trafficking,Kaala Bichhoo Gang,2023-09-14,Maharashtra,1
1,28,0,0,0,0,0,0,0.332,23,2,1,0,0,0,0,0,0,1,0,0,0,0,0,0,0,1,0,0,0,0,0,Burglary,None,2020-07-12,Tamil Nadu,1
0,27,0,1,1,0,0,2,0.303,10,2,0,0,1,0,0,0,1,0,0,0,0,0,0,0,1,0,0,0,0,0,0,Assault,None,2023-02-01,Tamil Nadu,0
3,44,0,0,0,1,1,0,0.099,17,5,0,0,0,0,1,0,0,0,0,1,0,0,0,0,0,1,0,0,0,0,0,Money Laundering,None,2021-07-21,Bihar,0
1,33,0,0,0,1,0,1,0.267,13,1,0,1,0,0,0,0,0,0,0,1,0,0,0,0,0,1,0,0,0,0,0,Fraud,None,2023-07-27,Tamil Nadu,0
1,42,0,0,0,1,0,0,0.283,15,0,1,0,0,0,0,0,0,1,0,0,0,0,0,0,0,1,0,0,0,0,0,Burglary,None,2019-12-31,Uttar Pradesh,0
0,32,0,0,0,0,0,1,0.382,0,0,1,0,0,0,0,0,0,0,0,1,0,0,1,0,0,0,0,0,0,0,0,Burglary,None,2025-12-07,Tamil Nadu,0
0,18,1,0,0,0,1,1,0.256,1,2,0,0,1,0,0,0,0,0,1,0,0,0,1,0,0,0,0,0,0,0,0,Car Theft,Kaali Billi Crew,2021-07-22,Haryana,1
0,27,1,0,0,1,1,0,0.388,12,3,0,0,0,0,0,1,0,0,0,1,0,0,0,0,0,1,0,0,0,0,0,Fraud,Neela Saanp Syndicate,2020-04-13,Karnataka,0
0,20,1,0,0,1,0,0,0.65,2,1,1,0,0,0,0,0,0,1,0,0,0,0,1,0,0,0,0,0,0,0,0,Burglary,Kaali Billi Crew,2025-11-14,Madhya Pradesh,0
1,29,0,0,0,1,1,1,0.198,1,4,0,1,0,0,0,0,0,0,1,0,0,0,1,0,0,0,0,0,0,0,0,Car Theft,None,2025-11-24,Bihar,0
1,41,0,0,1,1,0,1,0.756,4,5,0,0,0,0,0,1,1,0,0,0,0,0,0,0,0,0,0,0,1,0,0,Kidnapping,None,2023-09-17,Uttar Pradesh,0
0,29,0,1,0,1,0,0,0.227,10,1,1,0,0,0,0,0,0,1,0,0,0,0,1,0,0,0,0,0,0,0,0,Burglary,None,2025-03-22,Bihar,0
2,27,1,1,0,1,0,1,0.529,4,3,0,0,1,0,0,0,0,0,1,0,0,0,1,0,0,0,0,0,0,0,0,Car Theft,Kaali Billi Crew,2018-12-31,Haryana,0
1,34,1,1,0,0,0,3,0.721,1,2,0,1,0,0,0,0,1,0,0,0,0,0,0,0,1,0,0,0,0,0,0,Murder,Teen Talwar Gang,2020-01-09,Tamil Nadu,1
1,16,1,0,0,0,0,1,0.523,2,2,1,0,0,0,0,0,0,1,0,0,0,0,0,0,0,0,0,0,0,1,0,Burglary,Kaali Billi Crew,2022-03-22,Haryana,0
1,29,1,1,0,1,0,3,0.59,22,15,1,0,0,0,0,0,1,0,0,0,0,0,0,0,0,0,0,0,0,0,1,Kidnapping,Patang Syndicate,2019-11-13,Punjab,1
1,25,0,1,0,1,0,2,0.072,1,2,1,0,0,0,0,0,0,1,0,0,0,0,1,0,0,0,0,0,0,0,0,Burglary,None,2020-07-28,Bihar,1
0,43,0,0,0,1,0,0,0.415,9,0,0,1,0,0,0,0,0,0,0,0,1,0,0,0,0,1,0,0,0,0,0,Fraud,None,2022-02-22,Punjab,0
2,17,0,0,1,0,0,3,0.315,23,3,1,0,0,0,0,0,0,1,0,0,0,0,0,0,0,0,0,0,0,1,0,Arson,None,2020-10-10,Gujarat,1
1,32,1,0,0,1,1,3,0.456,16,10,0,0,0,0,0,1,0,0,0,1,0,0,0,0,0,1,0,0,0,0,0,Fraud,Neela Saanp Syndicate,2021-09-05,West Bengal,0
1,24,0,0,1,1,0,1,0.096,9,2,0,1,0,0,0,0,0,0,1,0,0,0,1,0,0,0,0,0,0,0,0,Car Theft,None,2019-09-05,Telangana,0
1,33,1,1,0,0,0,6,0.499,0,7,0,0,1,0,0,0,1,0,0,0,0,0,0,0,1,0,0,0,0,0,0,Murder,Teen Talwar Gang,2020-11-30,Tamil Nadu,1
1,44,0,0,0,1,0,0,0.436,16,4,0,0,0,0,0,1,0,0,0,1,0,0,0,0,0,1,0,0,0,0,0,Fraud,None,2023-11-12,West Bengal,0
2,20,1,0,0,0,0,0,0.574,20,3,0,1,0,0,0,0,0,0,0,1,0,0,1,0,0,0,0,0,0,0,0,Burglary,Lal Toofan Crew,2024-12-06,Rajasthan,1
0,16,1,0,0,1,0,1,0.316,21,3,0,1,0,0,0,0,0,0,0,0,1,0,1,0,0,0,0,0,0,0,0,Burglary,Lal Toofan Crew,2025-06-06,Rajasthan,0
1,31,1,0,1,1,0,3,0.306,10,10,0,0,0,1,0,0,0,0,0,0,0,1,0,0,0,0,0,0,1,0,0,Drug Trafficking,Kaala Bichhoo Gang,2024-09-07,Maharashtra,0
1,28,0,0,0,1,0,0,0.546,2,1,0,0,1,0,0,0,0,0,1,0,0,0,1,0,0,0,0,0,0,0,0,Car Theft,None,2020-03-10,Uttar Pradesh,0
2,30,0,0,1,1,1,0,0.189,18,0,0,0,0,0,1,0,0,0,0,1,0,0,1,0,0,0,0,0,0,0,0,Fraud,None,2022-12-14,West Bengal,1
1,27,0,0,1,0,1,1,0.576,10,8,1,0,0,0,0,0,1,0,0,0,0,0,0,0,0,0,0,0,0,0,1,Human Trafficking,None,2020-07-02,Telangana,1
1,35,0,0,0,1,1,0,0.34,11,4,0,0,0,0,0,1,0,0,0,0,1,0,0,0,0,0,1,0,0,0,0,Cybercrime,None,2018-08-26,Gujarat,0
1,37,1,1,0,1,0,2,0.673,2,5,0,0,1,0,0,0,0,0,0,0,0,1,0,0,0,0,1,0,0,0,0,Arms Trafficking,Teen Talwar Gang,2019-09-22,Gujarat,1
6,31,1,0,0,1,0,0,0.29,3,1,0,1,0,0,0,0,0,0,1,0,0,0,0,0,0,1,0,0,0,0,0,Car Theft,Lal Toofan Crew,2018-02-28,Delhi,1
2,35,0,0,0,1,1,0,0.509,8,4,0,0,1,0,0,0,0,0,0,1,0,0,0,0,0,1,0,0,0,0,0,Fraud,None,2025-02-10,Madhya Pradesh,0
1,40,0,0,0,1,0,0,0.37,8,0,0,0,0,0,1,0,0,0,0,1,0,0,0,0,0,1,0,0,0,0,0,Fraud,None,2020-02-11,Haryana,0
3,22,1,0,0,0,0,2,0.604,3,4,1,0,0,0,0,0,0,0,0,1,0,0,1,0,0,0,0,0,0,0,0,Burglary,Lal Toofan Crew,2023-05-19,Rajasthan,1
4,26,0,0,0,1,0,5,0.744,22,11,0,0,0,1,0,0,1,0,0,0,0,0,0,0,0,0,0,0,1,0,0,Kidnapping,None,2019-05-21,Gujarat,1
2,20,0,0,0,0,0,0,0.602,8,3,0,1,0,0,0,0,1,0,0,0,0,0,0,0,1,0,0,0,0,0,0,Assault,None,2018-11-11,Uttar Pradesh,1
0,29,0,0,0,1,0,4,0.476,21,2,0,0,1,0,0,0,0,0,1,0,0,0,0,0,1,0,0,0,0,0,0,Assault,None,2024-06-30,Gujarat,1
3,43,1,0,0,1,1,3,0.463,23,11,0,1,0,0,0,0,0,0,0,1,0,0,0,0,0,0,0,0,0,0,1,Extortion,Teen Talwar Gang,2023-12-14,Tamil Nadu,1
3,42,1,1,0,1,0,4,0.574,14,3,0,0,0,0,0,1,0,0,0,1,0,0,0,0,0,0,0,0,0,0,1,Extortion,Teen Talwar Gang,2019-04-16,Gujarat,0
3,41,0,0,0,1,1,0,0.44,9,3,1,0,0,0,0,0,0,0,0,1,0,0,0,0,0,1,0,0,0,0,0,Fraud,None,2018-08-27,Uttar Pradesh,0
8,27,1,1,0,0,0,3,0.501,13,7,1,0,0,0,0,0,0,1,0,0,0,0,0,0,0,0,0,0,0,1,0,Arson,Lal Toofan Crew,2018-06-11,Delhi,1
3,34,0,0,0,1,0,1,0.373,3,2,0,0,0,0,1,0,0,0,0,1,0,0,0,0,0,1,0,0,0,0,0,Fraud,None,2020-03-10,Uttar Pradesh,0
0,26,0,0,0,1,0,0,0.078,15,1,0,1,0,0,0,0,0,1,0,0,0,0,1,0,0,0,0,0,0,0,0,Burglary,None,2022-05-09,Uttar Pradesh,0
1,23,0,0,0,0,0,1,0.329,3,1,0,1,0,0,0,0,0,1,0,0,0,0,0,0,0,0,0,0,0,1,0,Vandalism,None,2018-04-23,Gujarat,0
2,30,0,0,1,0,0,0,0.431,4,11,0,1,0,0,0,0,0,0,0,0,1,0,0,0,0,0,0,1,0,0,0,Drug Trafficking,None,2019-02-04,Karnataka,1
4,17,0,0,1,0,0,3,0.511,19,4,0,0,0,1,0,0,0,0,0,1,0,0,0,0,0,0,0,0,0,0,1,Assault,None,2024-07-11,Karnataka,0
1,20,0,0,0,0,0,2,0.561,4,4,0,0,1,0,0,0,0,0,0,0,0,1,1,0,0,0,0,0,0,0,0,Vandalism,None,2018-04-09,Punjab,0
2,40,0,0,0,0,0,0,0.762,19,2,1,0,0,0,0,0,1,0,0,0,0,0,0,1,0,0,0,0,0,0,0,Murder,None,2021-06-21,Maharashtra,0
1,16,1,0,0,1,1,1,0.346,14,8,0,0,0,0,0,1,0,0,0,1,0,0,0,0,0,0,1,0,0,0,0,Cybercrime,Neela Saanp Syndicate,2023-05-10,Karnataka,1
0,19,0,0,0,0,0,1,0.165,3,2,0,0,1,0,0,0,0,0,1,0,0,0,0,0,0,0,1,0,0,0,0,Car Theft,None,2024-05-16,Delhi,0
5,30,0,1,0,0,0,6,0.737,4,3,1,0,0,0,0,0,1,0,0,0,0,0,0,0,1,0,0,0,0,0,0,Murder,None,2021-07-22,Maharashtra,1
2,19,1,0,1,1,0,0,0.622,1,5,0,1,0,0,0,0,0,1,0,0,0,0,0,0,0,0,0,0,0,1,0,Arson,Kaali Billi Crew,2024-05-22,Madhya Pradesh,0
3,36,0,1,0,1,1,1,0.709,2,7,0,0,0,0,0,1,1,0,0,0,0,0,0,0,0,0,0,0,0,0,1,Extortion,None,2024-01-13,Madhya Pradesh,1
1,23,1,0,0,0,0,2,0.595,2,3,0,0,1,0,0,0,0,1,0,0,0,0,1,0,0,0,0,0,0,0,0,Car Theft,Lal Toofan Crew,2019-03-25,Delhi,0
3,27,0,1,0,0,0,2,0.322,20,1,0,0,1,0,0,0,1,0,0,0,0,0,0,0,0,0,0,0,1,0,0,Kidnapping,None,2021-06-01,Maharashtra,1
1,30,1,1,0,1,1,3,0.57,2,11,0,0,1,0,0,0,1,0,0,0,0,0,0,1,0,0,0,0,0,0,0,Kidnapping,Patang Syndicate,2022-11-19,Telangana,1
1,26,1,0,0,0,1,0,0.85,22,9,0,0,0,0,0,1,0,0,0,1,0,0,0,0,0,1,0,0,0,0,0,Cybercrime,Neela Saanp Syndicate,2023-07-25,West Bengal,1
2,29,0,1,0,1,0,2,0.471,19,2,0,0,1,0,0,0,1,0,0,0,0,0,0,0,0,0,0,0,1,0,0,Kidnapping,None,2018-03-20,Madhya Pradesh,0
0,16,0,0,0,1,1,0,0.415,22,1,0,1,0,0,0,0,0,0,0,0,1,0,0,0,0,0,1,0,0,0,0,Cybercrime,None,2018-06-02,Madhya Pradesh,0
1,25,0,1,0,1,1,2,0.175,17,2,0,1,0,0,0,0,0,0,0,1,0,0,0,0,0,0,0,0,0,0,1,Extortion,None,2025-08-16,Kerala,1
1,16,0,0,0,1,0,0,0.71,14,3,0,0,1,0,0,0,0,0,1,0,0,0,0,0,0,0,1,0,0,0,0,Car Theft,None,2021-01-03,Maharashtra,0
4,19,1,0,0,1,1,0,0.376,13,6,0,0,0,0,0,1,0,0,0,0,1,0,0,0,0,0,1,0,0,0,0,Cybercrime,Neela Saanp Syndicate,2024-06-25,Karnataka,1
0,31,0,1,0,1,0,4,0.67,2,4,0,1,0,0,0,0,1,0,0,0,0,0,0,0,1,0,0,0,0,0,0,Murder,None,2022-08-14,West Bengal,1
2,36,0,1,0,1,0,1,0.726,1,6,1,0,0,0,0,0,1,0,0,0,0,0,0,0,0,0,0,0,1,0,0,Kidnapping,None,2021-10-18,Bihar,1
3,39,0,0,1,1,0,4,0.278,13,4,0,0,1,0,0,0,0,0,0,0,0,1,0,0,0,0,0,1,0,0,0,Drug Trafficking,None,2020-06-18,Uttar Pradesh,0
1,36,1,0,0,1,1,1,0.931,19,12,0,0,0,0,0,1,0,0,0,1,0,0,0,1,0,0,0,0,0,0,0,Extortion,Teen Talwar Gang,2025-08-14,Gujarat,1
1,37,1,1,0,1,0,1,0.584,16,9,1,0,0,0,0,0,0,0,0,1,0,0,0,1,0,0,0,0,0,0,0,Robbery,Kaala Bichhoo Gang,2023-01-22,Maharashtra,1
3,39,0,0,0,1,1,0,0.26,18,2,0,0,1,0,0,0,0,0,0,1,0,0,0,0,0,0,0,0,0,0,1,Human Trafficking,None,2022-04-27,Delhi,0
0,40,0,0,0,1,1,0,0.195,13,0,0,0,0,0,0,1,0,0,0,0,1,0,0,0,0,0,1,0,0,0,0,Cybercrime,None,2018-03-25,West Bengal,0
1,32,0,0,0,1,0,1,0.673,22,0,1,0,0,0,0,0,0,1,0,0,0,0,0,0,0,0,0,0,0,1,0,Arson,None,2023-02-19,Uttar Pradesh,0
1,20,0,0,0,0,0,2,0.485,4,3,1,0,0,0,0,0,1,0,0,0,0,0,0,0,1,0,0,0,0,0,0,Assault,None,2023-02-14,Gujarat,0
1,22,1,1,0,1,0,1,0.411,23,3,1,0,0,0,0,0,0,1,0,0,0,0,1,0,0,0,0,0,0,0,0,Burglary,Lal Toofan Crew,2018-01-04,Rajasthan,0
2,38,1,1,0,0,0,3,0.709,13,4,0,1,0,0,0,0,1,0,0,0,0,0,0,1,0,0,0,0,0,0,0,Murder,Teen Talwar Gang,2024-07-27,Gujarat,1
1,24,0,0,0,0,0,1,0.155,16,3,1,0,0,0,0,0,0,1,0,0,0,0,0,0,1,0,0,0,0,0,0,Assault,None,2025-08-31,Karnataka,0
0,16,0,0,0,1,0,1,0.191,2,0,0,1,0,0,0,0,0,0,0,1,0,0,1,0,0,0,0,0,0,0,0,Burglary,None,2022-04-10,Bihar,1
2,16,1,0,0,1,1,2,0.671,8,10,0,0,0,0,0,1,0,0,0,1,0,0,0,0,0,0,1,0,0,0,0,Cybercrime,Neela Saanp Syndicate,2022-10-23,West Bengal,0
2,22,0,1,0,1,0,4,0.239,17,7,1,0,0,0,0,0,0,0,0,1,0,0,0,0,0,1,0,0,0,0,0,Extortion,None,2018-07-30,Rajasthan,1
4,50,0,0,0,1,0,1,0.357,18,6,0,0,0,0,1,0,0,0,0,1,0,0,0,0,0,1,0,0,0,0,0,Money Laundering,None,2021-10-13,Maharashtra,1
1,33,0,0,0,1,1,0,0.442,8,1,0,0,1,0,0,0,0,0,1,0,0,0,1,0,0,0,0,0,0,0,0,Car Theft,None,2018-02-26,Tamil Nadu,0
1,28,0,0,0,1,1,0,0.383,12,1,0,0,0,0,0,1,0,0,0,1,0,0,0,0,0,0,1,0,0,0,0,Cybercrime,None,2022-01-14,Rajasthan,0
2,27,0,1,0,1,0,3,0.529,11,3,0,0,1,0,0,0,0,0,0,0,0,1,0,1,0,0,0,0,0,0,0,Arms Trafficking,None,2022-05-23,Bihar,1
1,38,0,1,0,0,0,1,0.214,4,3,0,0,0,0,1,0,1,0,0,0,0,0,0,0,0,0,0,0,1,0,0,Kidnapping,None,2023-04-18,West Bengal,1
2,22,0,0,0,0,0,1,0.295,4,1,0,0,1,0,0,0,0,1,0,0,0,0,0,0,0,0,0,0,0,1,0,Vandalism,None,2024-12-10,Maharashtra,0
1,24,0,0,0,1,0,0,0.615,10,3,1,0,0,0,0,0,0,1,0,0,0,0,1,0,0,0,0,0,0,0,0,Burglary,None,2024-12-25,Uttar Pradesh,0
2,23,0,1,0,1,0,1,0.641,21,5,0,0,1,0,0,0,0,1,0,0,0,0,0,1,0,0,0,0,0,0,0,Robbery,None,2023-01-28,Maharashtra,0
4,42,1,1,0,1,0,3,0.816,19,12,0,0,0,1,0,0,0,0,0,0,0,1,0,0,0,0,0,1,0,0,0,Arms Trafficking,Teen Talwar Gang,2021-12-08,Gujarat,1
2,24,1,0,0,1,1,0,0.412,15,12,0,0,0,0,0,1,0,0,0,0,1,0,0,0,0,1,0,0,0,0,0,Fraud,Neela Saanp Syndicate,2024-04-13,West Bengal,1
8,49,1,1,0,1,1,4,0.796,1,5,1,0,0,0,0,0,0,0,0,1,0,0,0,0,0,0,0,0,0,0,1,Extortion,Teen Talwar Gang,2018-04-11,Tamil Nadu,1
3,30,1,0,0,0,0,1,0.773,23,10,0,0,1,0,0,0,0,1,0,0,0,0,0,0,1,0,0,0,0,0,0,Robbery,Neela Saanp Syndicate,2025-01-02,West Bengal,1
1,22,0,0,0,0,0,2,0.385,23,3,0,0,1,0,0,0,1,0,0,0,0,0,0,0,0,0,0,0,0,0,1,Assault,None,2019-10-16,Tamil Nadu,0
3,31,1,1,1,1,0,3,0.795,2,7,1,0,0,0,0,0,0,0,0,0,0,1,0,0,0,0,0,1,0,0,0,Drug Trafficking,Kaala Bichhoo Gang,2025-04-14,Maharashtra,1
7,39,1,0,0,1,1,1,0.47,19,14,0,0,0,0,0,1,0,0,0,1,0,0,0,0,0,0,1,0,0,0,0,Money Laundering,Neela Saanp Syndicate,2023-12-03,Karnataka,1
0,28,0,0,0,1,1,1,0.82,18,6,0,0,0,1,0,0,1,0,0,0,0,0,0,0,1,0,0,0,0,0,0,Kidnapping,None,2018-06-17,Karnataka,0
3,27,1,0,0,0,0,2,0.559,13,12,1,0,0,0,0,0,1,0,0,0,0,0,0,0,1,0,0,0,0,0,0,Kidnapping,Patang Syndicate,2018-04-18,Telangana,1
2,22,0,1,0,0,0,2,0.63,11,1,1,0,0,0,0,0,0,1,0,0,0,0,0,0,1,0,0,0,0,0,0,Assault,None,2021-02-24,Maharashtra,1
3,30,0,1,0,1,0,4,0.172,8,4,0,1,0,0,0,0,1,0,0,0,0,0,0,0,0,0,0,0,1,0,0,Kidnapping,None,2024-03-08,Uttar Pradesh,1
2,30,0,0,0,1,1,2,0.667,11,4,0,1,0,0,0,0,1,0,0,0,0,0,0,0,0,0,0,0,0,0,1,Extortion,None,2025-02-18,Karnataka,1
1,21,1,0,0,1,1,1,0.57,8,12,0,0,0,0,0,1,0,0,0,1,0,0,0,0,0,0,1,0,0,0,0,Cybercrime,Neela Saanp Syndicate,2025-08-22,Karnataka,0
1,40,0,0,1,1,0,1,0.582,23,8,0,0,1,0,0,0,0,0,0,1,0,0,0,0,0,0,0,1,0,0,0,Drug Trafficking,None,2018-04-30,Tamil Nadu,1
1,26,0,0,1,1,1,0,0.076,9,8,0,0,1,0,0,0,0,1,0,0,0,0,0,0,0,0,0,1,0,0,0,Drug Trafficking,None,2020-03-29,Bihar,0
0,24,0,0,0,1,1,0,0.359,9,0,0,0,0,0,0,1,0,0,0,0,1,0,0,0,0,0,1,0,0,0,0,Cybercrime,None,2021-03-07,West Bengal,1
1,33,0,1,0,1,0,3,0.331,2,4,0,0,0,1,0,0,0,0,0,0,0,1,0,0,0,1,0,0,0,0,0,Arms Trafficking,None,2025-12-16,Uttar Pradesh,0
2,41,0,0,0,1,0,1,0.247,14,9,0,0,1,0,0,0,0,0,0,1,0,0,0,0,0,1,0,0,0,0,0,Human Trafficking,None,2018-11-16,Maharashtra,0
0,29,0,0,0,1,1,1,0.059,1,0,0,1,0,0,0,0,0,0,1,0,0,0,0,0,0,0,1,0,0,0,0,Car Theft,None,2024-04-07,Maharashtra,0
1,23,0,1,1,0,0,2,0.209,17,2,1,0,0,0,0,0,0,0,0,0,0,1,0,0,0,0,0,1,0,0,0,Drug Trafficking,None,2025-02-12,Bihar,1
1,21,0,0,0,1,0,0,0.219,1,0,0,0,0,0,0,1,0,0,0,1,0,0,0,0,0,0,1,0,0,0,0,Cybercrime,None,2023-09-13,Madhya Pradesh,0
1,28,0,1,0,1,0,1,0.389,13,3,0,0,0,1,0,0,0,0,0,0,0,1,0,1,0,0,0,0,0,0,0,Arms Trafficking,None,2019-01-13,West Bengal,0
5,30,1,1,0,1,0,6,0.657,18,10,1,0,0,0,0,0,0,0,0,1,0,0,0,0,0,0,0,0,0,0,1,Extortion,Teen Talwar Gang,2021-09-04,Gujarat,1
0,29,0,1,0,1,1,4,0.518,9,6,1,0,0,0,0,0,0,0,0,0,0,1,1,0,0,0,0,0,0,0,0,Arms Trafficking,None,2023-04-18,Maharashtra,1
3,40,1,1,0,0,0,5,0.751,1,4,0,0,0,1,0,0,1,0,0,0,0,0,0,1,0,0,0,0,0,0,0,Murder,Teen Talwar Gang,2022-05-16,Gujarat,0
1,39,1,0,1,1,0,0,0.69,4,7,0,0,0,1,0,0,0,0,0,0,0,1,0,0,0,0,0,1,0,0,0,Drug Trafficking,Kaala Bichhoo Gang,2018-05-30,Maharashtra,1
0,24,0,0,1,1,0,1,0.234,12,4,1,0,0,0,0,0,0,0,1,0,0,0,0,0,0,0,0,1,0,0,0,Drug Trafficking,None,2025-11-28,Madhya Pradesh,0
3,49,1,0,0,1,0,1,0.099,16,8,0,1,0,0,0,0,0,0,0,1,0,0,0,0,0,1,0,0,0,0,0,Money Laundering,Kaala Bichhoo Gang,2021-12-21,Kerala,1
0,19,0,0,0,0,0,1,0.263,1,2,0,0,1,0,0,0,1,0,0,0,0,0,0,0,1,0,0,0,0,0,0,Assault,None,2024-04-29,Haryana,0
0,45,1,0,0,1,1,1,0.546,14,16,0,1,0,0,0,0,0,0,0,1,0,0,0,0,0,1,0,0,0,0,0,Fraud,Patang Syndicate,2025-08-04,Punjab,1
0,36,0,0,0,1,1,0,0.247,15,7,0,0,0,1,0,0,1,0,0,0,0,0,0,0,0,0,0,0,1,0,0,Human Trafficking,None,2023-10-29,Madhya Pradesh,0
1,29,0,0,0,0,1,0,0.303,18,4,0,0,0,0,0,1,0,0,0,1,0,0,0,0,1,0,0,0,0,0,0,Fraud,None,2025-10-26,Rajasthan,0
1,36,0,0,0,1,0,1,0.533,11,1,0,1,0,0,0,0,0,0,0,1,0,0,0,0,0,0,1,0,0,0,0,Fraud,None,2024-09-10,Tamil Nadu,1
2,24,0,1,0,0,1,6,0.054,16,4,0,0,0,1,0,0,1,0,0,0,0,0,0,0,0,0,0,0,1,0,0,Kidnapping,None,2019-05-09,Rajasthan,1
1,33,0,0,1,0,0,1,0.647,10,1,0,0,0,1,0,0,1,0,0,0,0,0,0,1,0,0,0,0,0,0,0,Assault,None,2020-01-24,West Bengal,1
1,16,1,0,0,1,0,2,0.549,8,3,0,1,0,0,0,0,0,0,0,1,0,0,1,0,0,0,0,0,0,0,0,Burglary,Kaali Billi Crew,2023-11-15,Haryana,1
2,22,0,0,0,1,0,0,0.865,17,3,0,0,0,0,1,0,0,0,0,1,0,0,0,0,0,1,0,0,0,0,0,Fraud,None,2018-08-31,West Bengal,1
3,17,1,0,0,0,1,0,0.401,14,7,0,0,0,0,0,1,0,0,0,0,1,0,0,0,0,0,0,0,0,0,1,Cybercrime,Neela Saanp Syndicate,2018-11-21,Karnataka,1
3,30,0,1,0,1,1,2,0.566,21,4,0,1,0,0,0,0,0,0,0,1,0,0,0,0,1,0,0,0,0,0,0,Extortion,None,2025-02-28,Madhya Pradesh,1
1,39,0,0,0,1,1,0,0.242,4,5,1,0,0,0,0,0,0,0,0,1,0,0,0,0,0,1,0,0,0,0,0,Fraud,None,2018-02-25,Uttar Pradesh,0
4,34,1,1,0,0,1,4,0.507,17,4,0,0,1,0,0,0,1,0,0,0,0,0,0,1,0,0,0,0,0,0,0,Murder,Teen Talwar Gang,2025-11-21,Tamil Nadu,1
0,36,0,1,0,0,0,0,0.249,0,4,0,0,1,0,0,0,0,0,0,0,0,1,0,0,0,0,0,1,0,0,0,Arms Trafficking,None,2024-12-13,Uttar Pradesh,0
2,20,1,0,0,1,1,2,0.444,8,5,0,0,0,0,0,1,0,0,0,1,0,0,0,0,0,1,0,0,0,0,0,Cybercrime,Neela Saanp Syndicate,2018-11-04,West Bengal,0
3,44,1,0,0,1,1,3,0.422,18,26,0,0,0,1,0,0,1,0,0,0,0,0,0,0,0,1,0,0,0,0,0,Human Trafficking,Patang Syndicate,2020-05-15,Telangana,0
1,18,0,0,0,1,1,0,0.472,13,0,0,0,0,0,1,0,0,0,0,0,1,0,0,0,0,0,1,0,0,0,0,Cybercrime,None,2023-12-03,Maharashtra,1
3,42,1,1,0,1,0,0,0.91,2,14,1,0,0,0,0,0,1,0,0,0,0,0,0,0,0,0,0,0,1,0,0,Kidnapping,Patang Syndicate,2022-04-29,Punjab,1
1,16,1,1,0,1,0,2,0.732,3,8,0,1,0,0,0,0,0,0,0,1,0,0,0,0,1,0,0,0,0,0,0,Robbery,Lal Toofan Crew,2020-01-26,Delhi,1
0,20,0,0,0,0,0,2,0.314,3,1,0,0,1,0,0,0,0,0,1,0,0,0,0,0,0,0,0,0,0,0,1,Car Theft,None,2023-03-07,Rajasthan,0
5,16,1,0,0,1,1,1,0.518,13,7,1,0,0,0,0,0,0,0,0,0,1,0,0,0,0,1,0,0,0,0,0,Cybercrime,Neela Saanp Syndicate,2020-09-02,Karnataka,1
3,42,0,0,0,1,1,0,0.273,9,3,0,0,0,0,0,1,0,0,0,1,0,0,0,0,0,1,0,0,0,0,0,Money Laundering,None,2022-09-15,Uttar Pradesh,1
1,30,0,1,1,1,1,1,0.276,2,3,0,0,0,1,0,0,0,0,0,0,0,1,0,0,0,0,0,0,0,0,1,Drug Trafficking,None,2022-08-19,Uttar Pradesh,0
2,35,1,1,0,1,0,3,0.646,2,7,0,1,0,0,0,0,0,0,0,1,0,0,0,0,0,0,0,0,0,0,1,Extortion,Teen Talwar Gang,2025-12-26,Gujarat,1
3,34,1,1,1,1,0,0,0.626,9,5,0,0,1,0,0,0,1,0,0,0,0,0,0,1,0,0,0,0,0,0,0,Murder,Teen Talwar Gang,2021-09-04,Tamil Nadu,1
1,23,1,0,0,1,1,1,0.64,2,1,0,0,0,0,0,1,0,1,0,0,0,0,0,0,0,0,1,0,0,0,0,Cybercrime,Lal Toofan Crew,2024-11-13,Delhi,0
2,20,0,1,0,0,0,1,0.334,23,4,0,0,0,1,0,0,1,0,0,0,0,0,0,0,0,0,0,0,1,0,0,Kidnapping,None,2020-12-21,Uttar Pradesh,0
1,16,1,0,0,1,0,1,0.376,4,4,1,0,0,0,0,0,0,1,0,0,0,0,0,0,0,1,0,0,0,0,0,Burglary,Lal Toofan Crew,2022-07-09,Delhi,0
1,23,0,0,0,1,0,2,0.493,2,1,0,0,1,0,0,0,0,1,0,0,0,0,0,0,0,1,0,0,0,0,0,Arson,None,2021-08-24,West Bengal,0
1,37,0,0,1,0,0,2,0.339,22,4,0,1,0,0,0,0,0,0,0,0,0,1,0,0,0,0,0,1,0,0,0,Drug Trafficking,None,2023-08-04,Uttar Pradesh,0
3,22,0,0,1,1,0,3,0.025,15,4,0,0,1,0,0,0,0,0,0,0,0,1,0,0,0,0,0,1,0,0,0,Drug Trafficking,None,2020-10-23,Uttar Pradesh,0
1,33,0,0,0,0,0,1,0.695,23,0,1,0,0,0,0,0,0,1,0,0,0,0,0,0,0,0,0,0,0,1,0,Arson,None,2020-11-30,Kerala,0
0,16,0,0,1,1,0,0,0.271,19,5,1,0,0,0,0,0,0,0,0,0,0,1,1,0,0,0,0,0,0,0,0,Drug Trafficking,None,2021-04-25,West Bengal,1
2,21,0,1,0,1,0,1,0.561,22,2,0,0,1,0,0,0,0,0,0,1,0,0,0,1,0,0,0,0,0,0,0,Robbery,None,2020-07-26,Maharashtra,1
2,31,1,1,0,1,1,2,0.395,23,4,0,1,0,0,0,0,0,0,0,1,0,0,0,0,0,0,0,0,1,0,0,Fraud,Lal Toofan Crew,2018-01-28,Rajasthan,1
0,20,0,1,0,1,0,1,0.433,12,2,0,0,0,0,0,1,0,0,0,1,0,0,0,0,0,0,0,0,0,0,1,Extortion,None,2023-11-12,Kerala,1
0,39,0,1,0,1,0,2,0.504,12,2,0,0,1,0,0,0,0,1,0,0,0,0,0,0,1,0,0,0,0,0,0,Robbery,None,2024-07-19,Tamil Nadu,0
2,22,0,0,0,1,0,1,0.423,21,2,0,0,0,0,0,1,0,0,0,1,0,0,0,0,0,0,0,0,0,0,1,Extortion,None,2018-12-06,Uttar Pradesh,0
2,16,0,1,0,1,0,3,0.599,10,8,0,1,0,0,0,0,0,0,0,0,0,1,0,0,0,0,0,1,0,0,0,Arms Trafficking,None,2023-12-05,Bihar,0
1,45,0,0,0,0,0,2,0.672,18,1,1,0,0,0,0,0,1,0,0,0,0,0,0,1,0,0,0,0,0,0,0,Assault,None,2019-09-06,Rajasthan,0
2,23,0,0,0,0,0,3,0.39,10,2,1,0,0,0,0,0,1,0,0,0,0,0,0,0,1,0,0,0,0,0,0,Assault,None,2020-05-20,Delhi,0
0,39,0,0,0,1,0,0,0.511,23,3,0,1,0,0,0,0,0,0,0,1,0,0,0,0,0,1,0,0,0,0,0,Fraud,None,2024-11-01,Uttar Pradesh,0
2,30,1,0,1,1,1,2,0.811,22,16,0,0,0,1,0,0,0,0,0,0,0,1,0,0,1,0,0,0,0,0,0,Drug Trafficking,Kaala Bichhoo Gang,2024-08-21,Kerala,1
1,18,0,0,0,0,0,1,0.34,20,5,0,1,0,0,0,0,0,0,1,0,0,0,1,0,0,0,0,0,0,0,0,Car Theft,None,2021-04-28,Uttar Pradesh,0
1,23,0,0,1,1,0,1,0.675,16,4,0,0,1,0,0,0,0,0,0,1,0,0,0,0,0,0,0,1,0,0,0,Drug Trafficking,None,2020-12-20,Rajasthan,1
0,36,0,0,0,0,1,2,0.425,3,5,0,0,1,0,0,0,1,0,0,0,0,0,1,0,0,0,0,0,0,0,0,Kidnapping,None,2018-02-10,West Bengal,1
3,33,0,0,1,1,0,0,0.441,1,3,0,0,1,0,0,0,0,0,1,0,0,0,1,0,0,0,0,0,0,0,0,Car Theft,None,2022-02-13,Maharashtra,1
3,31,0,0,0,0,0,4,0.153,12,1,0,0,1,0,0,0,1,0,0,0,0,0,0,1,0,0,0,0,0,0,0,Assault,None,2020-10-18,Haryana,0
2,36,1,1,0,1,1,2,0.551,8,13,0,1,0,0,0,0,0,0,0,1,0,0,0,0,0,0,1,0,0,0,0,Extortion,Teen Talwar Gang,2024-12-10,Tamil Nadu,1
2,23,0,1,0,0,0,3,0.442,11,4,1,0,0,0,0,0,0,0,0,0,0,1,0,1,0,0,0,0,0,0,0,Arms Trafficking,None,2020-07-21,Maharashtra,1
1,18,1,1,0,1,0,0,0.335,11,4,1,0,0,0,0,0,0,0,1,0,0,0,1,0,0,0,0,0,0,0,0,Car Theft,Kaali Billi Crew,2018-10-03,Haryana,0
1,42,1,1,0,0,0,1,0.471,11,12,0,0,0,1,0,0,0,0,0,0,0,1,0,0,0,0,0,1,0,0,0,Arms Trafficking,Teen Talwar Gang,2022-05-26,Gujarat,1
4,37,1,0,0,1,1,2,0.593,8,12,0,0,1,0,0,0,1,0,0,0,0,0,0,0,0,0,1,0,0,0,0,Extortion,Patang Syndicate,2021-12-30,Telangana,1
2,16,1,0,0,1,0,3,0.583,23,2,1,0,0,0,0,0,0,1,0,0,0,0,1,0,0,0,0,0,0,0,0,Burglary,Kaali Billi Crew,2020-12-08,Madhya Pradesh,0
0,30,0,0,0,0,0,2,0.498,0,1,0,0,0,1,0,0,0,0,1,0,0,0,0,0,1,0,0,0,0,0,0,Assault,None,2025-09-16,Kerala,0
0,27,1,0,0,0,0,0,0.558,1,0,0,1,0,0,0,0,0,1,0,0,0,0,1,0,0,0,0,0,0,0,0,Burglary,Lal Toofan Crew,2023-03-15,Delhi,0
2,35,0,1,0,0,0,4,0.736,18,2,0,0,0,1,0,0,1,0,0,0,0,0,0,1,0,0,0,0,0,0,0,Murder,None,2020-04-03,Uttar Pradesh,1
2,25,0,0,0,1,1,0,0.057,10,2,0,0,0,0,0,1,0,0,0,0,1,0,0,0,0,0,1,0,0,0,0,Cybercrime,None,2019-01-28,Bihar,0
2,45,0,0,0,1,0,0,0.57,14,1,1,0,0,0,0,0,0,0,0,1,0,0,0,0,0,1,0,0,0,0,0,Fraud,None,2022-09-27,Maharashtra,0
2,41,0,0,0,1,1,0,0.081,9,5,0,0,0,0,0,1,0,0,0,0,1,0,0,0,0,0,1,0,0,0,0,Fraud,None,2024-03-22,West Bengal,1
2,28,0,0,0,0,0,3,0.325,23,0,0,0,1,0,0,0,1,0,0,0,0,0,0,0,1,0,0,0,0,0,0,Assault,None,2019-08-16,Tamil Nadu,1
2,30,0,1,0,0,0,2,0.278,17,0,0,1,0,0,0,0,1,0,0,0,0,0,0,0,1,0,0,0,0,0,0,Assault,None,2019-01-22,Tamil Nadu,0
0,32,0,0,1,1,0,0,0.095,3,3,0,0,0,1,0,0,0,0,0,0,0,1,0,0,0,0,0,1,0,0,0,Drug Trafficking,None,2019-08-17,Maharashtra,0
0,22,0,0,0,0,1,0,0.275,19,0,0,0,0,0,0,1,0,0,0,1,0,0,0,0,0,0,1,0,0,0,0,Cybercrime,None,2025-08-25,Maharashtra,1
3,16,1,0,0,0,0,2,0.856,19,3,1,0,0,0,0,0,0,1,0,0,0,0,0,0,0,0,1,0,0,0,0,Vandalism,Kaali Billi Crew,2021-01-03,Haryana,1
1,28,0,0,0,1,0,1,0.057,3,1,0,0,1,0,0,0,0,0,1,0,0,0,1,0,0,0,0,0,0,0,0,Car Theft,None,2019-02-06,Delhi,0
0,16,0,0,0,1,0,0,0.269,3,2,1,0,0,0,0,0,0,0,0,0,0,1,1,0,0,0,0,0,0,0,0,Car Theft,None,2021-03-19,Telangana,1
1,16,0,0,0,1,0,0,0.258,3,4,1,0,0,0,0,0,0,0,1,0,0,0,0,0,0,0,1,0,0,0,0,Car Theft,None,2018-06-19,Madhya Pradesh,0
0,26,0,0,1,1,0,0,0.184,16,3,1,0,0,0,0,0,0,0,0,0,1,0,0,0,0,0,0,1,0,0,0,Drug Trafficking,None,2020-05-28,Uttar Pradesh,0
1,29,0,0,0,1,1,2,0.201,0,4,0,0,1,0,0,0,1,0,0,0,0,0,0,0,0,0,0,0,1,0,0,Human Trafficking,None,2023-06-28,Bihar,1
1,48,0,0,0,1,0,1,0.517,3,2,0,0,0,0,1,0,0,0,0,0,1,0,0,0,0,1,0,0,0,0,0,Fraud,None,2019-11-12,West Bengal,1
0,32,0,0,0,1,0,0,0.336,12,0,0,1,0,0,0,0,0,0,0,1,0,0,0,0,0,1,0,0,0,0,0,Fraud,None,2023-09-20,Uttar Pradesh,0
1,37,0,0,0,0,0,2,0.476,20,1,0,0,1,0,0,0,1,0,0,0,0,0,0,0,1,0,0,0,0,0,0,Assault,None,2019-05-12,Tamil Nadu,0
4,28,1,0,1,1,1,0,0.349,19,7,0,0,0,0,0,1,1,0,0,0,0,0,0,0,0,0,1,0,0,0,0,Cybercrime,Neela Saanp Syndicate,2019-11-03,West Bengal,1
1,31,0,0,0,0,0,3,0.307,22,4,0,0,1,0,0,0,1,0,0,0,0,0,0,0,0,0,0,0,0,0,1,Assault,None,2024-03-23,West Bengal,0
1,26,0,1,0,0,0,1,0.395,4,2,1,0,0,0,0,0,1,0,0,0,0,0,0,0,1,0,0,0,0,0,0,Assault,None,2018-06-18,Uttar Pradesh,0
3,47,0,0,0,1,1,1,0.509,15,1,0,0,0,0,1,0,0,0,0,0,1,0,0,0,0,1,0,0,0,0,0,Fraud,None,2018-05-15,Punjab,1
0,29,0,0,0,0,0,2,0.42,13,4,0,0,1,0,0,0,0,0,0,0,1,0,0,1,0,0,0,0,0,0,0,Robbery,None,2025-01-06,Telangana,1
0,43,0,0,0,1,0,0,0.81,13,1,0,0,0,0,0,1,0,0,0,1,0,0,0,0,0,1,0,0,0,0,0,Fraud,None,2024-11-13,Telangana,0
1,30,0,1,0,0,0,3,0.42,8,1,0,0,1,0,0,0,1,0,0,0,0,0,0,0,1,0,0,0,0,0,0,Assault,None,2023-03-15,Uttar Pradesh,0
3,26,0,1,0,1,0,1,0.449,4,4,0,0,0,1,0,0,0,0,0,1,0,0,1,0,0,0,0,0,0,0,0,Arms Trafficking,None,2019-09-28,Tamil Nadu,0
2,26,0,0,1,1,0,1,0.321,23,6,0,1,0,0,0,0,0,0,0,0,0,1,0,0,0,1,0,0,0,0,0,Drug Trafficking,None,2021-05-15,Haryana,0
2,39,0,1,0,1,0,3,0.294,13,3,0,0,1,0,0,0,0,0,0,0,0,1,0,0,0,0,0,1,0,0,0,Arms Trafficking,None,2021-11-08,Kerala,1
2,30,0,0,0,1,1,0,0.521,10,1,0,0,0,0,0,1,0,0,0,0,1,0,1,0,0,0,0,0,0,0,0,Cybercrime,None,2020-11-30,Rajasthan,0
1,16,1,0,0,1,0,3,0.595,0,3,1,0,0,0,0,0,0,1,0,0,0,0,0,0,0,0,0,0,0,1,0,Arson,Kaali Billi Crew,2020-06-18,Haryana,1
2,19,1,0,0,0,0,0,0.445,0,3,1,0,0,0,0,0,0,1,0,0,0,0,0,0,0,1,0,0,0,0,0,Burglary,Kaali Billi Crew,2022-02-01,Madhya Pradesh,1
2,27,0,1,0,1,0,4,0.281,12,1,0,0,1,0,0,0,1,0,0,0,0,0,0,0,1,0,0,0,0,0,0,Murder,None,2022-03-28,Maharashtra,0
1,39,1,0,1,1,0,2,0.414,3,18,1,0,0,0,0,0,1,0,0,0,0,0,0,0,0,1,0,0,0,0,0,Human Trafficking,Patang Syndicate,2021-04-21,Punjab,0
7,27,1,0,1,0,0,6,0.626,0,15,0,1,0,0,0,0,0,1,0,0,0,0,0,1,0,0,0,0,0,0,0,Assault,Patang Syndicate,2020-04-27,Punjab,1
1,25,1,0,0,1,1,1,0.482,4,12,0,1,0,0,0,0,0,0,0,1,0,0,1,0,0,0,0,0,0,0,0,Car Theft,Patang Syndicate,2019-03-14,Telangana,1
0,32,0,0,0,1,0,1,0.386,3,1,1,0,0,0,0,0,1,0,0,0,0,0,0,0,1,0,0,0,0,0,0,Assault,None,2023-10-26,Uttar Pradesh,0
2,24,1,1,0,0,0,3,0.671,23,3,1,0,0,0,0,0,0,0,0,1,0,0,0,0,0,1,0,0,0,0,0,Arson,Kaali Billi Crew,2023-08-21,Haryana,1
0,23,0,0,0,0,0,2,0.549,1,1,0,0,1,0,0,0,1,0,0,0,0,0,0,1,0,0,0,0,0,0,0,Assault,None,2021-10-27,Maharashtra,0
6,33,1,1,0,1,0,3,0.687,12,7,0,0,0,0,0,1,0,0,0,1,0,0,0,0,0,0,0,0,0,0,1,Extortion,Teen Talwar Gang,2018-09-28,Tamil Nadu,1
2,45,0,0,0,1,0,0,0.476,14,3,0,0,0,0,1,0,0,0,0,1,0,0,0,0,0,1,0,0,0,0,0,Money Laundering,None,2024-03-20,Maharashtra,0
1,27,0,0,0,0,1,0,0.8,14,4,0,0,1,0,0,0,1,0,0,0,0,0,0,0,0,0,0,0,1,0,0,Kidnapping,None,2021-06-15,Uttar Pradesh,1
0,28,1,1,0,1,0,4,0.591,17,5,1,0,0,0,0,0,0,0,0,1,0,0,0,1,0,0,0,0,0,0,0,Burglary,Lal Toofan Crew,2023-02-10,Rajasthan,0
1,30,1,1,0,0,0,1,0.57,22,5,1,0,0,0,0,0,0,1,0,0,0,0,0,1,0,0,0,0,0,0,0,Burglary,Teen Talwar Gang,2021-12-04,Tamil Nadu,0
0,27,0,0,1,1,1,0,0.259,21,5,0,0,1,0,0,0,0,0,0,0,0,1,0,0,0,0,0,1,0,0,0,Drug Trafficking,None,2022-07-31,Karnataka,0
0,23,0,0,0,0,0,2,0.511,2,1,0,0,1,0,0,0,1,0,0,0,0,0,0,0,0,0,0,0,0,0,1,Assault,None,2023-03-17,Telangana,0
0,33,0,0,0,1,0,1,0.734,2,2,0,1,0,0,0,0,0,0,1,0,0,0,0,0,0,0,0,1,0,0,0,Car Theft,None,2018-06-14,West Bengal,0
1,30,0,0,0,0,0,4,0.553,1,2,0,0,1,0,0,0,1,0,0,0,0,0,0,0,1,0,0,0,0,0,0,Assault,None,2019-09-16,Rajasthan,1
0,16,0,0,0,0,1,0,0.332,12,1,0,1,0,0,0,0,0,0,0,1,0,0,0,0,0,0,1,0,0,0,0,Cybercrime,None,2023-01-10,Uttar Pradesh,0
3,35,1,0,1,1,0,2,0.608,15,10,0,0,1,0,0,0,0,0,0,0,0,1,0,0,0,0,0,1,0,0,0,Drug Trafficking,Kaala Bichhoo Gang,2025-09-17,Kerala,1
0,26,0,0,0,1,1,0,0.532,16,4,0,0,0,0,0,1,0,0,0,0,1,0,0,0,0,0,1,0,0,0,0,Cybercrime,None,2023-05-29,Rajasthan,1
1,23,0,1,1,1,1,0,0.455,8,5,0,0,0,1,0,0,1,0,0,0,0,0,0,0,0,1,0,0,0,0,0,Human Trafficking,None,2018-03-15,West Bengal,1
1,25,1,1,0,1,0,1,0.668,21,12,0,0,1,0,0,0,1,0,0,0,0,0,0,0,0,0,0,0,0,0,1,Kidnapping,Patang Syndicate,2024-08-01,Punjab,0
0,16,0,0,0,0,1,0,0.161,21,4,0,0,1,0,0,0,0,0,1,0,0,0,1,0,0,0,0,0,0,0,0,Car Theft,None,2021-09-28,Bihar,0
2,57,1,1,1,1,0,0,0.71,2,4,0,0,1,0,0,0,0,0,0,0,0,1,0,0,0,0,0,1,0,0,0,Arms Trafficking,Teen Talwar Gang,2020-01-02,Tamil Nadu,0
1,29,0,0,0,1,0,0,0.255,2,1,0,0,0,0,0,1,0,0,0,1,0,0,0,0,0,1,0,0,0,0,0,Fraud,None,2019-02-07,Uttar Pradesh,0
3,28,0,1,0,1,0,3,0.5,0,2,0,0,0,1,0,0,0,1,0,0,0,0,0,0,1,0,0,0,0,0,0,Robbery,None,2023-09-07,Uttar Pradesh,0
1,19,0,1,1,0,1,0,0.781,3,4,0,0,0,1,0,0,0,0,0,0,0,1,0,0,0,0,0,0,0,0,1,Drug Trafficking,None,2024-11-08,Bihar,1
0,27,0,1,0,0,0,1,0.818,2,6,1,0,0,0,0,0,1,0,0,0,0,0,0,0,0,0,0,0,1,0,0,Kidnapping,None,2022-09-11,Telangana,0
0,26,0,1,0,0,0,2,0.865,15,2,0,0,1,0,0,0,1,0,0,0,0,0,0,0,1,0,0,0,0,0,0,Assault,None,2019-11-15,Madhya Pradesh,0
0,16,0,1,0,1,0,0,0.468,20,2,0,0,1,0,0,0,0,0,1,0,0,0,0,0,0,1,0,0,0,0,0,Car Theft,None,2019-08-12,Tamil Nadu,0
3,32,0,0,0,1,1,0,0.148,16,3,0,1,0,0,0,0,0,0,0,1,0,0,0,0,0,1,0,0,0,0,0,Fraud,None,2019-10-23,West Bengal,0
2,32,0,1,0,1,1,5,0.536,4,2,1,0,0,0,0,0,1,0,0,0,0,0,0,0,0,0,0,0,1,0,0,Kidnapping,None,2024-10-30,Haryana,1
0,24,1,0,0,1,1,0,0.577,15,8,0,0,0,0,0,1,0,0,0,0,1,0,0,0,0,0,1,0,0,0,0,Cybercrime,Neela Saanp Syndicate,2023-03-04,Karnataka,1
1,23,0,0,0,1,0,1,0.68,1,3,1,0,0,0,0,0,1,0,0,0,0,0,1,0,0,0,0,0,0,0,0,Car Theft,None,2020-11-20,West Bengal,0
2,18,0,1,0,0,0,6,0.439,21,2,1,0,0,0,0,0,1,0,0,0,0,0,0,0,1,0,0,0,0,0,0,Assault,None,2020-11-19,Telangana,1
1,46,1,1,0,1,1,0,0.552,4,12,0,0,1,0,0,0,1,0,0,0,0,0,0,0,0,1,0,0,0,0,0,Human Trafficking,Patang Syndicate,2019-06-17,Punjab,1
0,27,0,0,0,1,0,2,0.163,0,2,0,0,0,1,0,0,0,0,0,1,0,0,0,0,1,0,0,0,0,0,0,Robbery,None,2018-07-16,Bihar,1
3,45,1,0,0,1,1,1,0.48,11,9,0,0,0,0,1,0,0,0,0,1,0,0,0,0,0,1,0,0,0,0,0,Money Laundering,Kaala Bichhoo Gang,2023-10-09,Kerala,0
4,30,0,0,0,1,0,3,0.048,20,2,1,0,0,0,0,0,0,1,0,0,0,0,1,0,0,0,0,0,0,0,0,Burglary,None,2025-09-21,West Bengal,0
0,20,0,0,0,1,0,0,0.661,3,5,1,0,0,0,0,0,0,0,1,0,0,0,1,0,0,0,0,0,0,0,0,Car Theft,None,2018-09-25,Maharashtra,0
0,21,0,0,0,1,0,0,0.251,1,2,0,0,1,0,0,0,0,1,0,0,0,0,0,0,1,0,0,0,0,0,0,Burglary,None,2019-09-26,Punjab,0
3,34,0,1,0,0,0,5,0.447,4,0,1,0,0,0,0,0,1,0,0,0,0,0,0,0,1,0,0,0,0,0,0,Murder,None,2020-06-05,West Bengal,1
5,29,0,0,0,0,0,0,0.162,8,4,0,0,1,0,0,0,0,0,1,0,0,0,1,0,0,0,0,0,0,0,0,Car Theft,None,2023-02-02,Bihar,0
3,32,0,0,0,1,1,0,0.55,15,0,0,0,0,0,0,1,0,0,0,1,0,0,0,0,0,1,0,0,0,0,0,Fraud,None,2023-01-30,West Bengal,0
0,18,1,0,0,1,0,1,0.356,4,2,1,0,0,0,0,0,0,0,1,0,0,0,0,0,0,1,0,0,0,0,0,Burglary,Kaali Billi Crew,2022-12-11,Madhya Pradesh,1
1,27,0,1,0,0,0,5,0.341,23,0,0,0,1,0,0,0,1,0,0,0,0,0,0,0,1,0,0,0,0,0,0,Assault,None,2023-11-24,Delhi,1
3,22,1,0,1,0,0,0,0.363,22,5,0,0,1,0,0,0,0,1,0,0,0,0,0,0,0,0,0,0,0,1,0,Vandalism,Kaali Billi Crew,2021-02-06,Haryana,1
1,25,0,1,0,1,0,0,0.368,22,5,0,0,1,0,0,0,1,0,0,0,0,0,0,0,0,0,0,0,1,0,0,Kidnapping,None,2019-06-03,Tamil Nadu,1
2,40,0,0,1,1,0,3,0.548,21,6,0,0,1,0,0,0,0,0,0,0,0,1,0,0,0,1,0,0,0,0,0,Drug Trafficking,None,2024-10-13,Tamil Nadu,0
3,35,1,0,0,1,1,2,0.534,17,13,0,0,1,0,0,0,1,0,0,0,0,0,0,0,0,0,0,0,1,0,0,Human Trafficking,Patang Syndicate,2022-10-18,Telangana,0
2,35,0,0,0,1,1,1,0.174,20,1,1,0,0,0,0,0,0,1,0,0,0,0,1,0,0,0,0,0,0,0,0,Burglary,None,2020-12-06,West Bengal,0
0,42,0,0,0,1,1,0,0.133,22,2,0,0,0,0,1,0,0,0,1,0,0,0,0,0,0,1,0,0,0,0,0,Money Laundering,None,2025-08-11,Gujarat,0
0,19,0,1,0,1,0,1,0.588,13,4,0,0,1,0,0,0,1,0,0,0,0,0,0,0,0,0,0,0,1,0,0,Kidnapping,None,2022-08-15,Tamil Nadu,0
2,23,0,1,0,0,0,2,0.809,23,2,1,0,0,0,0,0,1,0,0,0,0,0,0,0,0,0,0,0,0,1,0,Kidnapping,None,2022-11-25,West Bengal,1
0,28,0,0,0,1,0,0,0.026,2,0,0,1,0,0,0,0,0,0,0,1,0,0,0,0,0,0,0,0,1,0,0,Burglary,None,2018-03-03,Uttar Pradesh,0
5,30,0,1,0,1,0,6,0.635,12,2,0,0,1,0,0,0,1,0,0,0,0,0,0,1,0,0,0,0,0,0,0,Kidnapping,None,2025-07-21,West Bengal,1
1,24,0,1,0,1,1,4,0.767,3,3,0,0,0,1,0,0,0,0,0,0,0,1,0,0,0,0,0,1,0,0,0,Arms Trafficking,None,2022-09-21,Punjab,1
0,31,0,1,0,1,0,2,0.443,18,9,0,0,0,1,0,0,0,0,0,0,0,1,0,0,0,0,0,1,0,0,0,Arms Trafficking,None,2024-08-31,Tamil Nadu,0
0,30,0,0,0,1,0,1,0.142,16,4,0,0,0,1,0,0,1,0,0,0,0,0,0,0,0,0,0,0,0,0,1,Human Trafficking,None,2022-01-06,Bihar,0
2,29,1,1,0,0,0,2,0.665,10,8,0,1,0,0,0,0,0,0,0,1,0,0,0,0,0,0,1,0,0,0,0,Extortion,Teen Talwar Gang,2022-08-02,Gujarat,0
0,32,0,1,0,1,0,1,0.899,4,0,0,0,0,0,0,1,0,0,1,0,0,0,0,0,0,1,0,0,0,0,0,Burglary,None,2020-08-10,Kerala,0
0,28,0,0,0,1,0,0,0.657,15,5,0,0,1,0,0,0,0,0,0,1,0,0,0,0,0,0,0,0,0,0,1,Extortion,None,2020-03-31,Bihar,0
2,52,0,1,0,1,0,1,0.514,22,4,0,0,0,0,0,1,0,0,0,0,0,1,0,0,0,0,0,0,1,0,0,Arms Trafficking,None,2025-02-12,Maharashtra,0
2,31,0,0,0,0,0,4,0.181,14,1,1,0,0,0,0,0,0,1,0,0,0,0,0,0,0,0,0,0,0,1,0,Vandalism,None,2025-12-27,Telangana,1
0,22,0,0,0,1,0,0,0.35,2,3,0,0,1,0,0,0,0,0,1,0,0,0,1,0,0,0,0,0,0,0,0,Car Theft,None,2024-01-24,Bihar,0
1,39,0,0,0,1,1,0,0.215,17,2,0,0,0,0,1,0,0,0,0,1,0,0,0,0,0,1,0,0,0,0,0,Fraud,None,2018-07-04,Bihar,0
2,46,1,1,0,1,1,2,0.419,2,8,0,0,0,1,0,0,1,0,0,0,0,0,0,0,0,1,0,0,0,0,0,Human Trafficking,Patang Syndicate,2021-01-22,Punjab,1
1,30,0,1,0,1,0,0,0.389,10,8,0,0,1,0,0,0,0,0,0,0,0,1,0,0,0,0,0,1,0,0,0,Arms Trafficking,None,2023-06-12,Rajasthan,0
1,33,0,1,0,0,0,0,0.452,0,1,0,0,1,0,0,0,1,0,0,0,0,0,0,0,0,0,0,0,0,0,1,Kidnapping,None,2024-08-02,Karnataka,1
1,40,0,0,1,0,0,2,0.119,23,2,1,0,0,0,0,0,0,1,0,0,0,0,0,0,0,0,0,0,0,1,0,Arson,None,2023-06-02,Tamil Nadu,0
0,31,0,0,0,1,0,2,0.334,0,1,1,0,0,0,0,0,0,0,0,0,0,1,1,0,0,0,0,0,0,0,0,Burglary,None,2019-04-12,Kerala,1
0,30,0,0,0,1,0,0,0.083,3,6,0,0,0,1,0,0,0,0,0,0,1,0,0,0,0,1,0,0,0,0,0,Money Laundering,None,2019-04-12,Telangana,0
1,39,0,0,0,1,0,3,0.104,22,8,0,0,0,1,0,0,1,0,0,0,0,0,0,0,0,0,0,0,0,0,1,Human Trafficking,None,2020-01-13,Bihar,0
2,33,1,0,0,0,0,3,0.51,1,7,1,0,0,0,0,0,1,0,0,0,0,0,0,0,1,0,0,0,0,0,0,Assault,Kaala Bichhoo Gang,2020-05-26,Maharashtra,1
2,22,1,0,0,1,0,1,0.645,1,0,1,0,0,0,0,0,0,1,0,0,0,0,1,0,0,0,0,0,0,0,0,Burglary,Kaali Billi Crew,2020-07-27,Haryana,1
2,16,1,0,0,0,0,0,0.409,21,6,0,1,0,0,0,0,0,0,1,0,0,0,1,0,0,0,0,0,0,0,0,Car Theft,Kaali Billi Crew,2022-12-28,Madhya Pradesh,1
1,19,0,0,0,0,0,3,0.221,22,1,0,1,0,0,0,0,0,0,1,0,0,0,1,0,0,0,0,0,0,0,0,Car Theft,None,2024-08-02,Uttar Pradesh,0
3,16,0,0,0,0,1,0,0.261,16,3,0,0,0,0,0,1,0,0,0,0,1,0,0,0,0,0,1,0,0,0,0,Cybercrime,None,2025-07-15,Telangana,0
1,39,0,1,0,0,0,3,0.724,9,4,0,0,1,0,0,0,1,0,0,0,0,0,0,0,0,0,0,0,1,0,0,Kidnapping,None,2020-10-20,Tamil Nadu,0
2,23,0,0,0,1,0,1,0.576,3,1,0,1,0,0,0,0,0,1,0,0,0,0,1,0,0,0,0,0,0,0,0,Burglary,None,2018-06-09,Uttar Pradesh,0
1,32,0,0,0,1,0,0,0.327,8,0,0,1,0,0,0,0,0,0,0,1,0,0,0,0,0,1,0,0,0,0,0,Fraud,None,2020-09-07,Telangana,0
0,21,0,1,0,0,0,1,0.53,22,1,0,1,0,0,0,0,1,0,0,0,0,0,0,0,1,0,0,0,0,0,0,Assault,None,2020-09-28,Telangana,1
0,31,0,1,0,0,0,0,0.244,13,2,1,0,0,0,0,0,1,0,0,0,0,0,0,0,1,0,0,0,0,0,0,Assault,None,2024-08-18,Bihar,0
2,16,1,0,0,0,0,1,0.595,21,4,1,0,0,0,0,0,0,1,0,0,0,0,0,0,0,0,0,0,0,0,1,Vandalism,Kaali Billi Crew,2022-05-20,Madhya Pradesh,0
0,35,0,0,0,1,0,0,0.036,17,1,0,0,0,0,1,0,0,0,0,1,0,0,0,0,0,1,0,0,0,0,0,Fraud,None,2020-03-29,Uttar Pradesh,0
4,27,1,1,0,1,0,5,0.638,20,8,0,0,0,0,1,0,0,0,0,1,0,0,0,1,0,0,0,0,0,0,0,Robbery,Lal Toofan Crew,2018-03-19,Rajasthan,1
1,24,0,1,0,1,0,2,0.579,4,1,0,1,0,0,0,0,0,0,1,0,0,0,0,0,1,0,0,0,0,0,0,Assault,None,2018-05-24,Delhi,1
2,29,0,1,0,0,0,3,0.481,12,3,0,0,1,0,0,0,1,0,0,0,0,0,0,0,1,0,0,0,0,0,0,Assault,None,2021-08-10,Uttar Pradesh,0
1,33,0,0,0,1,0,2,0.825,2,4,0,0,1,0,0,0,0,0,0,1,0,0,0,1,0,0,0,0,0,0,0,Robbery,None,2023-04-13,Uttar Pradesh,0
2,29,0,0,0,0,1,1,0.708,21,5,0,0,1,0,0,0,1,0,0,0,0,0,0,0,0,0,0,0,1,0,0,Kidnapping,None,2021-06-30,Uttar Pradesh,1
0,26,0,1,0,1,0,1,0.057,20,2,1,0,0,0,0,0,0,0,1,0,0,0,1,0,0,0,0,0,0,0,0,Car Theft,None,2021-11-03,Madhya Pradesh,1
4,39,0,0,0,0,0,3,0.296,16,1,0,0,1,0,0,0,1,0,0,0,0,0,0,0,1,0,0,0,0,0,0,Assault,None,2023-12-07,Bihar,1
4,44,0,0,0,1,1,0,0.393,9,2,0,0,0,0,1,0,0,0,0,1,0,0,0,0,0,1,0,0,0,0,0,Money Laundering,None,2021-10-12,Tamil Nadu,0
3,32,0,0,1,0,0,1,0.271,4,1,1,0,0,0,0,0,1,0,0,0,0,0,0,0,1,0,0,0,0,0,0,Murder,None,2019-01-09,Uttar Pradesh,0
3,28,0,1,0,1,0,3,0.37,0,9,1,0,0,0,0,0,0,0,0,1,0,0,0,0,0,0,0,0,0,0,1,Extortion,None,2022-08-28,Rajasthan,1
3,61,1,0,0,1,1,1,0.522,13,8,0,0,0,0,1,0,0,0,0,1,0,0,0,0,0,1,0,0,0,0,0,Money Laundering,Kaala Bichhoo Gang,2023-12-13,Maharashtra,1
0,20,0,1,0,1,0,2,0.584,16,2,1,0,0,0,0,0,0,0,1,0,0,0,1,0,0,0,0,0,0,0,0,Car Theft,None,2025-01-15,Delhi,1
2,17,0,1,0,0,0,4,0.486,16,4,1,0,0,0,0,0,1,0,0,0,0,0,0,0,0,0,0,0,1,0,0,Kidnapping,None,2022-04-01,Karnataka,1
0,16,1,1,0,1,0,2,0.207,1,2,1,0,0,0,0,0,0,0,0,1,0,0,1,0,0,0,0,0,0,0,0,Burglary,Lal Toofan Crew,2018-12-27,Delhi,0
4,29,1,1,1,0,0,4,0.766,12,5,0,0,1,0,0,0,1,0,0,0,0,0,0,0,1,0,0,0,0,0,0,Assault,Teen Talwar Gang,2023-09-17,Tamil Nadu,1
1,25,0,0,0,1,1,1,0.173,23,7,0,0,1,0,0,0,1,0,0,0,0,0,0,0,0,1,0,0,0,0,0,Human Trafficking,None,2020-08-24,Delhi,0
4,40,1,0,1,0,1,3,0.226,12,6,0,1,0,0,0,0,0,0,0,0,0,1,0,0,0,0,0,1,0,0,0,Drug Trafficking,Kaala Bichhoo Gang,2019-12-27,Kerala,1
2,27,0,1,0,1,0,2,0.488,23,3,0,0,1,0,0,0,0,0,0,1,0,0,0,1,0,0,0,0,0,0,0,Robbery,None,2024-01-06,Maharashtra,1
4,28,0,0,1,1,0,1,0.313,2,4,0,0,0,1,0,0,0,0,0,0,0,1,0,0,0,0,0,1,0,0,0,Drug Trafficking,None,2023-02-08,Madhya Pradesh,1
0,17,0,0,1,0,0,1,0.2,23,3,0,0,1,0,0,0,0,1,0,0,0,0,0,0,0,0,0,0,0,1,0,Vandalism,None,2025-08-18,Maharashtra,0
1,39,0,1,0,1,0,1,0.222,23,9,0,0,0,1,0,0,1,0,0,0,0,0,0,0,0,0,0,0,1,0,0,Human Trafficking,None,2023-10-22,West Bengal,0
2,33,1,1,1,1,0,3,0.699,0,4,0,0,1,0,0,0,0,0,0,0,0,1,0,1,0,0,0,0,0,0,0,Arms Trafficking,Teen Talwar Gang,2019-10-30,Tamil Nadu,1
1,22,0,0,0,1,0,2,0.123,3,0,0,0,1,0,0,0,0,0,1,0,0,0,1,0,0,0,0,0,0,0,0,Car Theft,None,2021-10-12,Haryana,0
1,18,1,0,1,0,0,2,0.39,4,5,1,0,0,0,0,0,0,1,0,0,0,0,1,0,0,0,0,0,0,0,0,Burglary,Kaali Billi Crew,2021-04-10,Haryana,0
2,26,0,0,0,0,0,2,0.543,21,4,0,0,0,1,0,0,1,0,0,0,0,0,0,0,0,0,0,0,1,0,0,Kidnapping,None,2023-05-17,West Bengal,1
2,36,1,1,0,1,0,3,0.617,9,7,0,1,0,0,0,0,0,0,0,0,0,1,0,0,0,0,0,1,0,0,0,Arms Trafficking,Kaala Bichhoo Gang,2018-08-06,Kerala,1
1,24,0,0,0,1,1,0,0.276,15,3,0,0,0,0,0,1,0,0,0,1,0,0,0,0,0,0,1,0,0,0,0,Cybercrime,None,2024-12-15,Rajasthan,0
1,16,1,0,1,1,0,3,0.269,16,2,0,1,0,0,0,0,0,1,0,0,0,0,0,0,0,0,0,0,0,0,1,Arson,Kaali Billi Crew,2025-11-24,Madhya Pradesh,1
4,32,0,0,0,1,1,3,0.614,15,3,0,0,0,1,0,0,1,0,0,0,0,0,0,0,0,0,0,0,1,0,0,Kidnapping,None,2018-01-24,Bihar,1
2,25,0,0,0,1,0,0,0.287,3,4,0,0,1,0,0,0,0,0,1,0,0,0,1,0,0,0,0,0,0,0,0,Car Theft,None,2025-08-19,Maharashtra,1
1,34,1,1,0,1,1,5,0.659,12,13,1,0,0,0,0,0,1,0,0,0,0,0,0,0,0,0,0,0,0,0,1,Kidnapping,Patang Syndicate,2020-08-04,Punjab,1
2,32,1,1,0,1,0,2,0.644,14,4,1,0,0,0,0,0,0,1,0,0,0,0,0,0,0,1,0,0,0,0,0,Robbery,Lal Toofan Crew,2025-06-27,Delhi,1
0,23,0,0,0,1,1,0,0.208,1,1,0,0,0,0,0,1,0,0,0,0,1,0,0,0,0,0,1,0,0,0,0,Cybercrime,None,2022-04-04,Telangana,0
1,41,0,1,0,1,1,1,0.44,14,8,0,0,0,1,0,0,0,1,0,0,0,0,0,0,0,1,0,0,0,0,0,Human Trafficking,None,2018-10-13,Maharashtra,1
0,32,0,0,0,0,0,1,0.123,20,1,0,1,0,0,0,0,0,1,0,0,0,0,0,0,0,0,0,0,0,1,0,Arson,None,2019-05-27,Uttar Pradesh,0
1,38,0,1,0,0,0,3,0.624,16,1,0,0,0,0,0,1,1,0,0,0,0,0,0,0,1,0,0,0,0,0,0,Murder,None,2023-07-22,Telangana,0
2,37,0,0,0,1,0,1,0.427,0,7,0,0,1,0,0,0,1,0,0,0,0,0,0,0,0,0,0,0,1,0,0,Kidnapping,None,2021-12-19,Maharashtra,0
0,23,0,1,1,1,0,0,0.221,4,4,0,0,0,0,1,0,0,0,0,0,0,1,0,0,0,0,0,1,0,0,0,Drug Trafficking,None,2020-09-26,Uttar Pradesh,0
2,22,1,0,0,1,1,1,0.3,16,12,0,1,0,0,0,0,0,0,1,0,0,0,1,0,0,0,0,0,0,0,0,Car Theft,Neela Saanp Syndicate,2020-02-29,West Bengal,0
1,38,1,1,1,1,0,1,0.33,13,13,0,0,1,0,0,0,0,0,0,0,0,1,0,0,0,0,0,1,0,0,0,Drug Trafficking,Kaala Bichhoo Gang,2020-09-24,Kerala,1
4,35,1,1,1,1,0,3,0.832,18,11,0,0,0,1,0,0,0,0,0,0,0,1,0,0,0,0,0,1,0,0,0,Drug Trafficking,Kaala Bichhoo Gang,2025-09-04,Kerala,1
1,16,1,0,0,1,1,0,0.172,13,12,0,0,0,0,0,1,0,0,0,0,1,0,0,0,0,0,1,0,0,0,0,Cybercrime,Neela Saanp Syndicate,2020-10-17,West Bengal,1
3,28,0,0,1,1,0,2,0.458,15,7,0,0,0,1,0,0,1,0,0,0,0,0,0,0,0,1,0,0,0,0,0,Human Trafficking,None,2024-06-26,Karnataka,0
0,34,0,0,0,0,1,2,0.364,12,8,0,0,0,0,0,1,1,0,0,0,0,0,1,0,0,0,0,0,0,0,0,Human Trafficking,None,2024-10-18,Uttar Pradesh,0
0,28,0,0,0,0,0,3,0.577,21,3,0,0,1,0,0,0,1,0,0,0,0,0,0,0,0,0,0,0,1,0,0,Assault,None,2025-01-29,Bihar,1
0,32,0,0,1,1,0,1,0.147,3,1,0,0,1,0,0,0,0,0,0,0,1,0,0,0,0,0,0,0,0,1,0,Arson,None,2024-05-26,Bihar,0
0,43,0,1,0,1,0,0,0.33,19,3,0,0,0,0,0,1,0,0,0,1,0,0,0,0,0,1,0,0,0,0,0,Fraud,None,2018-11-15,Maharashtra,0
2,58,0,0,1,1,0,0,0.405,8,5,0,0,0,0,1,0,0,0,0,1,0,0,0,0,0,1,0,0,0,0,0,Money Laundering,None,2022-01-28,West Bengal,1
3,25,1,0,0,1,0,2,0.454,21,4,1,0,0,0,0,0,0,1,0,0,0,0,1,0,0,0,0,0,0,0,0,Burglary,Lal Toofan Crew,2021-06-05,Rajasthan,0
1,16,1,1,1,1,0,0,0.575,16,4,0,1,0,0,0,0,0,0,1,0,0,0,1,0,0,0,0,0,0,0,0,Car Theft,Lal Toofan Crew,2019-01-21,Rajasthan,0
2,26,0,0,1,0,0,3,0.369,11,4,0,0,0,1,0,0,0,0,0,1,0,0,0,0,0,0,0,0,1,0,0,Kidnapping,None,2022-10-26,Uttar Pradesh,0
3,26,0,0,0,0,0,1,0.464,19,0,0,0,0,1,0,0,1,0,0,0,0,0,0,0,0,0,0,0,1,0,0,Kidnapping,None,2018-12-05,Uttar Pradesh,1
3,24,1,0,0,1,0,3,0.455,20,2,0,1,0,0,0,0,0,0,0,1,0,0,0,0,0,0,0,0,0,1,0,Arson,Kaali Billi Crew,2025-11-11,Haryana,1
1,20,1,1,0,1,0,3,0.536,3,2,0,0,1,0,0,0,1,0,0,0,0,0,0,0,1,0,0,0,0,0,0,Robbery,Lal Toofan Crew,2020-10-10,Delhi,1
2,39,0,0,0,0,1,3,0.498,2,0,0,0,1,0,0,0,1,0,0,0,0,0,0,0,1,0,0,0,0,0,0,Assault,None,2019-01-30,Tamil Nadu,0
5,45,1,1,0,0,0,2,0.357,3,12,1,0,0,0,0,0,0,0,0,0,0,1,0,0,0,0,0,1,0,0,0,Arms Trafficking,Teen Talwar Gang,2021-06-04,Tamil Nadu,1
1,40,0,1,0,0,0,1,0.221,15,0,1,0,0,0,0,0,1,0,0,0,0,0,0,0,1,0,0,0,0,0,0,Assault,None,2020-02-19,Uttar Pradesh,0
0,25,0,1,0,1,0,0,0.566,23,1,0,1,0,0,0,0,0,0,1,0,0,0,0,0,1,0,0,0,0,0,0,Burglary,None,2019-07-27,Uttar Pradesh,0
0,19,0,0,0,0,0,0,0.813,12,1,1,0,0,0,0,0,0,1,0,0,0,0,1,0,0,0,0,0,0,0,0,Burglary,None,2024-07-22,Uttar Pradesh,0
0,26,0,0,1,0,0,0,0.196,9,4,0,0,0,1,0,0,0,0,0,0,0,1,0,0,0,1,0,0,0,0,0,Drug Trafficking,None,2021-01-18,Uttar Pradesh,1
6,47,0,0,1,1,1,0,0.458,17,6,0,1,0,0,0,0,0,0,0,1,0,0,0,1,0,0,0,0,0,0,0,Money Laundering,None,2024-07-01,Bihar,1
1,33,0,0,0,1,0,1,0.182,0,0,0,0,0,0,1,0,0,0,0,1,0,0,1,0,0,0,0,0,0,0,0,Burglary,None,2020-08-22,West Bengal,0
4,21,1,0,0,1,0,3,0.519,3,3,1,0,0,0,0,0,0,1,0,0,0,0,1,0,0,0,0,0,0,0,0,Burglary,Kaali Billi Crew,2018-09-24,Haryana,1
3,20,0,0,1,1,0,1,0.545,8,1,0,0,0,1,0,0,0,0,0,0,0,1,0,0,0,0,0,1,0,0,0,Drug Trafficking,None,2019-05-20,Haryana,0
2,28,1,1,0,1,0,2,0.514,10,6,0,0,1,0,0,0,0,0,0,1,0,0,0,1,0,0,0,0,0,0,0,Robbery,Lal Toofan Crew,2021-06-04,Rajasthan,1
3,42,0,0,0,0,0,6,0.186,14,2,1,0,0,0,0,0,1,0,0,0,0,0,0,0,1,0,0,0,0,0,0,Murder,None,2025-11-05,Delhi,0
6,30,1,0,1,1,0,3,0.531,4,8,0,0,1,0,0,0,0,0,0,0,0,1,0,0,0,1,0,0,0,0,0,Drug Trafficking,Kaala Bichhoo Gang,2024-10-12,Kerala,1
1,23,0,0,0,1,0,3,0.103,19,1,0,0,1,0,0,0,0,0,1,0,0,0,0,0,0,1,0,0,0,0,0,Car Theft,None,2023-12-07,West Bengal,0
4,43,1,0,1,1,0,3,0.611,0,11,1,0,0,0,0,0,0,0,0,0,0,1,0,0,0,1,0,0,0,0,0,Drug Trafficking,Kaala Bichhoo Gang,2023-10-19,Kerala,0
4,16,1,1,0,1,0,3,0.48,14,2,1,0,0,0,0,0,0,0,0,1,0,0,0,0,1,0,0,0,0,0,0,Robbery,Lal Toofan Crew,2020-04-04,Delhi,1
2,36,0,0,0,0,0,1,0.524,14,8,0,0,1,0,0,0,1,0,0,0,0,0,0,0,0,0,0,0,1,0,0,Human Trafficking,None,2020-06-04,Punjab,1
0,46,0,1,1,0,0,1,0.426,17,6,1,0,0,0,0,0,0,0,0,0,0,1,0,0,0,0,0,1,0,0,0,Arms Trafficking,None,2020-12-25,Madhya Pradesh,0
3,16,1,0,0,0,0,4,0.603,0,2,0,0,1,0,0,0,0,1,0,0,0,0,0,0,0,0,0,0,0,1,0,Vandalism,Kaali Billi Crew,2018-12-07,Madhya Pradesh,1
1,31,1,0,0,1,1,1,0.565,11,11,0,0,0,0,1,0,0,0,0,0,1,0,0,0,0,1,0,0,0,0,0,Fraud,Neela Saanp Syndicate,2025-07-28,Karnataka,1
0,39,0,0,0,1,1,0,0.623,13,2,0,0,0,0,1,0,0,0,0,1,0,0,0,0,0,0,1,0,0,0,0,Fraud,None,2024-07-09,Maharashtra,0
2,26,0,1,0,0,0,3,0.569,3,2,0,0,1,0,0,0,1,0,0,0,0,0,0,0,0,0,0,0,1,0,0,Kidnapping,None,2020-06-11,Uttar Pradesh,1
0,25,0,0,0,0,0,0,0.224,23,2,1,0,0,0,0,0,0,1,0,0,0,0,1,0,0,0,0,0,0,0,0,Burglary,None,2019-06-21,Kerala,0
1,26,0,1,0,1,0,3,0.328,10,10,0,1,0,0,0,0,0,0,0,0,0,1,0,0,0,0,0,1,0,0,0,Arms Trafficking,None,2022-04-19,Uttar Pradesh,1
6,27,0,0,0,0,0,5,0.67,4,0,1,0,0,0,0,0,1,0,0,0,0,0,0,0,1,0,0,0,0,0,0,Assault,None,2018-03-09,West Bengal,1
4,35,0,0,0,0,0,1,0.602,18,1,0,0,1,0,0,0,0,0,0,1,0,0,0,1,0,0,0,0,0,0,0,Assault,None,2018-10-29,Haryana,0
0,29,0,0,1,1,0,1,0.587,3,6,0,0,1,0,0,0,0,0,0,0,0,1,0,0,0,0,0,1,0,0,0,Drug Trafficking,None,2018-01-23,Telangana,1
0,18,0,0,0,1,0,1,0.464,9,3,0,0,1,0,0,0,0,0,1,0,0,0,0,0,0,1,0,0,0,0,0,Car Theft,None,2019-01-20,Uttar Pradesh,0
2,25,0,0,0,1,0,0,0.451,15,0,0,0,1,0,0,0,0,0,1,0,0,0,0,0,0,0,1,0,0,0,0,Car Theft,None,2018-02-08,Tamil Nadu,0
1,17,0,0,0,1,1,0,0.15,15,2,0,0,0,0,0,1,0,0,0,0,1,0,0,0,0,0,1,0,0,0,0,Cybercrime,None,2021-02-02,Uttar Pradesh,0
0,50,1,1,0,0,0,2,0.728,12,4,0,1,0,0,0,0,0,0,0,1,0,0,0,0,0,0,1,0,0,0,0,Extortion,Teen Talwar Gang,2022-12-04,Tamil Nadu,1
0,25,0,1,0,1,0,2,0.335,1,1,0,1,0,0,0,0,0,0,0,1,0,0,0,1,0,0,0,0,0,0,0,Robbery,None,2025-08-28,West Bengal,0
1,26,0,1,0,0,0,1,0.717,12,7,0,0,0,1,0,0,0,0,0,1,0,0,0,1,0,0,0,0,0,0,0,Robbery,None,2023-12-02,Delhi,1
1,26,0,0,0,1,0,0,0.332,1,4,1,0,0,0,0,0,0,0,1,0,0,0,1,0,0,0,0,0,0,0,0,Car Theft,None,2019-05-20,Maharashtra,0
0,25,0,1,0,1,0,0,0.662,16,0,0,1,0,0,0,0,0,0,1,0,0,0,0,0,0,0,0,0,0,1,0,Arson,None,2018-04-06,Punjab,0
1,27,0,0,0,1,1,0,0.577,10,2,0,0,0,0,0,1,0,0,0,0,1,0,0,0,0,0,1,0,0,0,0,Cybercrime,None,2022-08-20,Karnataka,0
1,26,0,1,0,0,0,2,0.417,21,1,1,0,0,0,0,0,0,1,0,0,0,0,1,0,0,0,0,0,0,0,0,Burglary,None,2022-08-04,Karnataka,0
0,23,0,0,0,0,0,0,0.519,1,1,0,0,1,0,0,0,1,0,0,0,0,0,0,0,0,0,0,0,0,1,0,Assault,None,2023-11-20,Telangana,0
3,24,1,1,1,1,0,2,0.631,1,4,0,0,0,1,0,0,0,0,0,1,0,0,0,0,0,0,0,1,0,0,0,Drug Trafficking,Kaali Billi Crew,2021-03-23,Madhya Pradesh,1
1,22,0,0,0,1,0,2,0.385,4,1,0,0,1,0,0,0,0,1,0,0,0,0,0,0,1,0,0,0,0,0,0,Assault,None,2021-04-01,Gujarat,1
1,33,0,0,0,0,0,1,0.073,2,1,0,1,0,0,0,0,0,1,0,0,0,0,0,0,0,0,0,0,0,1,0,Arson,None,2022-09-14,Uttar Pradesh,0
2,28,0,0,0,0,1,0,0.07,23,1,0,1,0,0,0,0,0,0,1,0,0,0,1,0,0,0,0,0,0,0,0,Car Theft,None,2020-03-23,Bihar,0
1,26,0,0,0,0,0,1,0.465,8,2,1,0,0,0,0,0,1,0,0,0,0,0,0,0,1,0,0,0,0,0,0,Assault,None,2020-09-17,Karnataka,1
1,26,0,1,0,1,0,3,0.304,4,7,0,0,1,0,0,0,0,0,0,1,0,0,0,0,0,0,0,1,0,0,0,Arms Trafficking,None,2024-06-08,Madhya Pradesh,0
0,29,0,0,0,1,1,0,0.262,16,0,0,0,0,1,0,0,0,0,0,1,0,0,0,0,0,0,1,0,0,0,0,Cybercrime,None,2024-06-01,Uttar Pradesh,0
2,33,0,0,0,1,0,3,0.394,11,10,0,0,0,1,0,0,0,0,0,0,0,1,0,0,0,0,0,1,0,0,0,Arms Trafficking,None,2021-10-01,Uttar Pradesh,1
2,19,0,0,1,1,1,1,0.116,17,5,1,0,0,0,0,0,0,0,1,0,0,0,0,0,0,0,1,0,0,0,0,Car Theft,None,2024-02-17,Uttar Pradesh,0
3,47,0,0,1,1,1,0,0.333,23,3,0,0,0,0,0,1,0,0,0,1,0,0,0,0,0,0,1,0,0,0,0,Fraud,None,2025-04-30,Rajasthan,0
3,42,0,0,1,0,0,3,0.429,19,3,1,0,0,0,0,0,1,0,0,0,0,0,0,0,1,0,0,0,0,0,0,Assault,None,2022-05-17,West Bengal,1
2,49,1,1,0,1,0,1,0.463,16,9,0,0,0,1,0,0,0,0,0,0,0,1,0,1,0,0,0,0,0,0,0,Arms Trafficking,Teen Talwar Gang,2024-09-10,Gujarat,1
2,29,1,0,1,1,0,2,0.462,16,8,1,0,0,0,0,0,0,0,0,0,0,1,0,0,0,0,0,1,0,0,0,Drug Trafficking,Kaala Bichhoo Gang,2022-10-28,Maharashtra,1
0,35,0,1,0,1,0,0,0.554,17,6,0,1,0,0,0,0,0,0,0,1,0,0,0,1,0,0,0,0,0,0,0,Arms Trafficking,None,2021-09-19,Uttar Pradesh,0
5,32,1,0,0,1,1,4,0.634,3,13,1,0,0,0,0,0,1,0,0,0,0,0,0,0,0,1,0,0,0,0,0,Human Trafficking,Patang Syndicate,2021-10-05,Punjab,1
1,30,0,0,0,1,1,0,0.58,13,4,0,0,0,0,1,0,0,0,0,1,0,0,0,0,0,1,0,0,0,0,0,Fraud,None,2023-04-26,Maharashtra,0
1,16,1,1,0,1,0,2,0.511,23,4,0,0,1,0,0,0,0,1,0,0,0,0,0,1,0,0,0,0,0,0,0,Robbery,Lal Toofan Crew,2025-03-22,Delhi,1
1,17,1,0,0,1,1,0,0.393,10,9,0,0,0,0,0,1,0,0,0,0,1,0,0,0,0,0,0,0,1,0,0,Cybercrime,Neela Saanp Syndicate,2021-04-09,West Bengal,1
1,25,1,0,0,1,1,2,0.448,18,13,0,0,0,0,0,1,0,0,0,0,1,0,0,0,0,0,1,0,0,0,0,Cybercrime,Neela Saanp Syndicate,2019-07-28,West Bengal,0
0,22,0,0,0,0,0,1,0.503,22,2,1,0,0,0,0,0,1,0,0,0,0,0,0,0,0,0,0,0,1,0,0,Kidnapping,None,2020-08-02,Telangana,0
0,32,0,0,0,1,0,0,0.326,22,2,0,0,1,0,0,0,0,0,1,0,0,0,0,0,0,1,0,0,0,0,0,Car Theft,None,2023-01-22,Gujarat,0
0,28,0,0,0,1,0,1,0.148,3,0,1,0,0,0,0,0,0,1,0,0,0,0,1,0,0,0,0,0,0,0,0,Burglary,None,2019-09-29,Maharashtra,0
2,26,1,0,0,0,0,2,0.523,21,4,1,0,0,0,0,0,0,1,0,0,0,0,1,0,0,0,0,0,0,0,0,Burglary,Lal Toofan Crew,2020-06-21,Rajasthan,1
4,16,0,1,0,0,0,3,0.244,3,4,0,0,1,0,0,0,1,0,0,0,0,0,0,0,0,0,0,0,1,0,0,Kidnapping,None,2025-03-09,Uttar Pradesh,1
2,27,0,0,0,1,0,3,0.621,23,4,1,0,0,0,0,0,1,0,0,0,0,0,0,0,0,0,0,0,1,0,0,Kidnapping,None,2023-02-09,Rajasthan,1
0,28,0,1,0,1,0,0,0.348,4,4,1,0,0,0,0,0,1,0,0,0,0,0,0,0,0,0,0,0,1,0,0,Kidnapping,None,2021-11-15,Bihar,0
2,30,1,0,0,1,1,1,0.635,19,16,0,0,0,0,0,1,0,0,0,0,1,0,0,0,0,0,1,0,0,0,0,Cybercrime,Neela Saanp Syndicate,2025-05-08,West Bengal,1
2,48,0,0,0,1,1,0,0.081,16,3,0,1,0,0,0,0,0,0,0,1,0,0,0,0,0,1,0,0,0,0,0,Fraud,None,2025-05-15,Rajasthan,0
0,46,0,1,0,0,0,2,0.612,13,2,1,0,0,0,0,0,1,0,0,0,0,0,0,1,0,0,0,0,0,0,0,Assault,None,2025-01-27,Rajasthan,0
1,23,0,1,0,1,0,1,0.534,21,1,0,0,1,0,0,0,0,0,0,1,0,0,0,1,0,0,0,0,0,0,0,Robbery,None,2025-09-12,Uttar Pradesh,0
1,38,0,0,0,1,1,0,0.112,20,0,0,0,0,0,0,1,0,0,0,1,0,0,0,0,0,1,0,0,0,0,0,Fraud,None,2018-06-07,Punjab,0
0,21,0,0,0,0,0,1,0.418,21,0,0,0,1,0,0,0,0,0,1,0,0,0,1,0,0,0,0,0,0,0,0,Car Theft,None,2018-10-24,Telangana,1
1,31,0,0,0,1,0,2,0.724,4,4,1,0,0,0,0,0,0,1,0,0,0,0,0,0,0,1,0,0,0,0,0,Robbery,None,2020-04-12,Delhi,1
1,27,0,1,0,1,0,0,0.341,19,2,0,0,1,0,0,0,0,0,0,0,0,1,0,1,0,0,0,0,0,0,0,Arms Trafficking,None,2025-07-20,Telangana,0
1,36,0,1,0,0,0,4,0.44,11,0,1,0,0,0,0,0,1,0,0,0,0,0,0,0,1,0,0,0,0,0,0,Assault,None,2018-08-23,Uttar Pradesh,1
0,41,0,0,0,0,0,1,0.132,3,1,0,0,0,1,0,0,1,0,0,0,0,0,0,0,1,0,0,0,0,0,0,Assault,None,2024-11-16,Uttar Pradesh,1
3,23,0,0,1,0,1,1,0.391,23,5,0,0,0,1,0,0,0,0,0,0,0,1,0,0,0,0,0,1,0,0,0,Drug Trafficking,None,2021-08-09,Telangana,0
1,26,0,1,0,0,0,2,0.497,1,4,0,0,0,1,0,0,0,0,0,0,0,1,0,0,0,0,0,1,0,0,0,Arms Trafficking,None,2023-05-01,Tamil Nadu,1
2,34,1,0,0,1,1,1,0.39,13,6,0,0,0,0,1,0,0,0,0,1,0,0,0,0,0,1,0,0,0,0,0,Fraud,Neela Saanp Syndicate,2024-04-23,Karnataka,0
3,36,1,0,1,0,0,2,0.52,20,9,0,0,1,0,0,0,0,0,0,0,0,1,0,0,0,0,0,1,0,0,0,Drug Trafficking,Kaala Bichhoo Gang,2024-07-16,Kerala,1
1,24,0,1,0,1,0,4,0.626,17,3,0,1,0,0,0,0,0,1,0,0,0,0,0,0,0,0,0,0,0,1,0,Arson,None,2023-04-13,Gujarat,1
3,32,0,0,0,0,0,5,0.328,17,1,0,0,1,0,0,0,1,0,0,0,0,0,0,0,1,0,0,0,0,0,0,Assault,None,2024-03-21,Delhi,1
2,34,0,0,0,0,0,1,0.482,20,1,1,0,0,0,0,0,1,0,0,0,0,0,0,0,1,0,0,0,0,0,0,Assault,None,2022-08-13,Bihar,0
1,23,0,0,0,1,0,1,0.031,0,1,1,0,0,0,0,0,0,1,0,0,0,0,1,0,0,0,0,0,0,0,0,Burglary,None,2018-12-13,Madhya Pradesh,0
2,40,1,0,0,1,1,1,0.528,14,15,0,0,1,0,0,0,1,0,0,0,0,0,0,0,0,0,0,0,1,0,0,Human Trafficking,Patang Syndicate,2020-01-22,Punjab,1
1,17,1,0,0,1,0,1,0.73,22,3,1,0,0,0,0,0,0,1,0,0,0,0,1,0,0,0,0,0,0,0,0,Burglary,Kaali Billi Crew,2022-04-24,Haryana,0
0,18,0,0,0,0,0,2,0.312,3,3,0,0,1,0,0,0,0,0,0,0,1,0,1,0,0,0,0,0,0,0,0,Vandalism,None,2018-03-22,Maharashtra,0
3,28,0,0,0,0,0,1,0.108,1,0,0,0,1,0,0,0,0,1,0,0,0,0,0,0,1,0,0,0,0,0,0,Assault,None,2020-04-01,West Bengal,0
2,39,0,0,0,1,1,3,0.385,13,12,0,0,1,0,0,0,1,0,0,0,0,0,0,0,0,1,0,0,0,0,0,Human Trafficking,None,2019-10-05,Bihar,1
4,19,1,1,0,0,0,3,0.74,2,8,0,1,0,0,0,0,1,0,0,0,0,0,0,1,0,0,0,0,0,0,0,Robbery,Lal Toofan Crew,2023-06-12,Rajasthan,1
1,47,0,0,0,1,1,1,0.285,21,2,0,0,0,0,1,0,0,0,0,1,0,0,0,0,0,1,0,0,0,0,0,Fraud,None,2022-10-25,Bihar,0
4,36,1,1,0,1,0,3,0.775,13,7,1,0,0,0,0,0,0,0,0,0,0,1,0,0,0,1,0,0,0,0,0,Arms Trafficking,Teen Talwar Gang,2025-08-19,Tamil Nadu,1
0,31,0,0,0,0,0,2,0.38,20,1,0,0,1,0,0,0,1,0,0,0,0,0,0,0,0,0,0,0,0,0,1,Assault,None,2023-07-19,Maharashtra,0
0,38,0,0,0,0,0,0,0.159,20,1,0,1,0,0,0,0,0,1,0,0,0,0,0,0,0,0,0,0,0,1,0,Arson,None,2020-01-26,Uttar Pradesh,0
0,16,1,0,0,1,1,2,0.52,15,9,0,0,0,0,1,0,0,0,0,1,0,0,0,0,0,0,1,0,0,0,0,Cybercrime,Neela Saanp Syndicate,2021-02-18,West Bengal,1
1,28,0,0,1,1,0,0,0.642,10,6,0,0,1,0,0,0,0,0,0,0,0,1,0,0,0,0,0,1,0,0,0,Drug Trafficking,None,2025-04-18,West Bengal,0
0,16,0,0,0,1,1,0,0.272,16,1,0,0,0,0,0,1,0,0,0,1,0,0,0,0,0,0,1,0,0,0,0,Cybercrime,None,2019-01-29,West Bengal,0
1,28,0,0,0,1,1,1,0.044,18,3,1,0,0,0,0,0,0,0,1,0,0,0,0,0,0,0,0,1,0,0,0,Car Theft,None,2021-03-11,Karnataka,0
1,20,1,1,0,0,0,1,0.528,1,3,0,1,0,0,0,0,0,1,0,0,0,0,0,0,0,0,0,0,0,1,0,Arson,Kaali Billi Crew,2022-05-19,Madhya Pradesh,0
1,16,0,0,0,1,0,0,0.234,22,2,0,0,1,0,0,0,0,0,1,0,0,0,1,0,0,0,0,0,0,0,0,Car Theft,None,2023-08-07,Karnataka,0
2,19,1,0,0,0,1,3,0.514,2,5,0,1,0,0,0,0,0,0,1,0,0,0,0,0,0,0,1,0,0,0,0,Car Theft,Lal Toofan Crew,2022-11-04,Delhi,1
2,39,0,1,1,0,0,2,0.251,4,2,0,1,0,0,0,0,1,0,0,0,0,0,0,0,1,0,0,0,0,0,0,Assault,None,2024-07-15,Haryana,0
2,33,1,0,0,1,1,2,0.351,9,1,0,0,0,0,0,1,0,0,0,1,0,0,0,0,0,1,0,0,0,0,0,Fraud,Lal Toofan Crew,2022-02-10,Delhi,0
5,42,1,0,1,1,1,3,0.707,18,19,0,0,0,1,0,0,1,0,0,0,0,0,0,0,0,0,0,0,1,0,0,Human Trafficking,Patang Syndicate,2019-03-21,Punjab,1
2,16,0,0,1,0,0,1,0.322,12,4,0,1,0,0,0,0,0,1,0,0,0,0,1,0,0,0,0,0,0,0,0,Vandalism,None,2020-03-02,Rajasthan,0
1,16,1,0,1,0,0,1,0.852,4,5,0,0,1,0,0,0,0,1,0,0,0,0,0,0,0,0,0,0,0,1,0,Vandalism,Kaali Billi Crew,2021-07-17,Madhya Pradesh,1
1,19,0,0,0,0,0,0,0.238,19,0,0,0,1,0,0,0,0,0,1,0,0,0,0,0,0,1,0,0,0,0,0,Car Theft,None,2022-11-09,Bihar,0
0,34,0,0,0,1,0,0,0.055,4,3,0,0,0,0,0,1,0,0,0,1,0,0,0,0,0,1,0,0,0,0,0,Fraud,None,2024-03-22,West Bengal,0
2,54,1,0,0,1,1,5,0.541,10,6,0,0,0,0,1,0,1,0,0,0,0,0,0,0,0,1,0,0,0,0,0,Human Trafficking,Teen Talwar Gang,2021-04-24,Tamil Nadu,1
5,19,1,0,0,0,0,2,0.55,14,1,0,1,0,0,0,0,0,1,0,0,0,0,0,0,0,0,0,0,0,1,0,Arson,Kaali Billi Crew,2018-04-13,Haryana,1
1,26,0,1,1,0,0,2,0.072,4,6,0,0,1,0,0,0,0,0,0,0,0,1,0,0,0,0,0,1,0,0,0,Drug Trafficking,None,2019-11-28,Kerala,1
2,28,1,1,0,1,0,4,0.766,8,2,1,0,0,0,0,0,0,1,0,0,0,0,0,1,0,0,0,0,0,0,0,Robbery,Lal Toofan Crew,2021-12-09,Delhi,0
2,36,0,0,1,0,0,1,0.35,16,4,0,0,1,0,0,0,0,0,0,0,0,1,0,0,0,0,0,1,0,0,0,Drug Trafficking,None,2024-03-31,Haryana,1
0,32,0,0,0,1,0,1,0.568,21,3,0,1,0,0,0,0,0,1,0,0,0,0,1,0,0,0,0,0,0,0,0,Burglary,None,2022-06-25,Uttar Pradesh,0
6,32,0,0,0,1,0,3,0.705,4,2,0,0,1,0,0,0,1,0,0,0,0,0,0,0,0,0,0,0,1,0,0,Kidnapping,None,2021-12-16,Maharashtra,1
1,38,0,0,0,1,0,0,0.22,11,3,0,0,1,0,0,0,1,0,0,0,0,0,0,0,0,1,0,0,0,0,0,Human Trafficking,None,2024-01-31,Rajasthan,0
0,44,0,0,0,1,1,0,0.423,11,6,0,0,0,0,0,1,0,0,0,1,0,0,0,0,0,0,1,0,0,0,0,Fraud,None,2020-04-07,Bihar,0
2,33,0,0,0,1,1,0,0.446,4,3,0,0,0,0,0,1,0,0,0,0,1,0,0,0,0,1,0,0,0,0,0,Cybercrime,None,2024-01-16,Rajasthan,0
0,29,0,0,1,1,0,1,0.045,23,1,0,0,1,0,0,0,0,0,1,0,0,0,1,0,0,0,0,0,0,0,0,Car Theft,None,2020-05-02,Gujarat,0
0,20,0,0,1,1,0,0,0.312,0,10,0,0,1,0,0,0,0,0,0,0,0,1,0,0,0,1,0,0,0,0,0,Drug Trafficking,None,2023-07-14,Gujarat,1
0,28,0,0,0,1,0,0,0.465,2,4,1,0,0,0,0,0,0,1,0,0,0,0,1,0,0,0,0,0,0,0,0,Burglary,None,2022-04-02,Bihar,0
2,46,0,0,0,1,0,0,0.141,14,0,0,0,0,0,1,0,0,0,0,1,0,0,0,0,0,1,0,0,0,0,0,Fraud,None,2024-09-11,Maharashtra,0
1,20,0,0,0,0,0,4,0.475,15,1,0,1,0,0,0,0,1,0,0,0,0,0,0,0,1,0,0,0,0,0,0,Assault,None,2023-08-25,Bihar,0
0,29,0,0,1,1,0,1,0.546,4,5,1,0,0,0,0,0,0,0,0,1,0,0,0,0,0,1,0,0,0,0,0,Drug Trafficking,None,2019-10-24,Maharashtra,1
0,20,1,0,0,1,1,0,0.595,12,8,0,0,0,0,0,1,0,0,0,0,1,0,0,0,0,0,1,0,0,0,0,Cybercrime,Neela Saanp Syndicate,2020-04-22,Karnataka,0
2,35,0,0,0,0,1,0,0.489,17,3,0,0,1,0,0,0,1,0,0,0,0,0,0,0,0,1,0,0,0,0,0,Human Trafficking,None,2024-01-05,Rajasthan,0
0,28,0,1,1,1,0,0,0.38,1,2,0,1,0,0,0,0,1,0,0,0,0,0,0,0,0,0,0,1,0,0,0,Drug Trafficking,None,2019-11-29,Madhya Pradesh,0
5,31,0,0,0,1,0,3,0.398,23,4,0,0,0,0,1,0,0,0,0,1,0,0,0,1,0,0,0,0,0,0,0,Robbery,None,2023-12-09,Maharashtra,1
1,31,1,0,0,1,1,0,0.404,12,8,0,0,0,0,1,0,0,0,0,0,0,1,0,0,0,1,0,0,0,0,0,Fraud,Teen Talwar Gang,2023-09-12,Tamil Nadu,0
0,26,0,1,0,1,0,1,0.467,14,0,0,1,0,0,0,0,1,0,0,0,0,0,0,0,1,0,0,0,0,0,0,Assault,None,2020-01-29,Maharashtra,0
0,26,0,0,0,1,0,0,0.781,1,2,1,0,0,0,0,0,0,1,0,0,0,0,1,0,0,0,0,0,0,0,0,Burglary,None,2019-02-23,West Bengal,0
2,29,1,0,0,1,0,1,0.537,23,5,0,0,1,0,0,0,1,0,0,0,0,0,0,0,0,0,0,0,0,0,1,Assault,Kaala Bichhoo Gang,2025-12-07,Kerala,0
2,29,0,0,1,1,0,0,0.373,22,5,0,0,0,1,0,0,0,0,0,0,0,1,0,0,0,0,0,1,0,0,0,Drug Trafficking,None,2019-06-09,Telangana,0
0,24,0,1,0,1,0,1,0.191,11,4,1,0,0,0,0,0,0,0,0,0,0,1,0,0,0,0,0,1,0,0,0,Arms Trafficking,None,2025-05-27,Maharashtra,1
2,29,1,0,0,1,1,0,0.679,18,12,1,0,0,0,0,0,0,0,0,1,0,0,0,0,0,1,0,0,0,0,0,Fraud,Neela Saanp Syndicate,2021-04-05,Karnataka,0
1,28,0,0,0,1,0,1,0.345,1,2,0,1,0,0,0,0,0,0,1,0,0,0,1,0,0,0,0,0,0,0,0,Car Theft,None,2020-01-21,West Bengal,0
4,38,1,1,0,1,1,4,0.882,11,22,0,0,1,0,0,0,1,0,0,0,0,0,0,0,0,0,0,0,1,0,0,Kidnapping,Patang Syndicate,2021-11-02,Punjab,1
3,37,1,1,0,1,1,3,0.258,12,2,0,1,0,0,0,0,0,0,0,1,0,0,0,1,0,0,0,0,0,0,0,Extortion,Teen Talwar Gang,2022-05-06,Gujarat,0
5,44,1,1,0,1,0,1,0.728,18,9,0,1,0,0,0,0,0,0,0,1,0,0,0,0,0,0,1,0,0,0,0,Money Laundering,Lal Toofan Crew,2024-06-06,Delhi,0
3,24,0,1,0,0,0,5,0.421,21,2,0,1,0,0,0,0,1,0,0,0,0,0,0,0,1,0,0,0,0,0,0,Assault,None,2019-12-04,Uttar Pradesh,1
2,27,1,1,0,1,0,8,0.703,12,15,0,1,0,0,0,0,0,0,0,1,0,0,0,0,0,0,0,0,1,0,0,Kidnapping,Patang Syndicate,2020-10-10,Punjab,1
1,43,1,0,0,1,1,0,0.681,13,8,0,0,0,0,1,0,0,0,0,0,0,1,0,1,0,0,0,0,0,0,0,Money Laundering,Kaala Bichhoo Gang,2025-06-25,Kerala,0
0,26,0,0,0,0,0,0,0.222,1,1,0,1,0,0,0,0,0,1,0,0,0,0,0,0,0,0,0,0,0,1,0,Arson,None,2025-04-15,Punjab,0
0,41,1,1,0,0,0,2,0.718,15,7,0,0,0,1,0,0,1,0,0,0,0,0,0,1,0,0,0,0,0,0,0,Murder,Teen Talwar Gang,2025-08-11,Gujarat,1
0,16,0,1,0,1,0,0,0.315,0,0,0,0,1,0,0,0,0,0,1,0,0,0,1,0,0,0,0,0,0,0,0,Car Theft,None,2018-03-19,Bihar,1
1,23,0,1,0,0,0,1,0.407,1,5,0,0,0,1,0,0,1,0,0,0,0,0,0,0,0,0,0,0,1,0,0,Kidnapping,None,2025-11-23,Maharashtra,1
2,43,0,1,0,0,0,4,0.698,23,2,1,0,0,0,0,0,1,0,0,0,0,0,0,1,0,0,0,0,0,0,0,Kidnapping,None,2019-03-11,West Bengal,1
1,16,1,0,0,0,0,1,0.54,4,4,0,1,0,0,0,0,0,1,0,0,0,0,0,0,0,0,0,0,0,1,0,Vandalism,Kaali Billi Crew,2023-04-09,Haryana,1
0,20,0,1,0,1,0,0,0.831,22,2,0,0,1,0,0,0,0,0,1,0,0,0,1,0,0,0,0,0,0,0,0,Car Theft,None,2020-10-17,Maharashtra,1
1,30,0,0,0,1,0,0,0.741,20,4,0,0,1,0,0,0,0,1,0,0,0,0,0,0,1,0,0,0,0,0,0,Robbery,None,2024-09-06,Bihar,0
1,20,0,0,0,1,0,2,0.181,4,1,1,0,0,0,0,0,0,1,0,0,0,0,1,0,0,0,0,0,0,0,0,Burglary,None,2025-03-17,Telangana,0
2,35,0,0,0,1,0,0,0.393,15,2,0,0,0,0,1,0,0,0,0,1,0,0,0,0,0,1,0,0,0,0,0,Fraud,None,2019-02-25,Delhi,0
1,24,0,0,0,1,0,0,0.123,4,3,0,0,1,0,0,0,0,0,1,0,0,0,1,0,0,0,0,0,0,0,0,Car Theft,None,2020-07-02,Bihar,0
0,33,0,0,0,1,1,1,0.341,17,3,0,1,0,0,0,0,0,0,0,0,1,0,0,0,0,1,0,0,0,0,0,Fraud,None,2018-03-26,Karnataka,0
0,26,1,0,1,1,1,3,0.542,20,6,0,0,0,1,0,0,0,0,0,0,0,1,0,0,0,0,0,1,0,0,0,Drug Trafficking,Kaala Bichhoo Gang,2020-02-22,Maharashtra,1
0,28,0,0,0,1,0,0,0.363,22,0,1,0,0,0,0,0,0,0,1,0,0,0,1,0,0,0,0,0,0,0,0,Car Theft,None,2018-02-18,Uttar Pradesh,0
1,33,0,0,0,1,0,1,0.439,1,3,0,1,0,0,0,0,0,0,0,0,1,0,0,0,0,1,0,0,0,0,0,Fraud,None,2024-11-30,Uttar Pradesh,0
2,17,0,0,1,0,0,2,0.764,15,2,1,0,0,0,0,0,0,1,0,0,0,0,0,0,0,0,0,0,0,1,0,Vandalism,None,2020-11-30,Maharashtra,0
1,36,0,1,0,0,0,1,0.544,11,9,0,1,0,0,0,0,0,0,0,0,0,1,0,0,0,0,0,1,0,0,0,Arms Trafficking,None,2019-03-19,Gujarat,0
1,27,0,1,0,0,0,4,0.287,21,6,1,0,0,0,0,0,1,0,0,0,0,0,0,0,0,0,0,0,1,0,0,Murder,None,2024-11-14,Uttar Pradesh,1
0,39,0,0,0,0,0,1,0.396,20,3,1,0,0,0,0,0,0,0,1,0,0,0,0,0,0,0,0,0,0,1,0,Arson,None,2021-03-02,Delhi,0
0,20,0,1,0,0,0,2,0.56,4,1,0,0,0,0,0,1,1,0,0,0,0,0,0,1,0,0,0,0,0,0,0,Assault,None,2021-06-27,Tamil Nadu,0
3,41,0,0,0,0,0,2,0.556,4,4,0,1,0,0,0,0,1,0,0,0,0,0,0,0,0,0,0,0,1,0,0,Kidnapping,None,2025-09-07,Kerala,0
1,25,1,0,1,0,0,3,0.517,3,6,0,0,0,1,0,0,0,0,0,0,0,1,0,0,0,0,0,1,0,0,0,Drug Trafficking,Kaala Bichhoo Gang,2025-03-20,Kerala,1
2,32,0,1,1,1,0,0,0.164,18,10,0,0,1,0,0,0,0,0,0,0,0,1,0,0,0,0,0,1,0,0,0,Drug Trafficking,None,2023-11-06,Uttar Pradesh,0
1,19,0,0,0,1,0,0,0.21,16,2,1,0,0,0,0,0,0,1,0,0,0,0,0,0,1,0,0,0,0,0,0,Burglary,None,2020-04-12,Uttar Pradesh,0
2,16,1,0,0,1,0,2,0.584,2,4,0,1,0,0,0,0,0,0,1,0,0,0,1,0,0,0,0,0,0,0,0,Car Theft,Lal Toofan Crew,2024-03-28,Rajasthan,1
4,33,1,0,0,1,1,0,0.797,18,10,1,0,0,0,0,0,0,0,0,1,0,0,0,0,0,1,0,0,0,0,0,Fraud,Neela Saanp Syndicate,2024-10-21,Karnataka,0
1,33,0,0,0,1,1,0,0.284,17,2,1,0,0,0,0,0,0,1,0,0,0,0,1,0,0,0,0,0,0,0,0,Burglary,None,2019-10-18,Uttar Pradesh,0
1,32,0,1,0,1,0,1,0.622,19,7,1,0,0,0,0,0,1,0,0,0,0,0,0,0,0,0,0,0,1,0,0,Kidnapping,None,2024-02-21,Tamil Nadu,0
2,53,1,1,0,0,0,4,0.58,18,7,0,0,1,0,0,0,1,0,0,0,0,0,1,0,0,0,0,0,0,0,0,Murder,Teen Talwar Gang,2023-02-12,Tamil Nadu,0
1,29,0,0,0,1,0,1,0.221,3,7,0,0,0,1,0,0,0,0,0,0,0,1,0,0,0,0,0,1,0,0,0,Drug Trafficking,None,2025-07-21,Rajasthan,1
1,18,0,1,0,1,0,4,0.244,15,3,0,0,1,0,0,0,1,0,0,0,0,0,0,0,0,0,0,0,1,0,0,Kidnapping,None,2024-06-16,Uttar Pradesh,1
1,36,1,0,0,1,1,0,0.741,19,7,0,0,0,0,0,1,0,0,0,0,1,0,1,0,0,0,0,0,0,0,0,Cybercrime,Neela Saanp Syndicate,2024-01-07,Karnataka,0
6,28,0,0,0,1,0,3,0.639,1,6,1,0,0,0,0,0,0,1,0,0,0,0,0,1,0,0,0,0,0,0,0,Robbery,None,2021-03-27,West Bengal,1
0,31,0,0,0,1,0,0,0.078,16,1,0,0,0,0,0,1,0,0,0,1,0,0,0,0,0,1,0,0,0,0,0,Fraud,None,2022-09-19,Rajasthan,0
2,32,0,0,0,0,1,4,0.63,14,1,0,0,1,0,0,0,1,0,0,0,0,0,0,0,1,0,0,0,0,0,0,Assault,None,2020-02-15,Bihar,1
1,36,0,0,1,0,0,1,0.739,20,0,0,0,1,0,0,0,0,1,0,0,0,0,0,0,0,0,0,0,0,1,0,Arson,None,2025-06-21,Rajasthan,0
0,44,1,1,0,0,0,2,0.666,17,2,0,0,1,0,0,0,0,0,1,0,0,0,0,0,1,0,0,0,0,0,0,Murder,Teen Talwar Gang,2024-05-04,Tamil Nadu,0
3,39,0,0,0,1,0,0,0.427,0,1,0,1,0,0,0,0,0,1,0,0,0,0,0,0,0,1,0,0,0,0,0,Fraud,None,2018-04-22,Maharashtra,0
1,40,0,1,0,1,0,1,0.547,17,7,0,0,0,0,0,1,0,1,0,0,0,0,0,0,0,0,1,0,0,0,0,Human Trafficking,None,2025-04-26,Uttar Pradesh,0
2,36,1,0,1,1,1,3,0.61,16,10,0,1,0,0,0,0,0,0,0,1,0,0,0,0,0,0,0,0,0,0,1,Extortion,Patang Syndicate,2022-07-05,Telangana,1
0,21,0,0,0,1,1,0,0.2,18,1,0,1,0,0,0,0,0,1,0,0,0,0,0,0,0,1,0,0,0,0,0,Cybercrime,None,2022-08-26,Uttar Pradesh,0
0,16,0,0,1,0,0,1,0.194,3,2,1,0,0,0,0,0,0,0,1,0,0,0,0,0,0,1,0,0,0,0,0,Car Theft,None,2022-12-03,Gujarat,0
2,16,1,0,0,0,0,1,0.569,23,4,1,0,0,0,0,0,0,0,1,0,0,0,1,0,0,0,0,0,0,0,0,Car Theft,Lal Toofan Crew,2020-08-13,Rajasthan,0
0,36,1,1,0,1,0,2,0.465,18,6,0,0,1,0,0,0,0,0,0,0,0,1,0,0,0,0,0,1,0,0,0,Arms Trafficking,Kaala Bichhoo Gang,2023-03-01,Kerala,1
1,24,0,0,0,1,0,2,0.546,16,6,0,1,0,0,0,0,0,1,0,0,0,0,0,0,0,0,0,1,0,0,0,Arms Trafficking,None,2018-12-03,Rajasthan,0
1,43,0,0,0,0,0,0,0.362,17,2,0,1,0,0,0,0,0,0,0,1,0,0,0,0,0,0,0,0,0,1,0,Fraud,None,2022-11-04,Delhi,0
0,44,0,0,0,1,0,1,0.299,19,7,0,1,0,0,0,0,0,0,0,1,0,0,0,0,0,1,0,0,0,0,0,Money Laundering,None,2023-10-11,Maharashtra,0
1,38,1,0,1,1,0,2,0.663,17,8,0,0,0,1,0,0,0,0,0,0,0,1,0,0,0,0,0,1,0,0,0,Drug Trafficking,Kaala Bichhoo Gang,2023-05-09,Kerala,0
4,41,1,1,0,0,0,6,0.379,18,6,0,0,0,1,0,0,0,0,0,0,0,1,0,0,0,0,0,1,0,0,0,Arms Trafficking,Teen Talwar Gang,2023-02-18,Tamil Nadu,1
5,36,1,0,0,1,1,1,0.642,10,2,0,0,0,0,1,0,0,0,0,1,0,0,0,0,0,1,0,0,0,0,0,Fraud,Neela Saanp Syndicate,2025-07-22,Karnataka,1
1,43,1,0,0,1,1,2,0.491,1,17,0,1,0,0,0,0,1,0,0,0,0,0,0,0,0,0,0,0,1,0,0,Human Trafficking,Patang Syndicate,2024-03-05,Telangana,1
1,34,0,0,0,1,1,1,0.493,3,1,0,0,0,0,1,0,0,0,0,1,0,0,0,0,0,1,0,0,0,0,0,Fraud,None,2025-08-24,Uttar Pradesh,0
3,23,1,0,1,1,0,2,0.798,9,5,1,0,0,0,0,0,0,1,0,0,0,0,1,0,0,0,0,0,0,0,0,Burglary,Kaali Billi Crew,2022-03-30,Madhya Pradesh,1
1,30,0,0,0,1,0,0,0.123,23,3,1,0,0,0,0,0,0,0,1,0,0,0,0,0,0,0,1,0,0,0,0,Car Theft,None,2022-10-13,Gujarat,0
2,42,0,0,0,1,1,0,0.579,4,3,0,0,1,0,0,0,0,0,0,0,1,0,0,0,0,1,0,0,0,0,0,Money Laundering,None,2019-09-22,Bihar,0
2,16,0,0,0,1,1,0,0.613,12,3,0,0,0,0,0,1,0,0,0,1,0,0,0,0,0,1,0,0,0,0,0,Fraud,None,2019-12-07,Gujarat,0
2,48,0,1,0,1,0,3,0.386,17,7,0,1,0,0,0,0,0,0,0,0,0,1,0,0,1,0,0,0,0,0,0,Arms Trafficking,None,2020-11-10,Madhya Pradesh,0
2,30,0,1,0,1,0,2,0.391,10,0,0,0,1,0,0,0,1,0,0,0,0,0,0,0,1,0,0,0,0,0,0,Assault,None,2018-01-09,Uttar Pradesh,1
2,35,0,0,0,0,1,0,0.474,13,2,0,0,0,0,0,1,0,0,0,1,0,0,0,0,0,0,1,0,0,0,0,Cybercrime,None,2021-09-08,Madhya Pradesh,0
2,25,0,1,0,0,0,3,0.401,11,2,0,0,1,0,0,0,1,0,0,0,0,0,0,0,1,0,0,0,0,0,0,Assault,None,2021-10-13,Gujarat,0
1,27,0,0,0,0,0,5,0.485,15,5,0,0,1,0,0,0,1,0,0,0,0,0,0,1,0,0,0,0,0,0,0,Assault,None,2022-03-31,Karnataka,1
3,20,1,0,0,0,0,1,0.528,2,1,0,1,0,0,0,0,0,1,0,0,0,0,0,0,0,0,0,0,0,1,0,Vandalism,Kaali Billi Crew,2024-03-18,Madhya Pradesh,1
2,36,0,1,0,0,0,2,0.793,22,4,0,1,0,0,0,0,1,0,0,0,0,0,0,0,1,0,0,0,0,0,0,Assault,None,2025-01-06,Telangana,0
1,31,0,0,0,0,0,5,0.328,14,2,1,0,0,0,0,0,1,0,0,0,0,0,0,0,1,0,0,0,0,0,0,Assault,None,2021-01-10,Bihar,1
0,27,0,0,0,0,0,1,0.676,23,3,0,1,0,0,0,0,1,0,0,0,0,0,0,0,1,0,0,0,0,0,0,Assault,None,2024-02-26,Gujarat,0
3,32,1,0,1,1,1,2,0.568,23,10,0,0,0,1,0,0,0,0,0,0,0,1,0,0,0,0,0,1,0,0,0,Drug Trafficking,Patang Syndicate,2023-02-15,Punjab,1
1,38,0,0,0,1,0,0,0.496,9,1,1,0,0,0,0,0,0,0,0,1,0,0,0,0,0,0,1,0,0,0,0,Fraud,None,2019-05-17,West Bengal,0
4,16,1,0,0,1,1,1,0.438,12,6,0,0,0,0,0,1,0,0,0,1,0,0,0,0,0,1,0,0,0,0,0,Cybercrime,Neela Saanp Syndicate,2022-10-30,Karnataka,1
0,30,0,0,0,1,0,1,0.585,1,2,1,0,0,0,0,0,0,1,0,0,0,0,1,0,0,0,0,0,0,0,0,Burglary,None,2018-06-21,Gujarat,0
4,35,0,0,0,0,0,2,0.334,12,1,0,0,1,0,0,0,1,0,0,0,0,0,0,0,0,0,0,0,0,1,0,Assault,None,2025-05-22,Uttar Pradesh,1
0,22,0,0,0,1,1,0,0.605,11,1,0,0,0,0,0,1,0,0,0,0,1,0,0,0,0,0,1,0,0,0,0,Cybercrime,None,2020-12-27,Tamil Nadu,0
0,30,0,0,0,1,0,2,0.123,23,0,0,0,1,0,0,0,0,0,1,0,0,0,1,0,0,0,0,0,0,0,0,Car Theft,None,2024-05-17,Tamil Nadu,0
2,33,0,0,0,1,0,0,0.251,20,2,1,0,0,0,0,0,0,0,1,0,0,0,0,0,1,0,0,0,0,0,0,Car Theft,None,2025-05-23,Rajasthan,0
1,31,1,0,0,0,0,1,0.524,23,5,1,0,0,0,0,0,0,1,0,0,0,0,1,0,0,0,0,0,0,0,0,Burglary,Kaali Billi Crew,2019-01-10,Haryana,1
1,35,0,1,0,1,0,5,0.241,17,4,0,0,1,0,0,0,1,0,0,0,0,0,0,0,0,0,0,0,1,0,0,Kidnapping,None,2023-05-25,Tamil Nadu,1
0,38,0,1,1,1,0,1,0.237,11,7,0,0,0,1,0,0,0,0,0,0,0,1,0,0,0,1,0,0,0,0,0,Drug Trafficking,None,2024-03-16,Madhya Pradesh,0
5,24,1,0,1,1,0,2,0.603,23,7,0,1,0,0,0,0,0,0,0,1,0,0,0,1,0,0,0,0,0,0,0,Robbery,Lal Toofan Crew,2025-11-01,Rajasthan,1
1,37,0,0,0,1,0,0,0.089,18,0,0,1,0,0,0,0,0,0,0,0,1,0,0,0,0,1,0,0,0,0,0,Fraud,None,2025-10-14,Madhya Pradesh,0
1,38,0,1,0,1,0,0,0.547,12,7,0,0,0,1,0,0,0,0,0,0,0,1,0,0,0,0,0,1,0,0,0,Arms Trafficking,None,2024-09-29,Karnataka,0
2,26,1,1,0,0,0,3,0.677,17,2,1,0,0,0,0,0,1,0,0,0,0,0,0,1,0,0,0,0,0,0,0,Murder,Teen Talwar Gang,2022-02-27,Gujarat,1
6,38,0,0,1,1,0,2,0.203,14,5,0,0,1,0,0,0,1,0,0,0,0,0,0,0,0,0,0,1,0,0,0,Drug Trafficking,None,2024-12-29,Maharashtra,1
2,35,0,0,1,1,0,3,0.456,8,5,0,0,1,0,0,0,0,0,0,0,0,1,0,0,0,0,0,1,0,0,0,Drug Trafficking,None,2025-02-16,Maharashtra,0
3,36,1,1,0,0,0,3,0.553,22,18,0,0,0,1,0,0,1,0,0,0,0,0,0,0,0,0,0,0,1,0,0,Kidnapping,Patang Syndicate,2019-05-23,Punjab,1
0,28,0,0,0,1,0,1,0.624,22,5,0,0,0,1,0,0,1,0,0,0,0,0,0,0,0,0,0,0,1,0,0,Human Trafficking,None,2024-01-07,West Bengal,1
0,28,0,0,0,0,0,0,0.452,3,0,0,0,1,0,0,0,1,0,0,0,0,0,0,0,1,0,0,0,0,0,0,Assault,None,2025-05-27,Gujarat,0
0,24,0,0,0,0,0,2,0.771,20,3,0,0,1,0,0,0,1,0,0,0,0,0,0,1,0,0,0,0,0,0,0,Kidnapping,None,2021-11-27,Rajasthan,0
3,24,0,1,0,1,1,4,0.651,17,6,0,1,0,0,0,0,0,0,0,0,0,1,0,0,0,0,0,1,0,0,0,Arms Trafficking,None,2021-09-09,Rajasthan,1
1,37,0,0,1,1,0,0,0.671,14,6,0,0,0,1,0,0,0,0,0,0,0,1,0,0,0,0,0,1,0,0,0,Drug Trafficking,None,2024-02-02,Maharashtra,0
0,22,0,0,1,0,0,0,0.499,1,2,1,0,0,0,0,0,1,0,0,0,0,0,0,0,0,0,0,0,0,1,0,Assault,None,2019-04-11,Uttar Pradesh,0
1,31,0,0,0,1,0,4,0.469,8,5,0,0,0,1,0,0,1,0,0,0,0,0,0,0,0,0,0,0,1,0,0,Kidnapping,None,2024-05-20,Maharashtra,0
0,22,1,0,0,1,1,2,0.659,19,8,0,0,0,0,0,1,0,0,0,0,1,0,0,0,0,0,1,0,0,0,0,Cybercrime,Neela Saanp Syndicate,2020-02-11,West Bengal,1
2,43,0,0,0,1,1,0,0.385,3,2,0,0,0,0,0,1,0,0,0,1,0,0,0,0,0,1,0,0,0,0,0,Fraud,None,2023-06-30,Bihar,0
0,24,0,0,0,0,0,1,0.198,23,2,0,0,1,0,0,0,0,1,0,0,0,0,0,0,0,0,0,0,0,1,0,Arson,None,2020-01-20,Punjab,0
0,16,0,0,0,0,0,0,0.314,23,2,0,0,1,0,0,0,0,1,0,0,0,0,0,0,0,0,0,0,0,1,0,Vandalism,None,2023-03-21,Tamil Nadu,0
3,39,1,0,0,1,1,0,0.425,11,15,0,1,0,0,0,0,0,0,0,1,0,0,0,0,0,1,0,0,0,0,0,Money Laundering,Neela Saanp Syndicate,2024-03-12,Karnataka,0
1,39,0,0,0,1,1,1,0.475,20,3,0,0,0,1,0,0,1,0,0,0,0,0,0,0,0,0,0,0,1,0,0,Human Trafficking,None,2022-08-10,Gujarat,0
1,44,1,1,1,1,0,4,0.556,13,12,1,0,0,0,0,0,0,0,0,0,0,1,0,0,0,0,0,1,0,0,0,Arms Trafficking,Teen Talwar Gang,2020-06-05,Gujarat,1
0,21,1,1,0,1,0,3,0.656,17,4,1,0,0,0,0,0,0,1,0,0,0,0,0,1,0,0,0,0,0,0,0,Robbery,Lal Toofan Crew,2022-01-16,Delhi,1
2,29,1,0,0,1,0,5,0.707,13,9,0,1,0,0,0,0,1,0,0,0,0,0,0,0,0,0,0,0,0,0,1,Extortion,Patang Syndicate,2019-04-17,Punjab,1
0,16,1,0,0,1,0,2,0.663,2,3,0,0,0,0,1,0,0,1,0,0,0,0,1,0,0,0,0,0,0,0,0,Burglary,Lal Toofan Crew,2025-12-26,Rajasthan,1
0,31,0,0,0,0,1,1,0.644,14,0,1,0,0,0,0,0,1,0,0,0,0,0,0,0,0,0,1,0,0,0,0,Cybercrime,None,2025-07-01,West Bengal,0
0,20,0,0,0,1,1,0,0.381,12,1,0,0,0,0,0,1,0,0,0,0,1,0,0,0,0,0,1,0,0,0,0,Cybercrime,None,2024-06-07,West Bengal,0
3,38,1,1,1,1,0,5,0.512,8,8,0,1,0,0,0,0,0,0,0,0,0,1,0,0,0,0,0,1,0,0,0,Arms Trafficking,Kaala Bichhoo Gang,2022-07-03,Maharashtra,1
0,42,1,1,0,0,1,3,0.479,0,10,0,0,0,1,0,0,0,0,0,0,0,1,0,0,0,1,0,0,0,0,0,Arms Trafficking,Teen Talwar Gang,2023-05-25,Tamil Nadu,0
2,35,0,0,0,0,0,2,0.325,3,0,1,0,0,0,0,0,0,1,0,0,0,0,0,0,0,0,0,1,0,0,0,Assault,None,2018-06-16,Uttar Pradesh,0
0,25,0,1,1,1,0,2,0.352,1,0,1,0,0,0,0,0,0,0,0,1,0,0,1,0,0,0,0,0,0,0,0,Burglary,None,2025-02-19,West Bengal,0
1,31,0,1,1,0,0,0,0.416,16,2,0,1,0,0,0,0,1,0,0,0,0,0,0,0,1,0,0,0,0,0,0,Assault,None,2021-08-08,Tamil Nadu,0
0,34,0,0,1,1,0,1,0.594,16,4,0,0,1,0,0,0,0,0,0,0,0,1,0,0,0,0,0,1,0,0,0,Drug Trafficking,None,2022-05-15,Maharashtra,0
1,37,0,1,0,0,1,2,0.727,0,3,1,0,0,0,0,0,1,0,0,0,0,0,0,0,0,0,0,0,1,0,0,Kidnapping,None,2025-12-26,Telangana,0
2,41,1,1,1,1,0,5,0.42,13,15,1,0,0,0,0,0,0,0,0,0,0,1,0,0,0,0,0,1,0,0,0,Arms Trafficking,Teen Talwar Gang,2021-06-06,Tamil Nadu,1
3,20,1,0,0,0,1,1,0.405,23,11,0,0,0,0,0,1,0,0,0,0,1,0,0,0,0,0,1,0,0,0,0,Cybercrime,Neela Saanp Syndicate,2023-02-22,West Bengal,1
6,32,1,1,1,0,0,4,0.627,22,9,0,0,0,1,0,0,1,0,0,0,0,0,0,0,0,0,0,0,1,0,0,Kidnapping,Patang Syndicate,2019-01-03,Punjab,1
4,28,1,0,0,0,0,4,0.597,0,2,0,0,0,0,1,0,1,0,0,0,0,0,0,0,1,0,0,0,0,0,0,Assault,Kaali Billi Crew,2020-09-15,Madhya Pradesh,1
4,37,1,1,1,1,0,5,0.654,9,9,1,0,0,0,0,0,0,0,0,0,0,1,0,0,0,0,0,1,0,0,0,Drug Trafficking,Kaala Bichhoo Gang,2018-12-22,Kerala,1
3,31,0,1,0,1,0,0,0.633,12,8,0,0,0,1,0,0,0,0,0,0,0,1,0,0,0,0,0,1,0,0,0,Arms Trafficking,None,2018-10-14,Uttar Pradesh,0
1,38,1,0,0,1,1,1,0.793,16,11,0,0,0,0,1,0,0,0,0,1,0,0,0,0,0,1,0,0,0,0,0,Fraud,Neela Saanp Syndicate,2024-08-20,West Bengal,1
2,39,0,0,0,1,1,0,0.09,14,6,0,0,0,0,1,0,0,0,0,1,0,0,0,0,0,0,1,0,0,0,0,Fraud,None,2025-07-26,Tamil Nadu,0
1,43,1,0,0,1,1,0,0.711,16,14,0,0,0,0,1,0,0,0,0,1,0,0,0,0,0,1,0,0,0,0,0,Money Laundering,Kaala Bichhoo Gang,2019-08-03,Maharashtra,0
0,17,0,1,0,0,0,1,0.368,2,4,1,0,0,0,0,0,0,0,1,0,0,0,0,0,0,1,0,0,0,0,0,Car Theft,None,2022-11-26,Delhi,0
0,38,0,0,0,1,0,1,0.588,22,5,0,0,1,0,0,0,1,0,0,0,0,0,0,0,0,1,0,0,0,0,0,Human Trafficking,None,2019-10-02,Madhya Pradesh,0
4,31,0,1,1,1,0,2,0.798,16,2,0,0,1,0,0,0,1,0,0,0,0,0,0,0,1,0,0,0,0,0,0,Murder,None,2022-01-03,Tamil Nadu,1
1,24,0,0,0,1,0,1,0.43,16,2,0,0,1,0,0,0,0,0,1,0,0,0,1,0,0,0,0,0,0,0,0,Car Theft,None,2020-07-16,Haryana,1
1,44,0,0,0,1,1,1,0.274,16,1,1,0,0,0,0,0,0,0,0,1,0,0,0,0,0,1,0,0,0,0,0,Fraud,None,2023-01-26,Uttar Pradesh,0
0,16,1,0,1,1,0,0,0.578,8,2,0,0,1,0,0,0,0,0,0,0,1,0,0,0,0,0,0,0,0,1,0,Vandalism,Kaali Billi Crew,2021-01-29,Madhya Pradesh,0
3,26,1,0,0,0,0,4,0.538,1,10,0,0,0,1,0,0,1,0,0,0,0,0,0,0,0,1,0,0,0,0,0,Human Trafficking,Patang Syndicate,2023-02-06,Punjab,1
2,35,0,0,0,0,0,5,0.794,15,1,1,0,0,0,0,0,1,0,0,0,0,0,0,0,1,0,0,0,0,0,0,Assault,None,2025-06-25,Maharashtra,1
0,31,0,1,0,0,0,2,0.538,23,2,0,1,0,0,0,0,1,0,0,0,0,0,0,0,1,0,0,0,0,0,0,Assault,None,2023-12-15,Uttar Pradesh,1
4,32,1,0,0,1,0,1,0.623,18,17,0,0,0,1,0,0,1,0,0,0,0,0,0,0,0,0,0,0,0,0,1,Kidnapping,Patang Syndicate,2022-06-11,Telangana,1
3,50,1,0,1,1,1,1,0.594,4,9,0,1,0,0,0,0,0,0,0,1,0,0,0,0,0,1,0,0,0,0,0,Money Laundering,Kaala Bichhoo Gang,2018-01-22,Kerala,1
1,27,0,1,0,1,0,2,0.512,9,3,0,0,1,0,0,0,0,0,0,0,0,1,0,0,1,0,0,0,0,0,0,Murder,None,2023-07-13,Madhya Pradesh,0
5,41,1,1,0,1,0,3,0.547,1,2,0,0,1,0,0,0,1,0,0,0,0,0,0,1,0,0,0,0,0,0,0,Murder,Teen Talwar Gang,2021-06-17,Gujarat,0
0,27,0,0,1,0,0,0,0.212,22,2,0,1,0,0,0,0,0,0,0,1,0,0,1,0,0,0,0,0,0,0,0,Burglary,None,2018-02-17,Bihar,0
1,25,1,0,0,1,1,4,0.857,23,6,0,0,0,0,0,1,0,0,0,0,1,0,0,0,0,0,1,0,0,0,0,Cybercrime,Neela Saanp Syndicate,2022-11-14,Karnataka,0
5,45,1,0,1,0,0,2,0.435,23,12,0,0,0,1,0,0,0,0,0,0,1,0,0,0,0,0,0,1,0,0,0,Drug Trafficking,Kaala Bichhoo Gang,2022-01-14,Maharashtra,1
7,46,1,0,0,1,1,1,0.638,9,15,0,1,0,0,0,0,0,0,0,0,0,1,0,0,0,0,0,0,0,1,0,Extortion,Patang Syndicate,2022-03-29,Punjab,0
0,28,0,0,0,0,1,0,0.038,14,2,0,0,0,0,0,1,0,0,0,0,1,0,0,0,0,0,1,0,0,0,0,Cybercrime,None,2018-10-14,West Bengal,0
5,39,0,0,0,1,0,1,0.152,13,3,0,0,1,0,0,0,1,0,0,0,0,0,0,0,0,0,0,0,0,0,1,Human Trafficking,None,2025-12-15,West Bengal,1
2,34,1,0,0,1,1,3,0.64,8,10,0,1,0,0,0,0,1,0,0,0,0,0,0,0,0,0,0,0,1,0,0,Kidnapping,Patang Syndicate,2021-03-09,Telangana,1
0,29,0,0,0,1,0,0,0.426,11,2,0,1,0,0,0,0,0,0,0,1,0,0,0,0,0,1,0,0,0,0,0,Fraud,None,2022-10-07,Uttar Pradesh,0
2,26,0,0,0,0,0,4,0.688,10,3,1,0,0,0,0,0,1,0,0,0,0,0,0,0,0,0,0,0,1,0,0,Kidnapping,None,2019-09-09,Bihar,1
4,47,1,0,0,1,1,3,0.846,1,14,0,1,0,0,0,0,0,0,0,1,0,0,0,0,0,0,0,0,0,0,1,Extortion,Patang Syndicate,2025-10-11,Punjab,0
4,47,0,0,0,0,0,2,0.441,11,8,0,0,0,0,1,0,1,0,0,0,0,0,0,0,0,0,0,0,1,0,0,Kidnapping,None,2022-12-31,Delhi,1
1,32,1,0,0,1,1,1,0.505,1,6,0,0,1,0,0,0,0,0,0,1,0,0,0,0,0,1,0,0,0,0,0,Human Trafficking,Teen Talwar Gang,2019-04-29,Gujarat,1
1,24,0,1,0,1,0,0,0.58,21,4,0,0,0,1,0,0,0,1,0,0,0,0,0,0,1,0,0,0,0,0,0,Robbery,None,2019-10-20,Madhya Pradesh,1
3,30,0,0,1,1,0,0,0.336,4,4,0,0,0,1,0,0,0,0,0,0,0,1,0,0,0,0,0,1,0,0,0,Drug Trafficking,None,2025-12-29,Karnataka,1
0,32,0,1,0,1,0,1,0.508,19,3,0,0,0,1,0,0,1,0,0,0,0,0,0,0,0,0,0,0,1,0,0,Kidnapping,None,2024-08-14,Tamil Nadu,0
0,22,0,1,1,0,0,2,0.71,21,2,0,0,1,0,0,0,1,0,0,0,0,0,0,0,1,0,0,0,0,0,0,Assault,None,2022-04-14,Uttar Pradesh,1
0,29,0,0,1,1,0,1,0.328,18,4,0,0,1,0,0,0,0,0,0,0,0,1,0,0,0,0,0,1,0,0,0,Drug Trafficking,None,2024-09-09,Bihar,1
1,22,0,0,0,1,0,0,0.449,19,2,1,0,0,0,0,0,0,0,0,1,0,0,1,0,0,0,0,0,0,0,0,Burglary,None,2025-05-14,Bihar,0
1,28,0,0,0,0,0,1,0.381,15,2,0,0,1,0,0,0,0,1,0,0,0,0,0,0,1,0,0,0,0,0,0,Assault,None,2019-11-21,Maharashtra,0
0,28,0,0,0,1,0,0,0.317,18,1,0,0,1,0,0,0,0,0,1,0,0,0,1,0,0,0,0,0,0,0,0,Car Theft,None,2023-06-16,West Bengal,0
1,16,1,0,0,0,0,1,0.364,4,0,0,0,1,0,0,0,0,1,0,0,0,0,0,0,0,0,0,0,0,1,0,Vandalism,Kaali Billi Crew,2023-04-16,Madhya Pradesh,1
3,37,0,0,0,1,1,1,0.305,18,2,0,0,0,0,0,1,0,0,0,1,0,0,0,0,0,1,0,0,0,0,0,Cybercrime,None,2018-12-03,Kerala,0
0,16,0,0,0,1,1,0,0.357,20,3,0,0,0,0,0,1,0,0,0,0,1,0,0,0,0,0,1,0,0,0,0,Cybercrime,None,2022-11-14,Uttar Pradesh,1
1,16,0,0,0,0,0,0,0.665,2,2,1,0,0,0,0,0,0,0,1,0,0,0,0,0,0,1,0,0,0,0,0,Car Theft,None,2018-08-06,West Bengal,1
2,16,1,0,0,1,0,3,0.67,21,6,0,0,1,0,0,0,0,1,0,0,0,0,0,0,0,0,0,0,0,1,0,Vandalism,Kaali Billi Crew,2021-03-03,Haryana,1
0,16,0,0,0,0,0,1,0.357,0,1,1,0,0,0,0,0,0,1,0,0,0,0,0,0,0,0,0,0,0,1,0,Vandalism,None,2023-06-17,Maharashtra,0
4,32,1,0,0,0,0,8,0.426,0,3,0,0,0,0,1,0,0,1,0,0,0,0,0,0,0,0,0,0,0,1,0,Arson,Kaali Billi Crew,2024-09-09,Haryana,1
1,17,1,0,0,0,0,1,0.373,20,2,0,0,1,0,0,0,0,1,0,0,0,0,0,0,0,0,0,0,0,1,0,Vandalism,Kaali Billi Crew,2024-12-07,Madhya Pradesh,1
0,34,1,0,0,0,0,0,0.581,16,9,0,0,1,0,0,0,0,0,1,0,0,0,1,0,0,0,0,0,0,0,0,Car Theft,Patang Syndicate,2021-01-16,Telangana,0
2,16,0,0,0,0,0,0,0.116,3,2,0,0,0,0,1,0,0,1,0,0,0,0,0,0,0,0,0,0,0,1,0,Vandalism,None,2019-07-30,Uttar Pradesh,0
5,27,1,0,0,1,1,1,0.745,13,7,0,1,0,0,0,0,0,0,0,1,0,0,0,0,0,1,0,0,0,0,0,Fraud,Neela Saanp Syndicate,2023-12-30,Karnataka,0
2,52,0,0,0,1,0,0,0.134,11,1,0,0,0,0,1,0,0,0,0,1,0,0,0,0,0,1,0,0,0,0,0,Fraud,None,2021-05-18,Uttar Pradesh,0
2,52,1,0,0,1,0,4,0.614,13,10,0,0,0,1,0,0,1,0,0,0,0,0,0,0,0,0,0,0,0,0,1,Human Trafficking,Patang Syndicate,2025-08-11,Telangana,0
1,34,0,1,0,0,0,2,0.761,10,3,1,0,0,0,0,0,1,0,0,0,0,0,0,1,0,0,0,0,0,0,0,Murder,None,2022-01-20,Tamil Nadu,0
0,22,1,1,1,1,1,2,0.749,3,5,1,0,0,0,0,0,0,0,0,0,0,1,0,0,0,0,0,1,0,0,0,Drug Trafficking,Lal Toofan Crew,2018-04-09,Delhi,0
1,31,0,0,0,0,0,1,0.769,14,2,0,0,0,0,0,1,1,0,0,0,0,0,0,1,0,0,0,0,0,0,0,Assault,None,2024-02-17,Maharashtra,0
1,35,0,1,0,0,0,0,0.56,19,3,0,0,1,0,0,0,1,0,0,0,0,0,0,0,0,0,0,0,0,1,0,Kidnapping,None,2023-06-05,Uttar Pradesh,0
1,29,1,1,0,1,0,1,0.657,2,3,1,0,0,0,0,0,0,1,0,0,0,0,0,0,0,1,0,0,0,0,0,Car Theft,Lal Toofan Crew,2019-04-19,Rajasthan,0
3,28,0,1,1,1,0,2,0.047,4,1,0,0,0,0,0,1,1,0,0,0,0,0,0,0,0,0,0,0,1,0,0,Kidnapping,None,2018-10-27,Uttar Pradesh,1
1,36,0,1,1,1,0,3,0.088,17,3,1,0,0,0,0,0,0,0,0,0,0,1,0,0,0,0,0,1,0,0,0,Drug Trafficking,None,2018-07-03,Tamil Nadu,1
2,16,0,0,0,1,1,0,0.277,12,2,0,0,1,0,0,0,0,0,1,0,0,0,1,0,0,0,0,0,0,0,0,Car Theft,None,2019-02-20,Bihar,1
4,25,0,1,0,1,0,3,0.58,19,5,0,0,0,0,0,1,0,0,0,0,0,1,0,0,0,0,0,1,0,0,0,Arms Trafficking,None,2024-05-29,Karnataka,1
0,22,0,0,0,0,0,5,0.203,0,3,0,0,0,0,0,1,0,1,0,0,0,0,0,0,0,0,0,0,0,1,0,Vandalism,None,2021-04-15,Uttar Pradesh,1
5,29,0,0,0,0,0,3,0.528,20,2,1,0,0,0,0,0,1,0,0,0,0,0,0,0,1,0,0,0,0,0,0,Assault,None,2025-08-24,Punjab,0
1,39,1,1,0,0,0,5,0.427,12,2,0,1,0,0,0,0,0,0,0,1,0,0,0,0,1,0,0,0,0,0,0,Murder,Neela Saanp Syndicate,2021-03-08,West Bengal,1
5,43,1,1,0,1,0,6,0.508,4,8,0,0,0,1,0,0,0,0,0,0,0,1,0,0,0,0,0,1,0,0,0,Arms Trafficking,Teen Talwar Gang,2025-01-28,Gujarat,0
1,16,0,0,0,1,0,0,0.229,2,3,0,0,0,1,0,0,0,0,0,0,1,0,1,0,0,0,0,0,0,0,0,Burglary,None,2021-08-13,Telangana,0
1,29,1,0,0,1,0,0,0.461,2,5,0,0,0,0,0,1,0,0,0,1,0,0,0,0,0,1,0,0,0,0,0,Fraud,Neela Saanp Syndicate,2019-03-15,Karnataka,0
3,41,1,0,0,1,1,0,0.552,17,10,0,0,0,0,0,1,0,0,0,1,0,0,0,0,0,1,0,0,0,0,0,Money Laundering,Neela Saanp Syndicate,2018-11-16,West Bengal,0
1,21,0,0,0,0,0,2,0.541,2,0,0,1,0,0,0,0,1,0,0,0,0,0,0,0,1,0,0,0,0,0,0,Assault,None,2019-05-02,Rajasthan,0
0,36,0,0,0,0,0,2,0.6,18,1,0,0,1,0,0,0,1,0,0,0,0,0,0,0,1,0,0,0,0,0,0,Assault,None,2019-01-26,Madhya Pradesh,0
2,46,1,1,0,0,0,1,0.809,3,2,1,0,0,0,0,0,0,0,0,0,1,0,0,0,1,0,0,0,0,0,0,Murder,Teen Talwar Gang,2021-08-14,Tamil Nadu,1
2,28,0,0,1,1,0,1,0.482,10,8,0,0,1,0,0,0,0,0,0,0,0,1,0,0,0,1,0,0,0,0,0,Drug Trafficking,None,2020-06-26,Uttar Pradesh,0
0,22,0,0,0,1,0,0,0.123,16,2,1,0,0,0,0,0,0,0,1,0,0,0,1,0,0,0,0,0,0,0,0,Car Theft,None,2024-04-27,Uttar Pradesh,0
3,26,0,0,1,1,0,3,0.41,1,4,0,0,0,0,1,0,0,0,0,0,0,1,0,0,0,0,0,1,0,0,0,Arms Trafficking,None,2019-09-19,Uttar Pradesh,0
2,26,0,0,0,1,1,1,0.518,12,1,1,0,0,0,0,0,0,0,0,1,0,0,0,0,0,1,0,0,0,0,0,Fraud,None,2024-05-28,Tamil Nadu,1
2,34,0,1,0,1,0,3,0.803,13,3,1,0,0,0,0,0,0,0,0,1,0,0,0,0,0,0,0,0,0,0,1,Extortion,None,2019-05-27,Rajasthan,0
5,39,1,0,0,1,0,2,0.533,8,8,0,0,0,0,1,0,0,0,0,1,0,0,0,0,0,1,0,0,0,0,0,Money Laundering,Neela Saanp Syndicate,2019-08-09,Karnataka,0
1,22,0,1,0,0,0,2,0.669,10,1,0,0,1,0,0,0,1,0,0,0,0,0,0,0,0,0,0,0,0,0,1,Assault,None,2019-09-15,Maharashtra,0
0,16,0,0,0,1,1,0,0.381,16,1,0,0,0,0,0,1,0,0,0,1,0,0,0,0,0,1,0,0,0,0,0,Cybercrime,None,2025-06-08,Tamil Nadu,1
0,37,0,0,0,1,1,0,0.444,9,2,0,0,0,0,0,1,0,0,0,1,0,0,0,0,0,0,1,0,0,0,0,Fraud,None,2024-11-27,Madhya Pradesh,0
2,18,1,0,0,1,0,0,0.515,11,6,0,0,1,0,0,0,0,0,1,0,0,0,1,0,0,0,0,0,0,0,0,Car Theft,Lal Toofan Crew,2020-04-01,Rajasthan,1
1,22,1,0,1,0,0,2,0.456,1,2,0,1,0,0,0,0,0,1,0,0,0,0,0,0,0,0,0,0,0,1,0,Arson,Kaali Billi Crew,2024-10-30,Haryana,1
3,36,0,1,0,1,0,0,0.604,2,4,1,0,0,0,0,0,0,0,0,1,0,0,0,0,0,0,1,0,0,0,0,Extortion,None,2021-06-04,Gujarat,0
4,28,1,0,0,1,1,1,0.532,16,8,0,0,0,0,0,1,0,0,0,0,1,0,0,0,0,0,1,0,0,0,0,Cybercrime,Neela Saanp Syndicate,2020-12-19,Karnataka,1
1,17,1,0,0,1,0,2,0.425,22,6,0,1,0,0,0,0,0,1,0,0,0,0,1,0,0,0,0,0,0,0,0,Burglary,Kaali Billi Crew,2022-03-07,Madhya Pradesh,0
2,24,1,1,0,1,0,1,0.595,13,4,0,0,1,0,0,0,0,0,0,1,0,0,0,1,0,0,0,0,0,0,0,Robbery,Lal Toofan Crew,2022-11-22,Rajasthan,1
1,36,1,1,0,0,0,3,0.628,21,3,1,0,0,0,0,0,0,0,1,0,0,0,0,0,1,0,0,0,0,0,0,Murder,Teen Talwar Gang,2022-11-18,Gujarat,0
0,17,0,0,0,1,1,0,0.556,8,2,0,0,0,0,0,1,0,0,0,0,1,0,0,0,0,0,1,0,0,0,0,Cybercrime,None,2021-07-14,Delhi,0
1,25,0,1,1,0,0,4,0.452,22,6,1,0,0,0,0,0,1,0,0,0,0,0,0,0,0,0,0,0,0,0,1,Kidnapping,None,2020-09-25,Gujarat,0
2,36,0,0,0,1,0,0,0.785,3,4,1,0,0,0,0,0,0,1,0,0,0,0,1,0,0,0,0,0,0,0,0,Burglary,None,2024-05-14,Uttar Pradesh,1
1,32,0,0,0,1,1,0,0.541,19,2,0,0,0,0,0,1,0,0,0,0,1,0,0,0,0,0,1,0,0,0,0,Cybercrime,None,2018-04-19,Madhya Pradesh,0
1,35,0,1,0,1,1,0,0.572,14,9,0,0,1,0,0,0,1,0,0,0,0,0,0,0,0,0,0,1,0,0,0,Arms Trafficking,None,2022-11-11,Bihar,1
0,25,0,0,0,1,0,0,0.343,22,5,1,0,0,0,0,0,0,1,0,0,0,0,1,0,0,0,0,0,0,0,0,Burglary,None,2023-04-08,West Bengal,0
0,29,1,0,1,1,0,0,0.528,13,13,0,0,0,1,0,0,0,0,0,0,0,1,0,0,0,0,0,1,0,0,0,Drug Trafficking,Kaala Bichhoo Gang,2024-05-09,Maharashtra,0
1,31,0,1,1,1,0,4,0.606,10,6,0,0,0,1,0,0,0,0,0,1,0,0,0,0,0,0,0,0,1,0,0,Kidnapping,None,2021-02-11,Karnataka,0
2,16,0,0,0,1,0,0,0.42,22,1,0,0,1,0,0,0,0,0,0,0,0,1,0,0,0,0,1,0,0,0,0,Car Theft,None,2020-02-27,Kerala,0
6,40,1,1,0,1,1,2,0.41,20,8,0,0,0,1,0,0,0,0,0,0,0,1,0,0,0,0,0,1,0,0,0,Arms Trafficking,Teen Talwar Gang,2023-07-31,Tamil Nadu,0
0,30,0,0,0,1,0,0,0.187,4,1,1,0,0,0,0,0,0,0,1,0,0,0,1,0,0,0,0,0,0,0,0,Car Theft,None,2023-06-06,Maharashtra,0
1,16,1,0,0,0,0,0,0.733,23,1,1,0,0,0,0,0,0,1,0,0,0,0,0,0,0,0,0,0,0,1,0,Vandalism,Kaali Billi Crew,2020-03-29,Haryana,0
2,18,0,1,0,0,0,2,0.562,22,0,0,0,1,0,0,0,1,0,0,0,0,0,0,1,0,0,0,0,0,0,0,Assault,None,2018-09-22,Tamil Nadu,1
2,28,0,1,0,0,0,5,0.425,14,5,0,1,0,0,0,0,1,0,0,0,0,0,0,0,1,0,0,0,0,0,0,Murder,None,2022-01-01,Maharashtra,1
1,35,0,0,0,0,1,1,0.377,2,2,0,0,0,0,1,0,0,0,0,1,0,0,0,0,0,0,0,0,0,1,0,Fraud,None,2023-01-03,Tamil Nadu,1
0,35,0,0,0,1,1,0,0.607,3,2,0,0,0,0,0,1,0,0,0,0,1,0,0,0,0,0,1,0,0,0,0,Cybercrime,None,2024-05-09,Karnataka,1
0,16,1,0,0,0,0,2,0.419,22,1,0,0,0,0,1,0,0,1,0,0,0,0,1,0,0,0,0,0,0,0,0,Burglary,Kaali Billi Crew,2020-11-06,Madhya Pradesh,0
1,34,0,0,0,1,0,3,0.127,17,2,0,0,1,0,0,0,1,0,0,0,0,0,0,0,0,0,0,0,1,0,0,Kidnapping,None,2023-05-10,Madhya Pradesh,0
1,35,0,0,0,1,1,4,0.24,15,4,0,0,1,0,0,0,0,0,0,1,0,0,0,0,0,0,0,0,0,0,1,Extortion,None,2023-10-13,Uttar Pradesh,1
6,46,1,1,0,0,0,9,0.636,1,8,1,0,0,0,0,0,1,0,0,0,0,0,0,0,0,0,0,0,0,1,0,Murder,Teen Talwar Gang,2022-08-07,Gujarat,1
0,31,0,1,0,0,0,3,0.739,2,7,0,0,1,0,0,0,1,0,0,0,0,0,1,0,0,0,0,0,0,0,0,Kidnapping,None,2023-09-22,Maharashtra,0
2,29,0,0,0,1,0,0,0.084,0,1,0,0,0,0,1,0,0,1,0,0,0,0,1,0,0,0,0,0,0,0,0,Burglary,None,2021-08-14,Delhi,1
3,34,0,0,0,1,0,1,0.38,10,0,0,0,0,0,0,1,0,0,0,1,0,0,0,0,0,1,0,0,0,0,0,Fraud,None,2021-12-04,Maharashtra,0
1,25,0,0,0,0,1,0,0.366,0,1,0,0,0,0,1,0,0,0,0,0,1,0,0,0,0,0,0,0,0,1,0,Cybercrime,None,2018-11-22,Gujarat,0
2,18,1,0,0,1,0,2,0.289,23,1,1,0,0,0,0,0,0,1,0,0,0,0,1,0,0,0,0,0,0,0,0,Burglary,Kaali Billi Crew,2023-08-11,Madhya Pradesh,0
5,30,1,0,0,0,1,2,0.382,4,2,0,0,1,0,0,0,0,0,1,0,0,0,1,0,0,0,0,0,0,0,0,Car Theft,Kaala Bichhoo Gang,2023-03-20,Kerala,1
0,16,0,1,0,0,0,3,0.529,20,3,0,0,1,0,0,0,1,0,0,0,0,0,0,0,0,0,0,0,0,0,1,Assault,None,2019-04-03,Madhya Pradesh,1
2,16,0,0,0,0,0,3,0.251,21,3,0,1,0,0,0,0,0,1,0,0,0,0,0,0,0,0,0,0,0,1,0,Vandalism,None,2023-07-03,Madhya Pradesh,0
2,35,0,0,0,1,0,0,0.335,11,1,1,0,0,0,0,0,0,0,0,1,0,0,0,0,0,1,0,0,0,0,0,Fraud,None,2023-08-07,Kerala,0
2,23,0,0,0,0,0,2,0.328,1,0,0,0,1,0,0,0,1,0,0,0,0,0,0,0,1,0,0,0,0,0,0,Assault,None,2018-02-27,Telangana,1
1,17,0,1,0,1,0,4,0.628,10,2,0,0,0,0,1,0,0,0,0,1,0,0,0,1,0,0,0,0,0,0,0,Robbery,None,2020-11-11,Uttar Pradesh,1
3,16,1,1,0,0,0,3,0.494,0,3,0,1,0,0,0,0,0,1,0,0,0,0,0,0,0,0,0,0,0,1,0,Arson,Kaali Billi Crew,2018-10-29,Madhya Pradesh,0
3,37,0,0,0,1,0,1,0.629,18,2,0,0,0,0,0,1,0,0,0,1,0,0,0,0,0,1,0,0,0,0,0,Fraud,None,2020-10-26,Uttar Pradesh,0
2,33,1,0,0,1,1,0,0.596,1,6,1,0,0,0,0,0,0,0,0,0,1,0,0,0,0,0,0,0,0,1,0,Fraud,Neela Saanp Syndicate,2025-08-30,Karnataka,1
5,42,1,0,0,1,1,2,0.502,13,16,0,0,0,1,0,0,0,1,0,0,0,0,0,0,0,0,0,0,1,0,0,Human Trafficking,Patang Syndicate,2024-01-19,Telangana,1
2,24,0,0,1,1,0,0,0.393,22,5,0,0,0,1,0,0,0,0,1,0,0,0,0,0,0,0,0,1,0,0,0,Drug Trafficking,None,2025-05-23,Uttar Pradesh,0
2,18,0,1,0,1,0,2,0.524,21,2,0,0,1,0,0,0,0,0,0,1,0,0,0,1,0,0,0,0,0,0,0,Robbery,None,2022-11-16,West Bengal,1
2,27,1,1,0,1,0,3,0.476,18,6,0,1,0,0,0,0,0,0,0,1,0,0,0,0,0,0,0,0,0,0,1,Extortion,Kaali Billi Crew,2021-05-09,Haryana,1
0,23,0,0,0,1,0,0,0.449,2,4,0,0,1,0,0,0,0,0,1,0,0,0,1,0,0,0,0,0,0,0,0,Car Theft,None,2024-05-24,Uttar Pradesh,1
1,16,1,0,1,1,0,0,0.554,21,1,1,0,0,0,0,0,0,1,0,0,0,0,1,0,0,0,0,0,0,0,0,Burglary,Lal Toofan Crew,2023-04-20,Rajasthan,0
2,28,0,0,0,1,0,2,0.534,23,5,1,0,0,0,0,0,1,0,0,0,0,0,0,0,0,1,0,0,0,0,0,Human Trafficking,None,2025-08-24,Rajasthan,1
3,46,0,0,0,1,1,1,0.127,10,2,0,0,0,0,0,1,0,0,0,1,0,0,0,0,0,1,0,0,0,0,0,Fraud,None,2019-01-11,Haryana,0
1,44,0,1,1,1,0,2,0.508,21,1,0,0,0,1,0,0,0,0,0,1,0,0,0,0,1,0,0,0,0,0,0,Robbery,None,2025-07-14,Uttar Pradesh,1
3,40,1,1,0,1,0,3,0.355,16,9,0,0,0,0,1,0,1,0,0,0,0,0,0,0,1,0,0,0,0,0,0,Murder,Teen Talwar Gang,2022-01-09,Tamil Nadu,0
0,19,0,0,0,0,0,2,0.608,2,8,0,0,1,0,0,0,1,0,0,0,0,0,0,0,0,0,0,0,1,0,0,Kidnapping,None,2019-12-27,Gujarat,1
3,39,1,0,0,1,1,1,0.426,9,11,0,1,0,0,0,0,0,0,0,0,1,0,0,0,0,0,0,0,0,1,0,Fraud,Neela Saanp Syndicate,2022-06-26,West Bengal,0
1,20,0,0,0,1,1,1,0.326,12,2,0,0,0,0,0,1,0,0,0,1,0,0,0,0,0,0,1,0,0,0,0,Cybercrime,None,2022-11-08,Karnataka,0
3,45,1,1,0,1,1,3,0.595,13,11,0,1,0,0,0,0,0,0,0,1,0,0,0,0,0,0,0,0,0,0,1,Extortion,Patang Syndicate,2023-03-20,Punjab,1
0,25,0,1,0,0,0,1,0.75,3,3,0,0,0,0,0,1,0,0,0,1,0,0,0,1,0,0,0,0,0,0,0,Extortion,None,2021-12-27,Maharashtra,0
3,20,0,0,0,1,0,1,0.369,9,1,0,0,1,0,0,0,0,0,1,0,0,0,0,0,0,0,1,0,0,0,0,Car Theft,None,2024-08-15,Karnataka,1
2,43,1,0,0,1,1,2,0.658,2,8,0,0,0,1,0,0,1,0,0,0,0,0,0,0,0,1,0,0,0,0,0,Human Trafficking,Patang Syndicate,2025-06-14,Punjab,1
0,21,0,0,0,1,0,1,0.602,23,1,1,0,0,0,0,0,0,1,0,0,0,0,1,0,0,0,0,0,0,0,0,Burglary,None,2024-10-25,Delhi,0
1,37,0,0,0,1,0,0,0.393,10,3,1,0,0,0,0,0,0,0,0,1,0,0,0,0,0,1,0,0,0,0,0,Fraud,None,2022-07-07,Bihar,0
3,45,0,1,0,1,1,3,0.605,10,1,1,0,0,0,0,0,1,0,0,0,0,0,0,1,0,0,0,0,0,0,0,Extortion,None,2019-02-13,Telangana,1
1,17,0,0,0,0,1,0,0.34,18,1,0,0,0,0,0,1,0,0,0,0,1,0,0,0,0,0,1,0,0,0,0,Cybercrime,None,2019-02-26,Uttar Pradesh,0
0,45,0,0,0,1,1,0,0.177,12,1,0,0,0,0,1,0,0,0,0,1,0,0,0,0,0,1,0,0,0,0,0,Fraud,None,2024-01-09,Karnataka,0
1,36,0,1,0,1,0,2,0.343,15,6,0,0,1,0,0,0,1,0,0,0,0,0,0,0,0,0,0,0,1,0,0,Kidnapping,None,2025-12-06,Telangana,1
0,27,0,0,1,1,0,0,0.311,16,7,1,0,0,0,0,0,0,0,0,0,0,1,0,0,0,1,0,0,0,0,0,Drug Trafficking,None,2018-11-26,Madhya Pradesh,1
1,25,0,0,0,1,1,0,0.429,4,3,0,1,0,0,0,0,0,0,0,0,1,0,0,0,0,0,0,0,0,1,0,Cybercrime,None,2025-11-22,Telangana,1
1,39,0,0,0,1,0,2,0.301,14,2,0,1,0,0,0,0,0,0,0,1,0,0,0,0,0,1,0,0,0,0,0,Fraud,None,2022-05-04,Maharashtra,0
2,36,0,0,0,1,1,3,0.43,21,3,0,0,0,1,0,0,1,0,0,0,0,0,0,0,0,0,0,0,1,0,0,Kidnapping,None,2019-06-10,Tamil Nadu,1
5,24,0,1,0,0,0,5,0.569,10,3,1,0,0,0,0,0,1,0,0,0,0,0,0,1,0,0,0,0,0,0,0,Kidnapping,None,2025-07-19,Telangana,1
0,38,0,0,0,0,0,2,0.47,23,1,0,0,0,1,0,0,1,0,0,0,0,0,0,0,1,0,0,0,0,0,0,Assault,None,2022-09-09,Punjab,0
1,16,0,1,0,0,0,2,0.382,4,3,1,0,0,0,0,0,1,0,0,0,0,0,0,0,1,0,0,0,0,0,0,Assault,None,2024-12-23,West Bengal,1
2,17,0,0,0,1,1,0,0.328,10,0,0,0,0,0,0,1,0,0,0,0,1,0,0,0,0,1,0,0,0,0,0,Cybercrime,None,2023-03-30,Gujarat,0
1,30,0,0,1,0,0,0,0.528,21,0,0,0,1,0,0,0,1,0,0,0,0,0,0,0,1,0,0,0,0,0,0,Assault,None,2024-10-15,Karnataka,0
3,32,0,0,0,1,0,0,0.356,9,2,0,1,0,0,0,0,0,0,0,1,0,0,0,0,0,0,0,0,0,0,1,Extortion,None,2019-08-09,Tamil Nadu,0
2,30,0,0,0,0,0,2,0.528,1,2,0,0,0,1,0,0,1,0,0,0,0,0,0,0,1,0,0,0,0,0,0,Assault,None,2020-09-26,Uttar Pradesh,0
1,30,0,0,0,1,0,0,0.114,3,2,1,0,0,0,0,0,0,1,0,0,0,0,1,0,0,0,0,0,0,0,0,Burglary,None,2020-02-27,Gujarat,1
2,16,1,0,0,1,0,2,0.4,4,1,1,0,0,0,0,0,0,0,1,0,0,0,0,0,1,0,0,0,0,0,0,Car Theft,Kaali Billi Crew,2022-07-20,Haryana,0
3,38,1,1,1,1,0,2,0.512,14,9,0,0,0,0,1,0,0,0,1,0,0,0,0,0,0,0,0,1,0,0,0,Arms Trafficking,Teen Talwar Gang,2020-12-13,Tamil Nadu,1
2,25,0,1,0,1,0,3,0.929,10,2,1,0,0,0,0,0,1,0,0,0,0,0,0,0,1,0,0,0,0,0,0,Assault,None,2019-10-19,Bihar,0
0,19,1,0,0,1,0,0,0.521,16,2,0,1,0,0,0,0,0,1,0,0,0,0,1,0,0,0,0,0,0,0,0,Burglary,Kaali Billi Crew,2018-03-20,Madhya Pradesh,0
0,33,0,0,1,1,0,0,0.219,0,12,0,0,0,1,0,0,0,0,0,0,0,1,0,0,0,0,0,1,0,0,0,Drug Trafficking,None,2023-06-12,West Bengal,1
3,36,0,0,1,0,0,2,0.654,1,2,1,0,0,0,0,0,1,0,0,0,0,0,0,0,1,0,0,0,0,0,0,Assault,None,2023-07-20,Bihar,0
3,33,0,1,0,1,0,3,0.23,3,8,0,0,0,1,0,0,0,0,0,0,0,1,0,0,0,1,0,0,0,0,0,Arms Trafficking,None,2025-01-29,West Bengal,1
0,24,0,0,1,1,0,1,0.388,13,2,0,0,0,1,0,0,0,0,0,0,0,1,0,0,0,0,1,0,0,0,0,Drug Trafficking,None,2019-05-23,Kerala,0
0,21,0,0,0,0,0,0,0.336,0,3,1,0,0,0,0,0,0,0,1,0,0,0,0,0,0,1,0,0,0,0,0,Car Theft,None,2023-04-22,Rajasthan,0
0,27,0,1,0,0,0,1,0.073,20,2,1,0,0,0,0,0,0,1,0,0,0,0,0,0,0,0,0,0,0,1,0,Arson,None,2023-01-13,Bihar,0
2,36,0,1,0,0,0,1,0.44,14,0,0,1,0,0,0,0,1,0,0,0,0,0,0,0,1,0,0,0,0,0,0,Assault,None,2023-09-08,Maharashtra,0
0,16,0,1,0,1,1,3,0.761,9,3,0,0,0,0,0,1,0,0,0,1,0,0,0,0,0,0,0,0,0,0,1,Extortion,None,2024-10-22,Madhya Pradesh,1
0,36,0,0,0,1,1,0,0.087,2,2,0,0,0,0,0,1,0,0,0,0,1,0,0,0,0,1,0,0,0,0,0,Cybercrime,None,2022-06-04,Bihar,0
1,30,0,0,0,1,0,0,0.19,9,9,0,0,1,0,0,0,0,0,1,0,0,0,0,0,0,0,0,0,1,0,0,Human Trafficking,None,2023-03-19,Maharashtra,0
3,54,0,0,0,1,1,2,0.577,13,3,0,1,0,0,0,0,0,0,0,1,0,0,0,0,0,1,0,0,0,0,0,Money Laundering,None,2023-07-01,Gujarat,0
5,27,0,1,0,0,0,4,0.521,15,1,0,0,1,0,0,0,1,0,0,0,0,0,0,0,1,0,0,0,0,0,0,Assault,None,2023-02-02,Telangana,1
0,48,0,0,0,1,1,0,0.574,1,1,0,1,0,0,0,0,0,0,0,1,0,0,0,0,0,1,0,0,0,0,0,Money Laundering,None,2024-04-30,Uttar Pradesh,0
0,29,0,0,0,1,1,0,0.731,17,1,0,0,0,0,0,1,0,0,0,1,0,0,0,0,0,0,1,0,0,0,0,Cybercrime,None,2022-01-08,Uttar Pradesh,0
2,29,0,1,1,0,0,4,0.293,8,3,0,0,1,0,0,0,0,0,0,0,0,1,0,0,0,0,0,1,0,0,0,Arms Trafficking,None,2018-11-15,Madhya Pradesh,0
2,17,0,1,0,1,0,2,0.275,0,1,0,0,1,0,0,0,0,0,0,1,0,0,0,1,0,0,0,0,0,0,0,Robbery,None,2019-05-28,Bihar,1
1,40,1,0,0,1,0,2,0.239,23,4,0,1,0,0,0,0,0,1,0,0,0,0,0,0,0,0,0,0,0,1,0,Arson,Kaali Billi Crew,2023-01-17,Haryana,1
2,32,0,0,1,1,1,2,0.405,15,4,0,0,1,0,0,0,0,0,0,0,0,1,0,0,0,1,0,0,0,0,0,Drug Trafficking,None,2020-10-22,Uttar Pradesh,0
2,44,0,0,0,1,0,0,0.176,3,4,1,0,0,0,0,0,0,0,0,1,0,0,0,0,0,0,1,0,0,0,0,Fraud,None,2021-02-26,Uttar Pradesh,0
3,34,0,1,0,0,0,2,0.55,21,3,0,0,1,0,0,0,1,0,0,0,0,0,0,0,0,0,0,0,1,0,0,Kidnapping,None,2018-04-25,Karnataka,1
1,41,0,1,0,0,0,3,0.724,2,1,1,0,0,0,0,0,1,0,0,0,0,0,0,0,1,0,0,0,0,0,0,Murder,None,2023-03-19,Madhya Pradesh,0
2,36,0,0,0,1,0,0,0.216,11,2,1,0,0,0,0,0,0,0,0,1,0,0,0,0,0,0,1,0,0,0,0,Fraud,None,2024-09-17,Uttar Pradesh,0
0,37,0,1,1,0,0,2,0.525,8,2,1,0,0,0,0,0,1,0,0,0,0,0,0,0,1,0,0,0,0,0,0,Assault,None,2022-08-07,Madhya Pradesh,0
4,16,1,0,1,1,0,2,0.65,22,0,0,0,0,0,0,1,0,1,0,0,0,0,0,0,0,0,0,0,0,1,0,Vandalism,Kaali Billi Crew,2018-05-19,Haryana,1
2,29,0,1,0,1,1,3,0.64,11,2,0,0,0,1,0,0,0,0,0,0,0,1,0,0,0,0,0,1,0,0,0,Arms Trafficking,None,2023-09-30,Madhya Pradesh,0
0,33,0,0,0,1,1,2,0.318,8,2,0,0,0,0,0,1,0,0,0,1,0,0,0,0,0,0,1,0,0,0,0,Cybercrime,None,2018-10-02,Maharashtra,1
3,28,1,1,0,0,0,4,0.547,15,4,0,1,0,0,0,0,1,0,0,0,0,0,0,0,1,0,0,0,0,0,0,Murder,Teen Talwar Gang,2018-01-16,Gujarat,1
0,31,0,0,0,0,0,2,0.331,4,1,1,0,0,0,0,0,1,0,0,0,0,0,0,0,1,0,0,0,0,0,0,Assault,None,2020-10-09,Karnataka,0
2,28,1,1,0,1,1,2,0.664,14,17,0,0,0,0,0,1,0,0,0,1,0,0,0,0,0,0,0,0,0,0,1,Extortion,Patang Syndicate,2018-07-23,Telangana,1
6,18,1,0,0,0,0,2,0.424,23,3,1,0,0,0,0,0,0,0,1,0,0,0,0,0,0,1,0,0,0,0,0,Car Theft,Kaali Billi Crew,2021-08-03,Haryana,1
2,37,0,0,0,1,0,0,0.47,2,2,0,0,0,0,1,0,0,0,0,1,0,0,0,0,0,1,0,0,0,0,0,Fraud,None,2019-11-17,Karnataka,0
4,51,1,0,1,1,0,1,0.503,16,7,0,1,0,0,0,0,0,0,0,1,0,0,0,0,0,1,0,0,0,0,0,Money Laundering,Kaala Bichhoo Gang,2021-06-30,Maharashtra,0
4,42,1,0,0,0,0,5,0.52,22,9,0,0,1,0,0,0,1,0,0,0,0,0,0,0,0,0,0,0,1,0,0,Kidnapping,Patang Syndicate,2025-03-18,Telangana,1
2,43,1,1,0,1,1,2,0.574,8,14,1,0,0,0,0,0,1,0,0,0,0,0,0,0,0,1,0,0,0,0,0,Human Trafficking,Patang Syndicate,2019-01-05,Punjab,1
0,30,0,0,0,0,0,1,0.703,14,1,0,0,0,0,1,0,0,1,0,0,0,0,0,0,0,0,0,0,0,1,0,Arson,None,2020-01-31,Bihar,0
1,39,0,1,0,1,0,3,0.417,20,0,1,0,0,0,0,0,0,0,0,0,0,1,0,1,0,0,0,0,0,0,0,Arms Trafficking,None,2018-11-16,Haryana,0
0,31,0,1,0,1,0,1,0.571,1,4,0,0,1,0,0,0,0,0,0,1,0,0,0,1,0,0,0,0,0,0,0,Robbery,None,2023-03-16,Madhya Pradesh,0
3,38,1,1,0,1,1,3,0.4,12,8,0,0,0,1,0,0,0,0,0,0,0,1,0,0,0,0,0,1,0,0,0,Arms Trafficking,Teen Talwar Gang,2018-03-13,Gujarat,1
5,42,1,1,0,0,0,4,0.649,20,6,0,1,0,0,0,0,1,0,0,0,0,0,0,0,1,0,0,0,0,0,0,Murder,Teen Talwar Gang,2018-10-17,Gujarat,1
1,41,0,1,0,1,0,1,0.241,11,5,0,0,0,1,0,0,0,0,0,0,0,1,0,0,0,0,0,1,0,0,0,Arms Trafficking,None,2018-11-07,Rajasthan,0
1,32,0,0,0,1,0,0,0.411,16,0,0,1,0,0,0,0,0,0,0,1,0,0,0,0,0,0,1,0,0,0,0,Fraud,None,2018-01-14,Haryana,0
1,36,1,1,0,1,1,4,0.713,10,11,1,0,0,0,0,0,1,0,0,0,0,0,0,0,0,0,0,0,1,0,0,Human Trafficking,Patang Syndicate,2020-05-20,Telangana,0
0,43,0,0,0,1,1,0,0.548,22,5,0,0,0,0,0,1,0,1,0,0,0,0,0,0,0,1,0,0,0,0,0,Fraud,None,2024-04-06,Rajasthan,0
2,25,1,0,0,0,0,3,0.672,8,8,0,0,1,0,0,0,1,0,0,0,0,0,0,0,0,0,0,0,1,0,0,Kidnapping,Patang Syndicate,2024-07-30,Telangana,1
0,28,0,1,0,0,1,1,0.531,2,6,0,0,1,0,0,0,1,0,0,0,0,0,0,0,0,0,0,0,1,0,0,Kidnapping,None,2025-11-15,Kerala,1
1,30,0,0,0,0,0,1,0.517,12,1,0,1,0,0,0,0,1,0,0,0,0,0,0,1,0,0,0,0,0,0,0,Murder,None,2024-06-20,Kerala,1
2,28,0,1,0,1,0,1,0.137,0,6,0,0,0,1,0,0,1,0,0,0,0,0,0,0,0,0,0,0,1,0,0,Kidnapping,None,2025-10-02,Tamil Nadu,1
1,44,1,0,0,1,1,1,0.528,17,7,0,1,0,0,0,0,0,0,0,1,0,0,0,0,0,0,1,0,0,0,0,Money Laundering,Kaala Bichhoo Gang,2021-11-29,Maharashtra,0
0,26,0,0,1,1,0,4,0.462,10,6,0,0,1,0,0,0,1,0,0,0,0,0,0,0,0,0,0,0,1,0,0,Kidnapping,None,2025-09-14,Uttar Pradesh,1
2,31,0,0,0,0,0,4,0.63,4,1,0,0,1,0,0,0,1,0,0,0,0,0,0,0,1,0,0,0,0,0,0,Assault,None,2025-08-05,Maharashtra,1
2,21,0,0,0,0,0,1,0.097,4,2,0,0,1,0,0,0,0,1,0,0,0,0,0,0,0,0,0,0,0,1,0,Vandalism,None,2023-12-31,Tamil Nadu,0
1,32,0,1,0,1,0,0,0.373,21,4,0,0,1,0,0,0,0,0,0,1,0,0,0,0,1,0,0,0,0,0,0,Robbery,None,2019-02-13,Madhya Pradesh,0
3,40,0,0,1,0,0,2,0.54,4,5,0,0,1,0,0,0,1,0,0,0,0,0,0,1,0,0,0,0,0,0,0,Assault,None,2025-01-13,Maharashtra,0
2,27,0,1,1,0,0,3,0.345,18,4,0,0,1,0,0,0,0,0,0,0,0,1,0,0,0,0,0,1,0,0,0,Arms Trafficking,None,2023-06-16,Tamil Nadu,1
1,32,0,0,1,0,0,1,0.178,0,1,0,0,1,0,0,0,0,0,1,0,0,0,0,0,0,0,0,0,0,1,0,Vandalism,None,2023-11-20,Gujarat,0
2,28,0,0,0,1,0,0,0.285,4,5,1,0,0,0,0,0,0,0,0,0,0,1,1,0,0,0,0,0,0,0,0,Burglary,None,2022-08-03,Maharashtra,0
0,30,0,1,0,1,0,0,0.424,3,1,0,1,0,0,0,0,0,0,1,0,0,0,0,0,0,0,0,0,0,0,1,Car Theft,None,2019-10-25,Uttar Pradesh,0
1,43,0,1,0,1,0,1,0.452,22,4,0,1,0,0,0,0,0,0,0,1,0,0,0,0,0,0,1,0,0,0,0,Extortion,None,2025-01-23,Bihar,0
1,33,0,0,0,1,0,2,0.691,1,2,0,0,1,0,0,0,0,0,0,1,0,0,0,1,0,0,0,0,0,0,0,Robbery,None,2023-09-16,Maharashtra,0
0,17,0,0,0,1,0,0,0.27,15,1,1,0,0,0,0,0,0,0,1,0,0,0,0,0,0,0,1,0,0,0,0,Car Theft,None,2020-12-17,Gujarat,0
6,34,1,0,0,1,0,5,0.831,9,11,0,0,1,0,0,0,0,0,0,1,0,0,0,0,0,0,1,0,0,0,0,Extortion,Patang Syndicate,2021-05-25,Punjab,1
2,31,0,1,1,1,1,3,0.289,23,6,0,0,0,1,0,0,0,0,0,0,0,1,0,0,0,0,1,0,0,0,0,Arms Trafficking,None,2019-07-22,West Bengal,0
4,24,0,0,0,1,0,0,0.156,23,2,0,0,1,0,0,0,0,0,1,0,0,0,0,0,0,1,0,0,0,0,0,Car Theft,None,2024-01-08,Karnataka,0
2,31,0,1,0,0,0,5,0.568,10,3,1,0,0,0,0,0,1,0,0,0,0,0,0,0,0,0,0,0,0,0,1,Assault,None,2024-08-06,West Bengal,0
0,43,0,0,0,1,0,0,0.435,22,6,0,0,0,0,0,1,0,0,0,1,0,0,0,0,0,1,0,0,0,0,0,Fraud,None,2019-10-07,Rajasthan,0
4,16,0,0,0,0,0,2,0.342,2,2,0,0,1,0,0,0,0,1,0,0,0,0,0,0,0,0,0,0,0,1,0,Arson,None,2019-08-29,Telangana,0
8,34,0,1,0,1,0,6,0.502,22,4,0,0,1,0,0,0,0,0,0,0,0,1,0,0,0,0,0,1,0,0,0,Arms Trafficking,None,2022-04-13,Uttar Pradesh,1
2,16,1,0,0,1,0,1,0.402,23,2,0,1,0,0,0,0,0,0,1,0,0,0,0,0,0,1,0,0,0,0,0,Car Theft,Kaali Billi Crew,2020-12-16,Madhya Pradesh,1
5,46,0,1,0,0,0,5,0.546,1,0,1,0,0,0,0,0,1,0,0,0,0,0,0,0,1,0,0,0,0,0,0,Assault,None,2018-12-09,Maharashtra,1
1,16,1,1,0,0,1,3,0.728,14,7,0,0,0,1,0,0,1,0,0,0,0,0,0,0,0,1,0,0,0,0,0,Kidnapping,Patang Syndicate,2024-01-28,Punjab,1
2,39,1,0,0,1,1,0,0.674,18,14,0,0,0,0,1,0,0,0,0,0,0,1,0,0,0,1,0,0,0,0,0,Money Laundering,Neela Saanp Syndicate,2025-05-25,West Bengal,1
4,36,0,1,0,1,0,1,0.562,21,5,0,0,0,1,0,0,0,0,0,1,0,0,0,0,0,0,0,0,1,0,0,Kidnapping,None,2018-05-30,Telangana,1
0,26,1,0,0,0,0,0,0.528,0,2,0,1,0,0,0,0,0,1,0,0,0,0,1,0,0,0,0,0,0,0,0,Burglary,Lal Toofan Crew,2023-12-16,Delhi,0
1,39,0,0,0,1,1,0,0.433,10,3,1,0,0,0,0,0,0,0,0,1,0,0,0,0,0,1,0,0,0,0,0,Fraud,None,2021-02-26,Tamil Nadu,0
1,45,0,0,0,1,0,1,0.465,9,2,0,0,0,0,1,0,0,0,0,0,1,0,0,0,0,1,0,0,0,0,0,Fraud,None,2024-09-20,West Bengal,0
0,24,0,1,0,1,0,1,0.338,16,3,0,0,0,0,1,0,0,1,0,0,0,0,1,0,0,0,0,0,0,0,0,Burglary,None,2023-08-19,Karnataka,0
2,32,0,0,1,1,0,1,0.232,22,8,0,0,1,0,0,0,0,0,0,0,0,1,0,0,0,1,0,0,0,0,0,Drug Trafficking,None,2019-01-10,Bihar,1
1,26,0,0,0,0,0,1,0.337,2,2,1,0,0,0,0,0,0,0,1,0,0,0,1,0,0,0,0,0,0,0,0,Car Theft,None,2018-05-06,West Bengal,1
2,33,0,0,0,1,1,0,0.241,15,3,0,0,0,0,0,1,0,0,0,1,0,0,0,0,0,0,1,0,0,0,0,Fraud,None,2020-12-18,Gujarat,0
2,34,0,1,1,1,1,0,0.575,20,3,0,0,1,0,0,0,1,0,0,0,0,0,0,0,0,0,0,0,1,0,0,Human Trafficking,None,2021-01-03,Telangana,1
4,43,0,0,0,1,0,1,0.195,20,2,0,1,0,0,0,0,0,0,0,1,0,0,0,0,0,1,0,0,0,0,0,Fraud,None,2021-12-13,Maharashtra,0
9,47,1,1,0,0,1,6,0.705,20,13,1,0,0,0,0,0,0,0,0,1,0,0,0,0,0,0,0,0,0,0,1,Extortion,Teen Talwar Gang,2020-06-07,Gujarat,1
0,28,0,0,0,1,0,1,0.156,22,1,1,0,0,0,0,0,0,0,1,0,0,0,1,0,0,0,0,0,0,0,0,Car Theft,None,2024-02-10,West Bengal,0
2,20,0,0,0,0,0,5,0.784,4,4,0,0,0,1,0,0,0,0,1,0,0,0,0,0,1,0,0,0,0,0,0,Murder,None,2023-03-13,Gujarat,0
1,29,0,0,0,1,1,0,0.163,16,0,0,0,0,0,0,1,0,0,0,1,0,0,0,0,0,0,1,0,0,0,0,Cybercrime,None,2022-06-24,Maharashtra,0
2,24,0,0,0,0,0,0,0.546,12,1,0,0,1,0,0,0,0,1,0,0,0,0,0,0,1,0,0,0,0,0,0,Assault,None,2019-09-19,Bihar,1
1,28,0,0,1,1,1,2,0.396,11,6,0,0,1,0,0,0,0,0,0,0,0,1,0,0,0,0,0,0,0,1,0,Drug Trafficking,None,2021-07-13,Delhi,0
1,18,1,0,1,0,0,1,0.505,21,0,0,0,1,0,0,0,0,1,0,0,0,0,0,0,0,0,0,0,0,1,0,Vandalism,Kaali Billi Crew,2025-06-16,Haryana,0
1,22,0,0,0,1,0,0,0.232,12,1,0,0,1,0,0,0,0,0,1,0,0,0,1,0,0,0,0,0,0,0,0,Car Theft,None,2023-08-26,Telangana,0
3,35,0,1,0,1,0,0,0.334,22,4,0,1,0,0,0,0,0,0,0,0,0,1,0,0,0,0,0,1,0,0,0,Arms Trafficking,None,2019-05-06,West Bengal,0
1,42,1,1,0,1,0,2,0.816,23,6,0,0,0,0,0,1,0,0,0,1,0,0,0,0,0,0,0,0,0,0,1,Extortion,Teen Talwar Gang,2021-07-05,Gujarat,1
1,23,0,0,0,0,0,1,0.098,18,0,0,1,0,0,0,0,1,0,0,0,0,0,0,0,0,0,0,0,0,1,0,Arson,None,2020-09-14,Bihar,1
3,36,0,0,0,0,0,5,0.299,22,1,1,0,0,0,0,0,1,0,0,0,0,0,0,0,1,0,0,0,0,0,0,Assault,None,2019-11-19,Delhi,0
1,38,0,0,0,0,0,1,0.265,1,4,0,0,1,0,0,0,0,0,1,0,0,0,1,0,0,0,0,0,0,0,0,Car Theft,None,2025-04-18,Maharashtra,1
3,36,0,0,0,1,0,0,0.324,3,2,1,0,0,0,0,0,0,1,0,0,0,0,0,0,0,1,0,0,0,0,0,Burglary,None,2018-04-17,Delhi,0
0,28,0,1,0,1,1,0,0.635,17,1,0,1,0,0,0,0,0,0,0,0,1,0,1,0,0,0,0,0,0,0,0,Fraud,None,2024-11-07,Delhi,1
0,27,0,0,0,1,0,1,0.253,16,0,1,0,0,0,0,0,0,1,0,0,0,0,1,0,0,0,0,0,0,0,0,Burglary,None,2022-08-10,Uttar Pradesh,0
1,20,0,0,0,1,1,0,0.263,20,1,0,0,0,0,0,1,0,0,0,0,1,0,0,0,0,0,1,0,0,0,0,Cybercrime,None,2022-12-24,Gujarat,0
3,40,0,0,0,1,0,1,0.384,13,1,1,0,0,0,0,0,0,0,0,1,0,0,0,0,0,1,0,0,0,0,0,Fraud,None,2022-11-29,Uttar Pradesh,0
2,32,1,1,1,1,0,4,0.621,11,9,0,0,0,1,0,0,0,0,0,0,0,1,0,0,0,0,0,1,0,0,0,Arms Trafficking,Kaala Bichhoo Gang,2024-04-03,Maharashtra,1
2,31,0,0,0,0,0,4,0.486,22,2,0,0,1,0,0,0,1,0,0,0,0,0,0,0,1,0,0,0,0,0,0,Assault,None,2022-04-28,West Bengal,0
3,21,1,0,0,1,0,1,0.664,20,6,1,0,0,0,0,0,0,1,0,0,0,0,1,0,0,0,0,0,0,0,0,Burglary,Kaali Billi Crew,2020-06-03,Madhya Pradesh,1
4,29,0,1,0,1,0,4,0.26,20,4,0,0,1,0,0,0,0,0,0,0,0,1,0,0,0,0,0,1,0,0,0,Arms Trafficking,None,2021-04-10,Bihar,1
1,18,1,0,0,1,1,2,0.447,8,10,0,1,0,0,0,0,0,0,0,0,1,0,0,0,0,1,0,0,0,0,0,Cybercrime,Neela Saanp Syndicate,2021-05-28,West Bengal,1
0,28,0,1,1,1,1,2,0.46,11,4,0,0,1,0,0,0,0,0,0,0,0,1,0,0,0,0,0,1,0,0,0,Drug Trafficking,None,2025-09-19,Karnataka,0
3,23,0,1,0,0,0,5,0.325,18,1,1,0,0,0,0,0,1,0,0,0,0,0,0,0,1,0,0,0,0,0,0,Murder,None,2020-05-02,Uttar Pradesh,1
6,16,1,0,0,0,0,3,0.582,21,3,0,0,1,0,0,0,0,1,0,0,0,0,0,0,0,0,0,0,0,1,0,Arson,Kaali Billi Crew,2023-11-30,Haryana,1
2,22,1,0,0,1,0,2,0.344,21,5,1,0,0,0,0,0,0,1,0,0,0,0,1,0,0,0,0,0,0,0,0,Burglary,Lal Toofan Crew,2024-02-04,Delhi,0
1,39,0,1,0,1,1,1,0.728,18,8,0,1,0,0,0,0,0,0,0,0,0,1,0,0,0,0,0,1,0,0,0,Arms Trafficking,None,2021-09-02,Maharashtra,0
1,19,0,0,0,1,0,1,0.468,22,4,0,0,1,0,0,0,0,0,1,0,0,0,1,0,0,0,0,0,0,0,0,Car Theft,None,2021-11-05,Delhi,0
0,30,0,0,1,1,0,0,0.143,8,2,0,0,1,0,0,0,0,0,0,0,0,1,0,0,0,0,0,1,0,0,0,Drug Trafficking,None,2023-07-17,Bihar,1
2,23,1,0,1,0,0,1,0.543,20,4,0,0,1,0,0,0,0,1,0,0,0,0,0,0,0,0,0,0,0,1,0,Vandalism,Kaali Billi Crew,2025-01-26,Haryana,1
0,26,0,0,0,1,0,0,0.415,4,3,0,0,0,0,1,0,0,1,0,0,0,0,1,0,0,0,0,0,0,0,0,Burglary,None,2019-08-14,Uttar Pradesh,0
1,17,0,0,0,1,0,1,0.274,0,4,0,0,1,0,0,0,0,0,1,0,0,0,0,0,0,1,0,0,0,0,0,Car Theft,None,2019-02-25,West Bengal,1
2,45,1,0,0,1,0,2,0.487,19,9,0,1,0,0,0,0,0,1,0,0,0,0,0,0,0,0,0,0,0,1,0,Arson,Patang Syndicate,2018-03-25,Telangana,1
0,23,0,0,0,1,0,1,0.097,21,3,0,0,1,0,0,0,0,0,1,0,0,0,1,0,0,0,0,0,0,0,0,Car Theft,None,2018-12-31,Delhi,0
1,42,0,0,0,1,1,0,0.355,19,5,0,0,0,0,1,0,0,0,0,1,0,0,0,0,0,1,0,0,0,0,0,Money Laundering,None,2021-05-20,West Bengal,0
0,28,0,1,0,0,0,2,0.466,2,5,1,0,0,0,0,0,1,0,0,0,0,0,0,0,1,0,0,0,0,0,0,Robbery,None,2021-10-01,West Bengal,0
0,23,0,1,0,0,0,2,0.655,2,2,1,0,0,0,0,0,1,0,0,0,0,0,0,0,1,0,0,0,0,0,0,Assault,None,2024-01-04,Delhi,0
2,33,0,1,0,1,0,0,0.366,18,7,0,1,0,0,0,0,0,0,0,1,0,0,0,0,0,1,0,0,0,0,0,Fraud,None,2018-10-26,Bihar,1
1,32,1,0,1,1,0,0,0.494,20,7,0,0,1,0,0,0,0,0,0,0,0,1,0,0,0,0,0,1,0,0,0,Drug Trafficking,Kaala Bichhoo Gang,2025-01-15,Maharashtra,0
1,32,0,1,0,1,0,3,0.401,0,2,1,0,0,0,0,0,0,1,0,0,0,0,0,0,0,0,0,0,0,1,0,Arson,None,2020-09-06,Gujarat,0
3,39,0,0,1,1,0,4,0.251,21,1,0,1,0,0,0,0,0,0,0,0,0,1,0,0,0,0,0,1,0,0,0,Drug Trafficking,None,2018-07-23,Maharashtra,0
3,34,1,1,0,1,0,6,0.674,4,7,1,0,0,0,0,0,1,0,0,0,0,0,0,0,0,0,0,1,0,0,0,Murder,Teen Talwar Gang,2018-07-04,Gujarat,1
1,33,0,0,0,1,1,0,0.706,11,6,0,0,0,0,1,0,0,0,0,1,0,0,0,0,0,1,0,0,0,0,0,Money Laundering,None,2025-12-15,Karnataka,0
1,43,0,0,0,0,1,1,0.214,17,3,0,1,0,0,0,0,0,0,0,1,0,0,0,0,0,0,0,0,1,0,0,Money Laundering,None,2021-02-11,Rajasthan,0
1,24,0,0,1,0,0,0,0.131,0,4,0,0,0,1,0,0,0,0,0,0,0,1,0,1,0,0,0,0,0,0,0,Drug Trafficking,None,2018-10-27,Uttar Pradesh,0
5,37,0,0,0,1,1,1,0.557,11,10,0,0,0,0,1,0,0,0,0,1,0,0,0,0,0,1,0,0,0,0,0,Money Laundering,None,2022-12-12,Uttar Pradesh,1
2,16,1,1,0,1,0,4,0.491,15,4,0,0,1,0,0,0,0,0,0,0,0,1,0,1,0,0,0,0,0,0,0,Robbery,Lal Toofan Crew,2023-01-29,Rajasthan,1
1,16,1,0,0,0,0,0,0.642,15,2,0,0,1,0,0,0,0,1,0,0,0,0,0,0,0,0,0,0,0,1,0,Vandalism,Kaali Billi Crew,2019-10-27,Madhya Pradesh,0
3,35,0,1,0,0,0,7,0.448,11,2,0,1,0,0,0,0,1,0,0,0,0,0,0,0,1,0,0,0,0,0,0,Assault,None,2023-04-18,Bihar,0
5,41,0,0,0,0,0,2,0.683,22,1,1,0,0,0,0,0,0,1,0,0,0,0,0,0,1,0,0,0,0,0,0,Assault,None,2021-09-16,Uttar Pradesh,0
1,16,0,0,0,0,0,1,0.397,1,1,1,0,0,0,0,0,0,1,0,0,0,0,1,0,0,0,0,0,0,0,0,Vandalism,None,2019-04-03,Karnataka,1
1,16,0,0,0,0,1,2,0.373,19,2,0,1,0,0,0,0,0,0,1,0,0,0,1,0,0,0,0,0,0,0,0,Car Theft,None,2022-10-07,Rajasthan,0
1,24,0,0,0,1,0,1,0.433,12,2,1,0,0,0,0,0,0,1,0,0,0,0,1,0,0,0,0,0,0,0,0,Burglary,None,2020-10-29,Gujarat,0
1,16,0,0,1,0,0,2,0.369,22,1,0,0,1,0,0,0,0,1,0,0,0,0,1,0,0,0,0,0,0,0,0,Vandalism,None,2021-07-29,Bihar,0
0,25,0,0,0,1,0,0,0.251,11,4,0,1,0,0,0,0,0,0,0,1,0,0,0,0,0,1,0,0,0,0,0,Fraud,None,2021-01-10,Rajasthan,1
3,25,0,1,0,1,0,3,0.46,9,4,1,0,0,0,0,0,0,1,0,0,0,0,0,1,0,0,0,0,0,0,0,Robbery,None,2018-11-02,Gujarat,0
1,23,0,0,0,1,1,4,0.433,18,4,0,1,0,0,0,0,0,0,0,1,0,0,0,1,0,0,0,0,0,0,0,Extortion,None,2023-02-09,Kerala,0
2,33,0,1,0,0,0,4,0.462,9,1,0,1,0,0,0,0,1,0,0,0,0,0,0,0,1,0,0,0,0,0,0,Assault,None,2024-07-01,Uttar Pradesh,1
0,22,0,0,0,1,1,0,0.36,18,2,0,0,0,0,0,1,0,0,0,0,1,0,0,0,0,0,0,0,1,0,0,Cybercrime,None,2020-03-14,Rajasthan,0
2,44,0,1,0,1,0,2,0.285,3,5,1,0,0,0,0,0,0,0,0,0,0,1,0,0,0,0,0,0,0,0,1,Arms Trafficking,None,2022-01-11,Kerala,1
2,23,0,0,0,1,0,1,0.144,13,1,1,0,0,0,0,0,0,0,1,0,0,0,1,0,0,0,0,0,0,0,0,Car Theft,None,2025-01-23,Maharashtra,0
2,38,0,0,0,1,1,0,0.125,14,1,0,1,0,0,0,0,0,0,0,1,0,0,0,0,0,1,0,0,0,0,0,Fraud,None,2025-10-29,Maharashtra,0
2,36,0,1,1,0,0,1,0.62,4,1,0,0,0,1,0,0,0,0,0,0,0,1,0,0,0,0,0,1,0,0,0,Arms Trafficking,None,2023-03-24,Delhi,1
2,36,0,1,0,1,1,4,0.591,1,8,1,0,0,0,0,0,1,0,0,0,0,0,0,0,0,0,0,0,1,0,0,Kidnapping,None,2020-04-01,Gujarat,0
0,25,0,0,0,1,0,0,0.207,1,0,1,0,0,0,0,0,0,0,0,1,0,0,0,0,1,0,0,0,0,0,0,Burglary,None,2019-07-04,Gujarat,0
4,46,1,1,1,1,0,0,0.713,18,8,0,0,0,1,0,0,0,0,0,0,0,1,0,0,0,0,0,1,0,0,0,Drug Trafficking,Kaala Bichhoo Gang,2023-03-19,Kerala,1
1,32,1,1,0,1,0,3,0.677,14,4,0,1,0,0,0,0,0,0,0,1,0,0,0,0,0,0,0,0,0,0,1,Extortion,Teen Talwar Gang,2025-04-13,Gujarat,0
2,32,0,0,0,0,0,3,0.498,23,1,0,0,1,0,0,0,1,0,0,0,0,0,0,0,1,0,0,0,0,0,0,Assault,None,2018-10-19,Maharashtra,0
3,54,1,1,0,1,0,7,0.615,17,4,0,0,0,0,1,0,1,0,0,0,0,0,0,0,1,0,0,0,0,0,0,Murder,Teen Talwar Gang,2024-12-04,Tamil Nadu,1
0,17,1,0,0,0,0,2,0.729,1,4,0,0,1,0,0,0,0,1,0,0,0,0,1,0,0,0,0,0,0,0,0,Vandalism,Kaali Billi Crew,2024-01-28,Madhya Pradesh,0
1,43,1,0,1,1,0,3,0.429,17,12,0,0,0,1,0,0,0,0,0,1,0,0,0,0,0,0,0,1,0,0,0,Drug Trafficking,Kaala Bichhoo Gang,2018-09-05,Maharashtra,1
2,28,1,0,1,0,0,4,0.485,12,9,0,1,0,0,0,0,0,0,0,0,0,1,0,0,0,0,0,1,0,0,0,Drug Trafficking,Kaala Bichhoo Gang,2025-12-27,Kerala,1
1,22,0,0,0,1,0,0,0.432,22,1,1,0,0,0,0,0,0,0,0,1,0,0,1,0,0,0,0,0,0,0,0,Burglary,None,2021-03-04,Gujarat,1
3,42,0,0,0,1,0,0,0.457,15,3,0,0,0,0,0,1,0,0,0,1,0,0,0,0,0,1,0,0,0,0,0,Fraud,None,2019-08-30,Bihar,1
1,29,0,0,0,0,0,2,0.434,1,0,1,0,0,0,0,0,1,0,0,0,0,0,0,0,0,0,0,0,0,1,0,Assault,None,2025-08-19,Uttar Pradesh,1
1,19,1,0,0,0,0,2,0.714,20,1,0,0,1,0,0,0,0,0,1,0,0,0,0,0,0,0,0,0,0,1,0,Arson,Kaali Billi Crew,2020-02-07,Haryana,0
1,24,0,0,0,1,0,0,0.286,21,3,0,0,0,0,1,0,0,1,0,0,0,0,1,0,0,0,0,0,0,0,0,Burglary,None,2021-11-10,Punjab,0
1,37,0,0,1,1,0,1,0.357,13,2,1,0,0,0,0,0,0,0,1,0,0,0,0,0,1,0,0,0,0,0,0,Drug Trafficking,None,2024-05-19,Uttar Pradesh,0
2,31,0,1,1,1,0,1,0.183,15,4,0,0,1,0,0,0,0,0,0,0,0,1,0,0,0,0,0,0,0,0,1,Drug Trafficking,None,2019-11-10,Uttar Pradesh,0
1,24,0,0,0,0,0,6,0.273,13,3,1,0,0,0,0,0,1,0,0,0,0,0,0,0,1,0,0,0,0,0,0,Assault,None,2020-08-24,Uttar Pradesh,1
0,45,0,1,0,1,0,1,0.281,1,4,0,0,0,1,0,0,0,0,0,0,0,1,0,0,0,0,0,1,0,0,0,Arms Trafficking,None,2019-10-26,Gujarat,0
2,24,0,0,0,1,0,0,0.311,11,7,0,0,1,0,0,0,1,0,0,0,0,0,0,0,0,0,0,0,1,0,0,Kidnapping,None,2020-03-08,Maharashtra,0
1,30,0,1,1,1,0,2,0.626,0,5,0,0,1,0,0,0,0,0,0,0,0,1,0,0,0,0,0,1,0,0,0,Arms Trafficking,None,2025-07-10,Rajasthan,0
1,27,0,1,0,0,0,0,0.408,2,2,0,0,0,1,0,0,1,0,0,0,0,0,0,0,0,0,0,0,1,0,0,Kidnapping,None,2022-09-25,Uttar Pradesh,0
5,38,1,0,0,1,0,5,0.775,12,13,0,0,0,0,0,1,0,0,0,1,0,0,0,0,0,0,0,0,0,0,1,Extortion,Patang Syndicate,2018-06-22,Telangana,1
0,25,0,1,0,0,0,0,0.327,21,3,0,1,0,0,0,0,0,0,0,1,0,0,0,0,1,0,0,0,0,0,0,Burglary,None,2020-01-16,Kerala,0
0,39,0,0,0,1,0,0,0.344,13,5,0,0,0,0,1,0,0,0,0,1,0,0,0,0,0,1,0,0,0,0,0,Money Laundering,None,2021-07-16,Maharashtra,0
1,19,0,0,0,1,0,0,0.183,22,3,0,1,0,0,0,0,0,0,1,0,0,0,1,0,0,0,0,0,0,0,0,Car Theft,None,2021-12-06,Maharashtra,1
0,21,0,0,0,1,1,0,0.326,3,1,1,0,0,0,0,0,0,0,1,0,0,0,0,0,0,0,1,0,0,0,0,Car Theft,None,2021-04-16,Karnataka,0
1,36,0,1,0,1,0,3,0.493,21,1,1,0,0,0,0,0,1,0,0,0,0,0,0,1,0,0,0,0,0,0,0,Murder,None,2019-02-22,Bihar,1
1,16,0,0,1,0,0,2,0.097,2,3,1,0,0,0,0,0,0,1,0,0,0,0,0,0,0,0,0,0,0,1,0,Vandalism,None,2024-04-04,West Bengal,0
4,33,1,0,1,1,0,3,0.519,20,7,0,0,0,1,0,0,0,0,0,0,0,1,0,0,0,0,0,1,0,0,0,Drug Trafficking,Kaala Bichhoo Gang,2018-11-08,Kerala,1
0,34,0,0,1,0,0,0,0.412,16,6,0,0,1,0,0,0,0,0,0,0,0,1,0,0,0,0,0,1,0,0,0,Drug Trafficking,None,2023-01-20,West Bengal,0
1,18,0,0,1,1,0,1,0.275,20,4,0,1,0,0,0,0,0,0,0,0,0,1,0,0,0,1,0,0,0,0,0,Drug Trafficking,None,2020-08-20,Gujarat,0
1,19,0,1,0,1,0,0,0.598,1,2,0,0,0,1,0,0,0,0,0,1,0,0,0,0,0,0,0,0,0,0,1,Robbery,None,2023-03-02,Karnataka,0
2,29,0,1,0,0,0,2,0.246,20,4,1,0,0,0,0,0,0,0,0,1,0,0,0,0,1,0,0,0,0,0,0,Robbery,None,2019-12-18,Uttar Pradesh,1
2,42,0,0,0,1,0,1,0.488,12,6,0,1,0,0,0,0,0,1,0,0,0,0,0,0,0,1,0,0,0,0,0,Fraud,None,2018-06-10,Uttar Pradesh,0
0,33,0,0,0,1,0,3,0.059,2,5,0,1,0,0,0,0,0,0,0,0,0,1,0,0,0,0,0,1,0,0,0,Drug Trafficking,None,2020-09-04,West Bengal,0
2,44,1,1,1,1,0,2,0.725,22,18,0,0,1,0,0,0,1,0,0,0,0,0,0,0,0,1,0,0,0,0,0,Human Trafficking,Patang Syndicate,2018-02-11,Telangana,0
1,22,1,0,0,1,1,0,0.544,12,13,0,1,0,0,0,0,0,0,0,1,0,0,0,0,0,0,0,1,0,0,0,Cybercrime,Neela Saanp Syndicate,2020-11-09,Karnataka,1
4,47,1,0,0,1,0,1,0.357,13,11,1,0,0,0,0,0,1,0,0,0,0,0,0,0,0,1,0,0,0,0,0,Human Trafficking,Patang Syndicate,2025-05-29,Telangana,1
3,41,1,0,1,1,0,0,0.565,22,14,1,0,0,0,0,0,0,0,0,0,0,1,0,0,0,0,0,1,0,0,0,Drug Trafficking,Kaala Bichhoo Gang,2019-10-18,Kerala,1
2,39,1,0,0,1,0,1,0.615,18,6,0,0,0,0,1,0,0,0,0,1,0,0,0,0,0,1,0,0,0,0,0,Fraud,Neela Saanp Syndicate,2023-05-27,West Bengal,1
4,16,1,0,0,0,0,3,0.375,0,4,0,1,0,0,0,0,1,0,0,0,0,0,0,0,1,0,0,0,0,0,0,Assault,Lal Toofan Crew,2019-12-10,Delhi,1
3,44,0,0,0,1,0,0,0.336,3,3,0,1,0,0,0,0,0,0,0,1,0,0,0,0,0,0,1,0,0,0,0,Fraud,None,2018-03-31,Karnataka,0
4,31,1,0,0,1,1,1,0.497,20,10,0,0,0,0,0,1,0,0,0,1,0,0,0,0,0,0,1,0,0,0,0,Fraud,Neela Saanp Syndicate,2022-03-15,West Bengal,1
4,42,1,0,0,0,1,2,0.365,18,11,0,0,0,0,0,1,0,0,0,0,1,0,0,0,0,0,0,0,0,0,1,Cybercrime,Patang Syndicate,2018-11-17,Telangana,1
0,27,0,0,0,1,0,0,0.495,8,3,0,0,1,0,0,0,0,0,1,0,0,0,1,0,0,0,0,0,0,0,0,Car Theft,None,2020-04-30,Haryana,0
1,21,0,0,0,0,0,0,0.691,1,3,1,0,0,0,0,0,0,1,0,0,0,0,0,0,0,0,0,0,0,1,0,Arson,None,2025-05-17,Uttar Pradesh,0
5,36,1,0,1,1,0,3,0.644,4,13,0,0,1,0,0,0,0,0,0,0,0,1,0,0,0,0,0,0,0,0,1,Drug Trafficking,Kaala Bichhoo Gang,2025-07-12,Kerala,1
0,18,0,0,0,1,0,0,0.881,3,1,0,0,1,0,0,0,0,0,1,0,0,0,0,0,1,0,0,0,0,0,0,Car Theft,None,2018-07-12,Tamil Nadu,0
0,34,0,0,1,1,0,0,0.28,20,6,0,1,0,0,0,0,0,0,0,0,0,1,0,0,0,0,0,1,0,0,0,Drug Trafficking,None,2025-08-27,Maharashtra,1
2,32,0,0,0,1,1,1,0.466,16,3,0,0,0,0,0,1,0,0,0,0,0,1,0,0,0,0,0,0,0,0,1,Cybercrime,None,2022-06-13,West Bengal,1
2,41,0,0,0,1,1,0,0.258,15,2,0,1,0,0,0,0,0,0,0,1,0,0,0,0,0,1,0,0,0,0,0,Fraud,None,2023-10-12,Uttar Pradesh,0
0,34,0,1,0,1,0,2,0.59,23,5,1,0,0,0,0,0,1,0,0,0,0,0,0,0,0,0,0,0,1,0,0,Kidnapping,None,2019-10-20,Delhi,1
3,20,1,1,0,0,0,4,0.794,21,4,0,0,1,0,0,0,0,0,0,1,0,0,0,1,0,0,0,0,0,0,0,Robbery,Lal Toofan Crew,2025-05-27,Delhi,1
3,29,0,1,0,0,0,3,0.46,3,7,0,0,1,0,0,0,0,0,0,0,0,1,0,1,0,0,0,0,0,0,0,Arms Trafficking,None,2019-12-06,Rajasthan,1
5,33,1,1,0,1,0,9,0.697,23,9,0,0,0,1,0,0,0,0,0,0,0,1,0,0,0,0,0,1,0,0,0,Arms Trafficking,Teen Talwar Gang,2019-07-27,Gujarat,1
1,40,0,1,0,1,0,2,0.334,13,5,0,0,1,0,0,0,0,0,0,0,0,1,0,0,1,0,0,0,0,0,0,Murder,None,2024-04-17,Tamil Nadu,1
4,37,0,1,0,1,0,5,0.668,12,8,0,0,1,0,0,0,0,0,0,0,0,1,0,0,0,0,0,1,0,0,0,Arms Trafficking,None,2025-09-03,Maharashtra,1
1,33,0,0,0,1,0,1,0.309,10,1,0,0,0,0,1,0,0,0,0,1,0,0,0,0,0,1,0,0,0,0,0,Fraud,None,2021-08-18,Delhi,0
3,16,1,0,0,0,0,3,0.461,2,3,1,0,0,0,0,0,0,1,0,0,0,0,0,0,0,0,0,0,0,1,0,Vandalism,Kaali Billi Crew,2018-09-13,Haryana,0
1,26,0,1,0,1,0,2,0.641,17,5,0,0,1,0,0,0,1,0,0,0,0,0,0,0,0,0,0,0,1,0,0,Kidnapping,None,2023-02-05,Bihar,0
2,38,0,0,0,1,0,2,0.167,19,5,0,0,1,0,0,0,1,0,0,0,0,0,0,0,0,0,0,0,1,0,0,Human Trafficking,None,2025-04-05,Uttar Pradesh,0
3,32,0,0,0,1,0,1,0.276,1,2,1,0,0,0,0,0,0,0,1,0,0,0,1,0,0,0,0,0,0,0,0,Car Theft,None,2022-03-14,Maharashtra,0
2,30,0,1,0,1,0,2,0.574,14,8,0,0,1,0,0,0,0,0,0,0,0,1,0,0,0,0,0,1,0,0,0,Arms Trafficking,None,2023-10-07,Haryana,1
0,30,0,0,0,0,0,1,0.734,2,0,0,0,1,0,0,0,1,0,0,0,0,0,0,0,1,0,0,0,0,0,0,Assault,None,2020-02-14,Gujarat,0
3,25,1,1,0,0,0,3,0.429,18,4,1,0,0,0,0,0,1,0,0,0,0,0,0,1,0,0,0,0,0,0,0,Murder,Teen Talwar Gang,2025-10-31,Gujarat,1
0,18,0,1,0,1,1,2,0.475,21,4,1,0,0,0,0,0,0,0,1,0,0,0,0,0,0,0,0,0,1,0,0,Kidnapping,None,2024-10-25,Uttar Pradesh,1
0,28,0,0,1,0,0,2,0.225,19,5,0,0,0,1,0,0,0,0,0,0,0,1,0,0,0,0,0,1,0,0,0,Drug Trafficking,None,2025-02-08,Delhi,1
2,34,1,0,0,1,1,1,0.533,18,5,1,0,0,0,0,0,0,0,0,1,0,0,0,0,0,1,0,0,0,0,0,Fraud,Neela Saanp Syndicate,2019-01-11,West Bengal,0
1,25,1,0,0,1,1,0,0.513,18,9,0,0,0,0,0,1,0,0,0,0,1,0,0,0,0,0,1,0,0,0,0,Cybercrime,Neela Saanp Syndicate,2025-07-07,Karnataka,0
0,24,0,1,1,0,0,3,0.321,0,6,1,0,0,0,0,0,0,0,0,0,1,0,0,0,1,0,0,0,0,0,0,Assault,None,2024-02-20,Kerala,1
0,21,0,1,0,1,0,3,0.414,4,4,0,0,1,0,0,0,1,0,0,0,0,0,0,0,0,0,0,0,1,0,0,Kidnapping,None,2023-04-02,Uttar Pradesh,0
4,35,1,1,1,1,0,1,0.448,4,5,0,1,0,0,0,0,0,0,0,0,0,1,0,1,0,0,0,0,0,0,0,Arms Trafficking,Kaala Bichhoo Gang,2022-10-10,Kerala,1
3,30,0,1,0,1,0,3,0.383,23,2,0,0,0,1,0,0,0,0,0,0,0,1,0,0,0,0,0,1,0,0,0,Arms Trafficking,None,2019-11-29,Rajasthan,1
5,43,1,1,0,0,1,5,0.429,23,19,1,0,0,0,0,0,0,0,1,0,0,0,0,0,0,0,0,0,1,0,0,Kidnapping,Patang Syndicate,2025-11-26,Telangana,1
1,40,1,1,1,0,0,4,0.795,14,3,0,1,0,0,0,0,0,0,0,1,0,0,0,0,1,0,0,0,0,0,0,Murder,Teen Talwar Gang,2022-09-08,Gujarat,1
4,23,1,1,0,1,0,3,0.591,12,9,0,0,0,1,0,0,0,0,0,1,0,0,0,0,1,0,0,0,0,0,0,Robbery,Lal Toofan Crew,2018-10-22,Delhi,1
1,38,0,1,0,1,0,1,0.34,2,6,0,0,0,0,1,0,0,0,0,0,0,1,0,0,0,0,0,1,0,0,0,Arms Trafficking,None,2024-05-11,Uttar Pradesh,0
1,38,0,0,0,0,0,2,0.202,2,0,1,0,0,0,0,0,1,0,0,0,0,0,0,0,1,0,0,0,0,0,0,Assault,None,2021-12-10,Telangana,0
0,23,0,0,0,0,0,0,0.402,19,4,0,0,0,0,1,0,0,1,0,0,0,0,0,0,0,0,0,0,0,1,0,Vandalism,None,2019-09-05,Bihar,0
3,37,1,1,0,1,0,1,0.809,14,4,0,0,1,0,0,0,0,0,0,1,0,0,0,1,0,0,0,0,0,0,0,Arms Trafficking,Teen Talwar Gang,2022-10-18,Tamil Nadu,1
0,21,0,0,0,0,0,0,0.201,0,1,0,0,1,0,0,0,0,0,1,0,0,0,0,0,0,1,0,0,0,0,0,Car Theft,None,2019-12-24,Rajasthan,0
1,26,0,0,0,1,0,1,0.435,12,1,0,0,1,0,0,0,0,0,1,0,0,0,0,0,0,1,0,0,0,0,0,Car Theft,None,2024-08-17,Madhya Pradesh,0
1,23,0,0,0,1,0,0,0.395,9,1,1,0,0,0,0,0,0,0,0,1,0,0,1,0,0,0,0,0,0,0,0,Burglary,None,2024-06-11,Gujarat,0
0,38,0,1,0,1,0,3,0.502,2,2,0,0,0,1,0,0,0,0,0,0,0,1,0,0,0,0,0,1,0,0,0,Arms Trafficking,None,2024-09-08,Madhya Pradesh,1
6,37,1,0,1,1,1,2,0.442,9,12,1,0,0,0,0,0,0,0,0,0,1,0,0,0,0,1,0,0,0,0,0,Money Laundering,Neela Saanp Syndicate,2022-11-16,Karnataka,1
0,18,0,0,1,0,0,0,0.384,2,1,1,0,0,0,0,0,0,0,0,0,1,0,0,0,0,0,0,0,0,1,0,Vandalism,None,2020-09-27,Bihar,0
4,35,0,0,0,1,1,0,0.289,4,1,0,1,0,0,0,0,0,0,0,1,0,0,0,0,0,0,1,0,0,0,0,Cybercrime,None,2018-10-19,Delhi,0
1,35,1,0,0,1,1,1,0.613,17,10,0,0,0,0,0,1,0,0,0,0,1,0,0,0,0,0,1,0,0,0,0,Cybercrime,Neela Saanp Syndicate,2020-06-11,Karnataka,0
1,39,0,1,0,1,0,1,0.582,16,3,0,0,1,0,0,0,0,0,0,0,0,1,0,1,0,0,0,0,0,0,0,Arms Trafficking,None,2020-11-22,Kerala,0
1,24,0,0,0,1,0,0,0.202,20,1,1,0,0,0,0,0,0,0,1,0,0,0,1,0,0,0,0,0,0,0,0,Car Theft,None,2021-04-14,Uttar Pradesh,0
1,30,0,0,0,0,0,3,0.391,8,2,0,0,1,0,0,0,1,0,0,0,0,0,0,1,0,0,0,0,0,0,0,Assault,None,2025-09-15,Gujarat,1
0,31,0,1,0,1,0,3,0.747,22,2,1,0,0,0,0,0,1,0,0,0,0,0,0,0,1,0,0,0,0,0,0,Robbery,None,2025-03-16,Maharashtra,1
4,32,0,0,1,1,1,2,0.593,13,6,0,0,0,1,0,0,0,0,0,0,0,1,0,0,0,0,0,1,0,0,0,Drug Trafficking,None,2025-06-13,West Bengal,1
2,23,1,0,0,1,1,1,0.494,9,9,0,0,0,0,0,1,0,0,0,1,0,0,0,0,0,1,0,0,0,0,0,Cybercrime,Neela Saanp Syndicate,2022-10-25,West Bengal,1
0,30,0,1,0,1,0,8,0.46,12,3,0,0,1,0,0,0,0,0,0,0,1,0,0,0,0,0,0,0,1,0,0,Kidnapping,None,2018-05-23,Maharashtra,1
3,28,1,0,0,1,1,3,0.851,14,13,0,0,1,0,0,0,1,0,0,0,0,0,0,0,0,0,1,0,0,0,0,Extortion,Patang Syndicate,2024-03-01,Punjab,0
5,50,1,0,0,1,0,3,0.52,10,11,0,0,0,0,0,1,1,0,0,0,0,0,0,0,0,0,0,0,1,0,0,Human Trafficking,Patang Syndicate,2025-06-17,Punjab,1
0,16,0,0,0,0,0,0,0.282,4,2,0,0,1,0,0,0,0,0,1,0,0,0,0,0,0,1,0,0,0,0,0,Car Theft,None,2020-09-18,Bihar,0
2,39,1,1,0,1,0,2,0.654,23,8,0,1,0,0,0,0,0,0,1,0,0,0,0,0,0,0,0,0,0,0,1,Extortion,Patang Syndicate,2025-06-17,Telangana,1
0,16,0,0,1,1,0,1,0.385,4,1,0,0,0,1,0,0,0,0,0,0,0,1,0,0,0,0,0,1,0,0,0,Drug Trafficking,None,2024-10-31,Punjab,1
2,36,0,1,0,0,0,2,0.729,3,3,0,0,1,0,0,0,1,0,0,0,0,0,0,0,0,0,0,0,1,0,0,Kidnapping,None,2018-08-19,Gujarat,1
1,26,0,0,0,1,1,0,0.274,9,1,0,0,0,0,0,1,0,0,0,1,0,0,0,0,0,0,1,0,0,0,0,Cybercrime,None,2025-05-21,Madhya Pradesh,0
1,17,0,1,0,1,0,2,0.307,21,3,1,0,0,0,0,0,1,0,0,0,0,0,0,0,0,0,0,0,1,0,0,Kidnapping,None,2024-08-09,Haryana,0
0,18,0,0,0,1,1,0,0.226,17,3,0,0,0,0,0,1,0,0,0,1,0,0,0,0,0,0,0,1,0,0,0,Cybercrime,None,2022-11-20,Karnataka,0
1,16,1,0,0,1,1,2,0.646,14,14,0,0,0,0,0,1,0,0,0,1,0,0,0,0,0,0,1,0,0,0,0,Cybercrime,Neela Saanp Syndicate,2019-06-20,West Bengal,1
2,29,0,1,1,1,0,1,0.8,0,6,0,0,0,1,0,0,0,0,0,0,0,1,0,0,0,0,0,1,0,0,0,Arms Trafficking,None,2025-02-04,Rajasthan,0
4,46,1,1,0,1,0,3,0.41,17,8,0,0,0,0,0,1,1,0,0,0,0,0,0,0,0,0,0,0,0,0,1,Extortion,Teen Talwar Gang,2020-09-20,Gujarat,1
3,29,1,0,0,1,0,3,0.745,8,1,0,0,0,0,0,1,0,0,0,1,0,0,0,0,0,1,0,0,0,0,0,Fraud,Lal Toofan Crew,2018-12-07,Rajasthan,0
3,38,0,0,0,1,0,0,0.225,9,1,0,1,0,0,0,0,0,0,0,1,0,0,0,0,0,1,0,0,0,0,0,Fraud,None,2025-04-18,Tamil Nadu,0
1,18,0,1,0,0,1,0,0.252,12,2,0,0,1,0,0,0,0,0,1,0,0,0,1,0,0,0,0,0,0,0,0,Car Theft,None,2025-01-31,Madhya Pradesh,0
0,29,0,0,0,0,1,0,0.235,21,1,0,0,0,0,0,1,0,0,0,0,1,0,0,0,0,0,1,0,0,0,0,Cybercrime,None,2020-06-15,Bihar,1
0,41,0,0,0,1,1,0,0.286,3,1,0,1,0,0,0,0,0,0,0,1,0,0,0,0,0,1,0,0,0,0,0,Fraud,None,2019-10-06,Bihar,0
2,16,1,1,0,1,0,1,0.836,8,3,0,1,0,0,0,0,0,0,0,1,0,0,0,1,0,0,0,0,0,0,0,Robbery,Lal Toofan Crew,2018-11-15,Delhi,1
0,19,0,1,0,1,0,1,0.29,22,3,0,1,0,0,0,0,0,0,0,1,0,0,0,0,0,0,0,0,0,0,1,Extortion,None,2022-02-10,Maharashtra,1
2,22,0,1,0,1,0,1,0.509,20,5,0,1,0,0,0,0,0,0,0,0,0,1,0,0,0,0,0,1,0,0,0,Arms Trafficking,None,2022-11-11,Telangana,0
0,16,1,0,0,1,0,1,0.455,18,4,0,0,1,0,0,0,0,0,1,0,0,0,1,0,0,0,0,0,0,0,0,Car Theft,Kaali Billi Crew,2022-02-25,Madhya Pradesh,1
0,26,0,0,0,1,1,0,0.135,17,1,0,0,0,0,0,1,0,0,0,1,0,0,0,0,0,0,1,0,0,0,0,Cybercrime,None,2021-03-04,Delhi,0
2,27,1,0,1,1,0,2,0.757,12,8,0,0,1,0,0,0,0,0,0,0,0,1,0,0,0,0,0,1,0,0,0,Drug Trafficking,Kaali Billi Crew,2024-04-02,Madhya Pradesh,0
0,16,0,0,0,1,0,0,0.658,20,3,0,0,1,0,0,0,0,1,0,0,0,0,0,0,0,0,0,0,0,1,0,Arson,None,2022-08-26,Uttar Pradesh,0
0,20,1,0,0,1,1,1,0.776,10,2,0,0,0,0,0,1,0,0,0,0,1,0,0,0,0,0,1,0,0,0,0,Cybercrime,Lal Toofan Crew,2021-05-09,Delhi,0
2,46,1,0,0,1,1,0,0.802,15,13,0,1,0,0,0,0,0,0,0,1,0,0,0,0,0,1,0,0,0,0,0,Money Laundering,Neela Saanp Syndicate,2018-03-23,West Bengal,0
1,36,0,0,0,1,0,0,0.245,11,3,0,0,0,0,1,0,0,0,0,1,0,0,0,0,0,0,0,1,0,0,0,Fraud,None,2023-09-16,Madhya Pradesh,0
1,40,0,0,0,1,1,0,0.361,10,2,1,0,0,0,0,0,0,0,0,0,1,0,0,0,0,1,0,0,0,0,0,Fraud,None,2020-01-07,West Bengal,0
2,35,0,0,0,1,0,0,0.334,9,2,0,0,1,0,0,0,0,0,1,0,0,0,1,0,0,0,0,0,0,0,0,Car Theft,None,2018-10-29,Kerala,0
0,32,0,0,0,1,0,0,0.167,18,2,0,0,0,0,0,1,0,0,0,0,1,0,0,0,0,1,0,0,0,0,0,Fraud,None,2020-02-20,Maharashtra,0
2,21,1,0,0,1,0,4,0.71,13,9,0,0,1,0,0,0,0,0,0,1,0,0,0,0,0,0,1,0,0,0,0,Extortion,Neela Saanp Syndicate,2022-05-03,Karnataka,1
1,16,1,0,0,1,1,1,0.306,20,3,1,0,0,0,0,0,0,0,1,0,0,0,0,0,0,0,1,0,0,0,0,Car Theft,Lal Toofan Crew,2021-08-19,Delhi,0
7,37,1,1,1,1,0,3,0.646,14,7,1,0,0,0,0,0,0,0,0,1,0,0,0,0,0,0,0,0,0,0,1,Extortion,Teen Talwar Gang,2020-04-15,Tamil Nadu,1
1,34,0,1,0,0,0,4,0.536,19,1,0,0,0,1,0,0,1,0,0,0,0,0,0,0,0,0,0,0,0,0,1,Assault,None,2023-04-10,Maharashtra,0
4,16,1,0,0,1,0,1,0.694,3,2,0,1,0,0,0,0,0,0,1,0,0,0,1,0,0,0,0,0,0,0,0,Car Theft,Kaali Billi Crew,2018-08-19,Haryana,1
2,26,1,0,0,1,0,1,0.788,23,4,0,0,1,0,0,0,0,0,1,0,0,0,1,0,0,0,0,0,0,0,0,Car Theft,Lal Toofan Crew,2021-04-08,Rajasthan,0
1,32,0,1,0,0,0,2,0.524,17,4,0,0,1,0,0,0,1,0,0,0,0,0,0,0,0,0,0,1,0,0,0,Assault,None,2024-10-05,Haryana,0
1,38,1,0,0,1,0,1,0.359,11,13,0,1,0,0,0,0,0,0,0,1,0,0,0,0,0,0,0,0,0,0,1,Extortion,Patang Syndicate,2018-11-28,Punjab,1
0,30,0,1,0,1,1,2,0.312,17,6,0,0,1,0,0,0,0,0,0,1,0,0,0,0,0,0,0,0,0,0,1,Extortion,None,2023-02-25,Bihar,0
2,24,1,0,0,1,0,1,0.563,4,2,1,0,0,0,0,0,0,1,0,0,0,0,1,0,0,0,0,0,0,0,0,Burglary,Kaali Billi Crew,2023-07-21,Madhya Pradesh,0
1,16,0,0,0,0,0,5,0.258,20,4,0,0,0,0,1,0,0,1,0,0,0,0,0,0,0,0,0,0,0,1,0,Arson,None,2024-08-17,Uttar Pradesh,0
0,40,0,0,0,1,1,0,0.236,16,3,0,1,0,0,0,0,0,0,0,1,0,0,0,0,0,1,0,0,0,0,0,Fraud,None,2025-11-04,Delhi,0
3,30,0,1,0,0,0,2,0.475,9,2,0,0,1,0,0,0,0,0,0,1,0,0,0,1,0,0,0,0,0,0,0,Robbery,None,2023-04-24,Gujarat,1
1,25,0,0,0,1,0,0,0.111,4,0,0,0,1,0,0,0,0,0,1,0,0,0,1,0,0,0,0,0,0,0,0,Car Theft,None,2020-08-11,Delhi,0
1,26,0,0,1,1,0,1,0.5,14,5,0,0,0,0,0,1,0,0,0,0,0,1,0,0,0,1,0,0,0,0,0,Drug Trafficking,None,2025-07-12,Maharashtra,0
1,24,0,0,1,0,0,1,0.462,11,3,1,0,0,0,0,0,0,0,0,0,0,1,0,0,0,0,0,1,0,0,0,Drug Trafficking,None,2022-03-01,Tamil Nadu,1
2,36,1,0,0,1,1,2,0.48,10,8,0,0,0,0,1,0,0,0,0,1,0,0,0,0,0,0,1,0,0,0,0,Cybercrime,Neela Saanp Syndicate,2020-05-07,West Bengal,0
2,22,1,1,0,0,0,2,0.719,12,6,0,1,0,0,0,0,1,0,0,0,0,0,0,0,1,0,0,0,0,0,0,Robbery,Lal Toofan Crew,2021-10-02,Rajasthan,1
0,24,0,0,0,0,0,1,0.33,23,3,0,1,0,0,0,0,0,0,1,0,0,0,1,0,0,0,0,0,0,0,0,Car Theft,None,2023-04-15,Kerala,1
1,31,0,0,0,1,1,1,0.28,2,1,0,0,1,0,0,0,0,0,1,0,0,0,0,0,0,1,0,0,0,0,0,Car Theft,None,2021-12-07,Kerala,0
2,37,1,0,0,0,0,3,0.752,11,8,0,0,1,0,0,0,1,0,0,0,0,0,0,0,1,0,0,0,0,0,0,Assault,Patang Syndicate,2021-04-14,Punjab,1
0,44,0,1,0,1,0,0,0.45,2,3,1,0,0,0,0,0,0,1,0,0,0,0,0,0,0,0,1,0,0,0,0,Fraud,None,2023-08-09,Tamil Nadu,0
3,24,1,1,0,0,1,6,0.556,0,5,0,0,1,0,0,0,1,0,0,0,0,0,0,0,1,0,0,0,0,0,0,Murder,Lal Toofan Crew,2020-10-27,Delhi,1
2,50,0,0,0,1,1,1,0.173,10,0,0,1,0,0,0,0,0,0,0,1,0,0,0,0,0,1,0,0,0,0,0,Fraud,None,2019-08-28,Uttar Pradesh,0
1,27,0,1,1,1,0,1,0.63,22,6,0,0,0,1,0,0,0,0,0,1,0,0,0,0,0,0,0,1,0,0,0,Arms Trafficking,None,2020-03-20,West Bengal,1
3,23,0,0,0,1,0,1,0.286,21,0,0,1,0,0,0,0,0,1,0,0,0,0,0,0,0,0,0,0,1,0,0,Burglary,None,2023-05-27,Delhi,0
2,42,1,1,1,0,0,1,0.476,2,5,0,0,0,1,0,0,0,0,0,0,0,1,0,0,0,0,0,1,0,0,0,Arms Trafficking,Teen Talwar Gang,2021-03-30,Tamil Nadu,0
1,24,0,0,0,0,0,2,0.685,20,3,0,0,1,0,0,0,0,0,1,0,0,0,0,0,1,0,0,0,0,0,0,Assault,None,2021-03-09,Gujarat,1
0,19,0,0,0,1,1,0,0.534,15,1,0,0,0,0,0,1,0,0,0,0,1,0,0,0,0,0,1,0,0,0,0,Cybercrime,None,2020-07-03,Karnataka,0
4,36,0,0,1,1,0,3,0.567,11,1,0,0,1,0,0,0,1,0,0,0,0,0,0,1,0,0,0,0,0,0,0,Assault,None,2025-01-02,Kerala,0
2,53,0,0,0,1,0,1,0.539,18,2,0,0,0,0,0,1,0,0,0,1,0,0,0,0,0,1,0,0,0,0,0,Fraud,None,2025-03-10,West Bengal,0
0,16,0,0,0,0,0,0,0.158,18,0,1,0,0,0,0,0,0,1,0,0,0,0,0,0,0,0,0,0,0,1,0,Vandalism,None,2021-11-02,Tamil Nadu,0
3,20,1,0,1,1,0,4,0.676,4,6,0,0,1,0,0,0,0,0,0,0,1,0,1,0,0,0,0,0,0,0,0,Car Theft,Kaali Billi Crew,2024-04-29,Haryana,0
6,42,1,0,0,1,0,0,0.398,23,8,0,0,0,0,1,0,0,0,0,1,0,0,0,0,0,1,0,0,0,0,0,Money Laundering,Kaala Bichhoo Gang,2023-04-04,Maharashtra,1
0,35,0,1,0,1,0,0,0.467,17,6,0,0,0,0,0,1,0,0,0,1,0,0,0,0,0,0,0,0,0,0,1,Extortion,None,2020-08-23,Gujarat,0
3,44,1,1,0,0,0,3,0.38,20,6,1,0,0,0,0,0,1,0,0,0,0,0,0,0,1,0,0,0,0,0,0,Murder,Teen Talwar Gang,2025-08-06,Tamil Nadu,1
1,29,0,1,0,0,0,1,0.624,18,0,0,0,0,0,1,0,1,0,0,0,0,0,0,0,1,0,0,0,0,0,0,Assault,None,2022-04-26,Karnataka,0
2,19,0,0,0,0,0,1,0.25,18,1,1,0,0,0,0,0,0,0,0,1,0,0,1,0,0,0,0,0,0,0,0,Burglary,None,2025-09-06,Delhi,0
2,34,0,1,1,1,0,0,0.146,1,1,0,0,1,0,0,0,0,0,1,0,0,0,1,0,0,0,0,0,0,0,0,Car Theft,None,2018-12-15,Uttar Pradesh,0
1,28,1,0,0,1,1,2,0.465,12,8,0,0,0,0,0,1,0,0,0,1,0,0,0,0,0,1,0,0,0,0,0,Fraud,Neela Saanp Syndicate,2018-09-29,Karnataka,0
2,18,1,0,0,0,1,1,0.44,9,8,0,0,0,0,0,1,0,0,0,1,0,0,1,0,0,0,0,0,0,0,0,Cybercrime,Neela Saanp Syndicate,2018-05-02,West Bengal,0
3,24,1,0,0,1,1,2,0.471,11,8,0,0,0,0,0,1,0,0,0,0,1,0,0,0,0,0,1,0,0,0,0,Cybercrime,Neela Saanp Syndicate,2024-10-22,West Bengal,1
2,32,1,0,1,1,0,1,0.453,0,6,0,0,1,0,0,0,0,0,0,0,0,1,0,0,0,0,0,1,0,0,0,Drug Trafficking,Kaala Bichhoo Gang,2023-08-12,Kerala,0
1,50,0,0,0,1,1,1,0.072,9,3,0,0,0,0,0,1,0,0,0,1,0,0,0,0,0,1,0,0,0,0,0,Money Laundering,None,2021-08-16,Uttar Pradesh,0
0,20,0,0,0,1,1,0,0.721,2,0,0,1,0,0,0,0,0,0,1,0,0,0,0,0,0,0,1,0,0,0,0,Car Theft,None,2022-05-21,Maharashtra,0
1,38,0,0,0,1,0,0,0.705,15,1,1,0,0,0,0,0,0,0,1,0,0,0,0,0,0,0,1,0,0,0,0,Fraud,None,2023-01-11,Rajasthan,0
2,34,0,0,1,1,1,2,0.159,3,4,0,0,0,1,0,0,0,0,0,0,0,1,0,0,0,0,0,1,0,0,0,Drug Trafficking,None,2024-04-08,Delhi,0
2,16,1,0,0,1,0,3,0.624,13,1,0,0,1,0,0,0,0,1,0,0,0,0,0,0,0,0,1,0,0,0,0,Car Theft,Kaali Billi Crew,2019-01-15,Haryana,1
4,27,0,0,0,1,0,2,0.433,14,3,0,0,0,0,1,0,0,1,0,0,0,0,1,0,0,0,0,0,0,0,0,Burglary,None,2019-02-27,Uttar Pradesh,1
1,47,1,1,0,1,0,2,0.476,13,7,0,0,0,0,0,1,0,0,0,1,0,0,0,0,0,0,0,0,0,0,1,Extortion,Teen Talwar Gang,2020-06-25,Tamil Nadu,1
0,29,0,0,0,1,0,2,0.272,9,2,1,0,0,0,0,0,0,1,0,0,0,0,1,0,0,0,0,0,0,0,0,Burglary,None,2024-04-26,Kerala,0
0,19,0,1,0,0,0,2,0.441,13,0,0,1,0,0,0,0,1,0,0,0,0,0,0,0,1,0,0,0,0,0,0,Assault,None,2023-12-09,Uttar Pradesh,0
1,31,0,0,0,0,0,4,0.637,11,4,0,1,0,0,0,0,1,0,0,0,0,0,0,0,1,0,0,0,0,0,0,Assault,None,2024-06-20,Maharashtra,0
2,17,0,0,0,0,0,1,0.408,22,2,0,0,1,0,0,0,0,1,0,0,0,0,0,0,0,0,0,0,0,1,0,Vandalism,None,2020-05-23,Tamil Nadu,0
0,16,0,0,0,0,1,0,0.083,4,2,0,0,1,0,0,0,0,0,1,0,0,0,1,0,0,0,0,0,0,0,0,Car Theft,None,2024-12-26,Madhya Pradesh,0
3,30,0,1,0,0,0,4,0.694,23,2,1,0,0,0,0,0,1,0,0,0,0,0,0,0,1,0,0,0,0,0,0,Murder,None,2025-09-27,Maharashtra,1
0,22,1,1,0,1,0,1,0.701,12,1,1,0,0,0,0,0,0,1,0,0,0,0,1,0,0,0,0,0,0,0,0,Robbery,Lal Toofan Crew,2019-04-17,Rajasthan,1
1,29,0,0,0,1,1,0,0.419,19,3,0,0,0,0,0,1,0,0,0,0,1,0,0,0,0,0,1,0,0,0,0,Cybercrime,None,2025-02-17,Gujarat,0
2,23,0,1,0,1,0,5,0.541,11,10,0,0,0,1,0,0,0,0,0,0,0,1,0,1,0,0,0,0,0,0,0,Arms Trafficking,None,2024-09-07,Delhi,1
0,22,0,0,0,0,1,0,0.231,10,1,0,0,0,0,0,1,0,0,0,0,1,0,0,0,0,0,1,0,0,0,0,Cybercrime,None,2023-12-03,Delhi,0
0,28,0,0,0,1,0,1,0.599,12,7,0,0,1,0,0,0,0,0,0,0,0,1,0,1,0,0,0,0,0,0,0,Arms Trafficking,None,2023-03-13,Bihar,0
1,29,0,0,0,0,0,3,0.405,15,0,0,1,0,0,0,0,1,0,0,0,0,0,0,0,0,0,0,0,0,1,0,Assault,None,2022-06-05,Madhya Pradesh,1
1,22,0,0,0,1,1,0,0.309,17,0,0,0,0,0,0,1,0,0,0,0,1,0,0,0,0,0,1,0,0,0,0,Cybercrime,None,2022-08-26,Maharashtra,0
3,26,1,0,0,0,1,0,0.571,11,8,0,0,0,0,0,1,0,0,0,0,1,0,0,0,0,1,0,0,0,0,0,Cybercrime,Neela Saanp Syndicate,2018-12-09,Karnataka,0
0,35,0,0,1,1,0,0,0.358,15,2,1,0,0,0,0,0,0,0,0,0,0,1,0,0,0,0,0,1,0,0,0,Drug Trafficking,None,2023-11-10,Gujarat,0
0,18,0,0,0,1,0,1,0.431,20,0,0,0,1,0,0,0,0,0,1,0,0,0,0,0,0,0,1,0,0,0,0,Car Theft,None,2025-12-03,Tamil Nadu,1
2,44,1,1,1,0,0,2,0.588,3,6,0,0,0,0,1,0,0,0,1,0,0,0,0,1,0,0,0,0,0,0,0,Murder,Teen Talwar Gang,2025-10-31,Gujarat,1
2,38,1,0,0,1,0,0,0.601,23,20,0,0,1,0,0,0,0,0,0,1,0,0,0,0,0,0,0,0,1,0,0,Human Trafficking,Patang Syndicate,2023-03-03,Punjab,1
3,34,0,0,0,0,0,1,0.75,18,3,0,0,1,0,0,0,1,0,0,0,0,0,0,0,1,0,0,0,0,0,0,Assault,None,2023-02-02,Uttar Pradesh,0
3,16,1,1,0,1,0,2,0.437,20,2,1,0,0,0,0,0,0,1,0,0,0,0,0,1,0,0,0,0,0,0,0,Robbery,Lal Toofan Crew,2021-11-14,Rajasthan,1
0,25,0,0,0,0,0,0,0.375,0,5,0,0,1,0,0,0,0,0,1,0,0,0,1,0,0,0,0,0,0,0,0,Car Theft,None,2019-07-17,Maharashtra,0
1,42,1,1,0,1,0,4,0.552,4,10,0,0,0,1,0,0,0,0,0,0,0,1,0,0,0,0,0,1,0,0,0,Arms Trafficking,Teen Talwar Gang,2018-11-05,Tamil Nadu,0
0,49,0,1,1,0,0,4,0.656,1,0,1,0,0,0,0,0,1,0,0,0,0,0,0,0,1,0,0,0,0,0,0,Murder,None,2020-10-08,Haryana,0
0,32,0,0,0,1,0,0,0.213,10,1,0,0,0,0,0,1,0,0,0,1,0,0,0,0,0,1,0,0,0,0,0,Fraud,None,2025-11-22,Maharashtra,0
0,40,0,0,0,1,1,0,0.581,14,1,0,0,0,0,0,1,0,0,0,1,0,0,0,0,0,1,0,0,0,0,0,Fraud,None,2022-06-04,Madhya Pradesh,0
5,54,1,0,0,1,0,1,0.732,18,9,0,1,0,0,0,0,0,0,0,1,0,0,0,0,0,1,0,0,0,0,0,Money Laundering,Teen Talwar Gang,2022-07-06,Tamil Nadu,1
1,20,0,0,0,1,0,1,0.332,21,2,1,0,0,0,0,0,0,1,0,0,0,0,1,0,0,0,0,0,0,0,0,Burglary,None,2019-11-11,Bihar,0
4,27,0,1,0,0,0,3,0.758,3,4,0,0,1,0,0,0,1,0,0,0,0,0,0,0,0,0,0,0,1,0,0,Kidnapping,None,2020-09-19,Delhi,0
2,18,1,1,1,1,0,3,0.599,0,1,0,0,1,0,0,0,0,0,0,1,0,0,0,0,1,0,0,0,0,0,0,Robbery,Lal Toofan Crew,2025-10-07,Delhi,1
1,16,0,0,0,1,0,2,0.412,22,1,0,1,0,0,0,0,0,0,0,0,1,0,1,0,0,0,0,0,0,0,0,Burglary,None,2018-12-14,Rajasthan,1
0,16,1,1,0,1,0,2,0.257,17,1,0,0,1,0,0,0,0,0,0,1,0,0,0,1,0,0,0,0,0,0,0,Robbery,Lal Toofan Crew,2020-01-09,Delhi,1
7,39,1,1,0,1,0,1,0.566,22,11,0,1,0,0,0,0,0,0,0,1,0,0,0,0,0,0,0,0,0,0,1,Extortion,Patang Syndicate,2020-03-05,Punjab,1
1,32,0,1,0,1,0,1,0.515,3,1,0,0,1,0,0,0,0,0,0,0,0,1,0,0,0,0,0,1,0,0,0,Arms Trafficking,None,2021-02-10,West Bengal,0
3,25,0,0,0,0,0,2,0.313,1,0,0,1,0,0,0,0,0,1,0,0,0,0,0,0,0,0,0,0,0,1,0,Arson,None,2022-02-03,Gujarat,0
1,26,0,1,0,0,0,1,0.383,1,1,0,0,1,0,0,0,1,0,0,0,0,0,0,0,1,0,0,0,0,0,0,Assault,None,2024-12-03,Delhi,0
3,36,0,1,0,1,0,3,0.314,13,6,0,0,0,1,0,0,0,0,0,0,0,1,0,0,0,1,0,0,0,0,0,Arms Trafficking,None,2021-01-26,Tamil Nadu,1
2,45,0,0,0,1,0,0,0.258,15,0,0,1,0,0,0,0,0,0,0,1,0,0,0,0,0,1,0,0,0,0,0,Fraud,None,2025-12-28,Bihar,0
2,25,0,0,0,1,0,0,0.182,20,1,1,0,0,0,0,0,0,0,0,1,0,0,1,0,0,0,0,0,0,0,0,Burglary,None,2023-11-20,West Bengal,0
1,41,0,1,0,1,0,0,0.324,14,4,0,1,0,0,0,0,0,0,0,0,1,0,0,0,1,0,0,0,0,0,0,Fraud,None,2020-01-28,Madhya Pradesh,0
0,24,0,0,0,0,0,1,0.684,12,3,1,0,0,0,0,0,0,1,0,0,0,0,0,0,0,0,0,0,0,0,1,Burglary,None,2024-08-15,Haryana,0
1,24,0,0,0,0,0,0,0.115,23,0,1,0,0,0,0,0,0,0,1,0,0,0,1,0,0,0,0,0,0,0,0,Burglary,None,2023-09-15,Uttar Pradesh,1
1,40,0,0,0,1,0,2,0.36,12,5,1,0,0,0,0,0,0,0,0,1,0,0,0,0,0,0,0,0,0,0,1,Extortion,None,2019-05-05,Bihar,1
2,36,0,0,0,1,0,1,0.377,19,0,0,0,0,0,0,1,0,0,0,1,0,0,0,0,0,1,0,0,0,0,0,Fraud,None,2020-12-04,Karnataka,0
3,38,0,1,0,1,1,3,0.856,16,6,1,0,0,0,0,0,0,0,0,1,0,0,0,0,0,0,0,0,0,0,1,Extortion,None,2024-01-17,Tamil Nadu,1
5,32,0,1,0,0,0,6,0.652,19,5,0,0,1,0,0,0,0,0,0,1,0,0,0,0,0,0,0,0,1,0,0,Kidnapping,None,2023-02-04,Gujarat,1
2,16,1,1,0,1,0,2,0.576,21,6,0,0,1,0,0,0,0,0,0,1,0,0,0,0,1,0,0,0,0,0,0,Robbery,Kaali Billi Crew,2018-11-19,Haryana,0
1,16,0,0,0,1,0,5,0.693,1,3,0,0,1,0,0,0,1,0,0,0,0,0,0,1,0,0,0,0,0,0,0,Kidnapping,None,2018-03-03,Bihar,1
0,32,0,0,1,0,0,4,0.486,13,0,1,0,0,0,0,0,0,1,0,0,0,0,0,0,1,0,0,0,0,0,0,Assault,None,2024-06-09,Tamil Nadu,0
0,29,0,0,0,0,1,0,0.303,15,0,0,0,0,0,0,1,0,0,0,1,0,0,0,0,0,1,0,0,0,0,0,Fraud,None,2025-10-10,Karnataka,0
1,32,0,0,0,1,0,0,0.134,16,0,0,0,0,0,1,0,0,0,0,1,0,0,0,0,0,1,0,0,0,0,0,Fraud,None,2021-03-16,Gujarat,0
0,16,0,0,0,1,0,2,0.461,20,1,1,0,0,0,0,0,1,0,0,0,0,0,0,0,1,0,0,0,0,0,0,Assault,None,2025-03-22,Karnataka,1
1,16,0,1,0,1,0,2,0.214,10,1,0,0,1,0,0,0,0,0,0,0,0,1,0,0,0,1,0,0,0,0,0,Arms Trafficking,None,2025-03-28,Karnataka,0
1,25,0,0,1,0,0,0,0.384,2,1,1,0,0,0,0,0,0,1,0,0,0,0,0,0,0,0,0,0,0,1,0,Arson,None,2023-12-05,Karnataka,0
2,35,0,0,0,0,0,1,0.271,1,5,0,1,0,0,0,0,0,1,0,0,0,0,0,0,0,0,0,0,0,1,0,Arson,None,2022-04-24,Tamil Nadu,0
2,37,0,1,0,0,0,3,0.751,20,2,1,0,0,0,0,0,1,0,0,0,0,0,0,0,1,0,0,0,0,0,0,Murder,None,2020-01-27,Bihar,1
2,33,1,1,0,1,0,9,0.6,9,17,0,0,0,1,0,0,0,0,0,1,0,0,0,0,0,0,0,0,1,0,0,Kidnapping,Patang Syndicate,2020-07-11,Telangana,1
1,36,0,0,1,0,0,2,0.201,22,0,1,0,0,0,0,0,0,0,0,0,0,1,0,0,0,1,0,0,0,0,0,Drug Trafficking,None,2021-04-12,Delhi,0
2,16,1,0,0,0,0,0,0.421,22,1,1,0,0,0,0,0,0,1,0,0,0,0,0,0,0,0,0,0,0,1,0,Vandalism,Kaali Billi Crew,2019-09-07,Madhya Pradesh,0
0,31,0,0,0,1,1,0,0.215,18,1,0,1,0,0,0,0,0,0,0,1,0,0,0,0,0,1,0,0,0,0,0,Fraud,None,2024-05-26,Bihar,1
1,43,0,0,0,1,0,5,0.806,16,2,0,0,0,0,1,0,0,0,0,1,0,0,0,1,0,0,0,0,0,0,0,Robbery,None,2023-08-20,Uttar Pradesh,0
1,39,0,0,0,1,0,0,0.396,3,0,0,0,1,0,0,0,0,0,0,0,0,1,1,0,0,0,0,0,0,0,0,Car Theft,None,2025-07-10,Maharashtra,0
0,21,0,0,1,1,0,0,0.559,4,3,0,0,0,1,0,0,0,0,0,0,0,1,0,0,0,0,0,1,0,0,0,Drug Trafficking,None,2024-05-26,Karnataka,0
3,31,0,0,0,0,0,3,0.536,12,1,1,0,0,0,0,0,1,0,0,0,0,0,0,0,1,0,0,0,0,0,0,Assault,None,2025-04-26,Uttar Pradesh,0
3,40,1,0,0,0,1,0,0.435,14,4,0,0,0,0,0,1,0,0,0,1,0,0,0,0,0,1,0,0,0,0,0,Money Laundering,Lal Toofan Crew,2019-07-20,Rajasthan,0
1,52,1,0,0,1,1,0,0.62,13,9,0,0,0,0,1,0,0,0,0,1,0,0,0,0,0,1,0,0,0,0,0,Money Laundering,Neela Saanp Syndicate,2022-08-22,West Bengal,1
1,41,1,1,1,1,0,2,0.281,22,11,0,0,1,0,0,0,0,0,0,0,0,1,0,0,0,0,0,1,0,0,0,Arms Trafficking,Kaala Bichhoo Gang,2021-03-05,Kerala,1
1,16,0,0,0,1,0,1,0.603,2,3,0,1,0,0,0,0,0,1,0,0,0,0,1,0,0,0,0,0,0,0,0,Car Theft,None,2020-08-24,Maharashtra,0
1,45,1,1,1,1,0,1,0.677,0,10,0,0,1,0,0,0,0,0,0,0,0,1,0,0,0,0,0,1,0,0,0,Arms Trafficking,Teen Talwar Gang,2025-05-10,Tamil Nadu,1
2,26,0,0,1,0,0,3,0.322,19,1,1,0,0,0,0,0,1,0,0,0,0,0,0,0,1,0,0,0,0,0,0,Assault,None,2020-06-28,Uttar Pradesh,0
2,40,0,0,0,1,0,0,0.294,17,2,1,0,0,0,0,0,0,0,0,1,0,0,0,0,0,1,0,0,0,0,0,Fraud,None,2019-12-21,Bihar,0
2,44,1,1,0,0,0,3,0.701,21,14,0,0,1,0,0,0,0,0,0,0,0,1,0,0,0,0,0,0,0,0,1,Arms Trafficking,Teen Talwar Gang,2021-07-20,Gujarat,0
3,37,0,1,0,1,0,4,0.677,17,6,1,0,0,0,0,0,1,0,0,0,0,0,0,0,0,0,0,0,1,0,0,Kidnapping,None,2022-12-30,Tamil Nadu,0
1,42,1,0,0,1,0,3,0.712,21,9,0,1,0,0,0,0,0,0,0,1,0,0,0,0,0,0,0,0,0,0,1,Extortion,Teen Talwar Gang,2019-01-22,Gujarat,1
2,41,0,0,0,1,0,0,0.364,1,3,0,0,0,0,1,0,0,0,0,1,0,0,0,0,0,1,0,0,0,0,0,Money Laundering,None,2021-12-06,Uttar Pradesh,0
0,22,0,0,0,1,0,0,0.18,22,1,1,0,0,0,0,0,0,0,0,1,0,0,0,0,1,0,0,0,0,0,0,Burglary,None,2021-11-14,Maharashtra,1
1,41,0,0,0,1,1,0,0.174,11,5,0,1,0,0,0,0,0,0,0,1,0,0,0,0,0,1,0,0,0,0,0,Money Laundering,None,2023-04-24,West Bengal,0
2,22,1,0,0,1,0,4,0.705,22,4,0,0,1,0,0,0,0,0,1,0,0,0,1,0,0,0,0,0,0,0,0,Car Theft,Lal Toofan Crew,2019-03-09,Delhi,0
1,32,0,0,0,1,0,0,0.221,10,1,0,1,0,0,0,0,0,0,0,1,0,0,0,0,0,0,0,0,0,0,1,Fraud,None,2023-07-12,Delhi,0
0,37,0,1,1,1,1,0,0.271,0,5,0,0,1,0,0,0,0,0,0,0,0,1,0,0,0,0,0,0,0,0,1,Drug Trafficking,None,2023-04-19,Uttar Pradesh,0
4,16,1,1,0,1,0,2,0.642,3,3,1,0,0,0,0,0,0,1,0,0,0,0,1,0,0,0,0,0,0,0,0,Burglary,Lal Toofan Crew,2024-01-03,Delhi,1
2,39,0,1,0,0,0,2,0.454,3,1,0,0,1,0,0,0,1,0,0,0,0,0,0,0,1,0,0,0,0,0,0,Assault,None,2024-11-16,Uttar Pradesh,0
2,17,0,0,1,0,0,2,0.42,3,2,1,0,0,0,0,0,1,0,0,0,0,0,0,1,0,0,0,0,0,0,0,Assault,None,2025-02-09,Uttar Pradesh,1
0,16,0,1,0,1,0,0,0.581,21,2,1,0,0,0,0,0,0,1,0,0,0,0,1,0,0,0,0,0,0,0,0,Burglary,None,2018-04-15,Tamil Nadu,0
1,17,0,0,1,1,1,0,0.04,10,6,0,0,0,0,0,1,0,0,0,0,1,0,0,0,0,0,1,0,0,0,0,Cybercrime,None,2022-03-09,Maharashtra,0
2,29,0,0,0,1,0,3,0.173,22,3,0,1,0,0,0,0,0,0,1,0,0,0,0,0,0,0,0,0,0,1,0,Arson,None,2022-02-25,Uttar Pradesh,0
3,27,0,0,0,0,0,4,0.294,21,1,0,0,1,0,0,0,1,0,0,0,0,0,0,0,1,0,0,0,0,0,0,Assault,None,2018-05-25,Uttar Pradesh,1
3,41,1,0,0,1,1,3,0.603,15,13,0,0,0,0,1,0,0,0,0,1,0,0,1,0,0,0,0,0,0,0,0,Fraud,Patang Syndicate,2022-05-21,Punjab,0
2,33,0,0,0,1,1,0,0.337,8,2,0,0,0,0,0,1,0,0,0,1,0,0,0,0,0,0,1,0,0,0,0,Fraud,None,2024-05-16,Maharashtra,0
1,46,0,1,0,1,0,2,0.07,20,5,1,0,0,0,0,0,0,0,0,0,0,1,0,0,0,0,0,1,0,0,0,Arms Trafficking,None,2019-11-22,Bihar,0
1,55,0,0,0,1,0,1,0.455,22,2,0,0,0,0,0,1,0,0,0,1,0,0,0,0,0,0,1,0,0,0,0,Fraud,None,2018-09-07,Rajasthan,1
1,25,0,0,0,1,1,1,0.395,0,2,1,0,0,0,0,0,0,0,1,0,0,0,1,0,0,0,0,0,0,0,0,Car Theft,None,2021-01-24,Maharashtra,0
1,48,0,0,0,1,1,0,0.729,19,1,0,0,0,0,0,1,0,0,0,1,0,0,0,0,1,0,0,0,0,0,0,Money Laundering,None,2022-07-07,Karnataka,0
2,29,0,1,0,0,0,2,0.363,12,3,0,0,1,0,0,0,0,0,0,0,0,1,0,0,0,0,0,1,0,0,0,Arms Trafficking,None,2025-02-19,Uttar Pradesh,1
0,29,0,0,0,1,1,4,0.666,18,4,0,1,0,0,0,0,0,0,0,1,0,0,0,0,0,0,0,0,0,0,1,Extortion,None,2020-04-03,Maharashtra,0
4,39,1,1,0,1,1,4,0.568,13,7,0,0,0,0,0,1,0,0,0,1,0,0,0,0,0,0,1,0,0,0,0,Extortion,Teen Talwar Gang,2025-12-06,Tamil Nadu,1
4,25,1,0,1,1,0,3,0.562,22,6,0,0,0,1,0,0,0,0,0,0,0,1,0,0,0,0,0,1,0,0,0,Drug Trafficking,Kaali Billi Crew,2018-06-12,Madhya Pradesh,1
3,32,0,1,0,1,0,0,0.153,8,8,1,0,0,0,0,0,0,0,0,1,0,0,0,0,0,0,1,0,0,0,0,Human Trafficking,None,2022-10-31,Tamil Nadu,1
0,25,0,1,1,1,0,0,0.207,18,6,1,0,0,0,0,0,0,0,0,0,0,1,0,0,0,0,0,0,1,0,0,Drug Trafficking,None,2020-10-28,Delhi,0
5,34,1,1,0,0,1,3,0.636,4,14,0,0,0,1,0,0,1,0,0,0,0,0,0,0,0,0,0,0,1,0,0,Kidnapping,Kaala Bichhoo Gang,2024-09-15,Maharashtra,1
1,25,0,0,0,0,0,1,0.765,18,2,1,0,0,0,0,0,1,0,0,0,0,0,0,0,1,0,0,0,0,0,0,Assault,None,2019-06-09,Uttar Pradesh,0
1,28,0,0,0,0,0,1,0.286,2,4,1,0,0,0,0,0,0,1,0,0,0,0,1,0,0,0,0,0,0,0,0,Vandalism,None,2023-03-08,Uttar Pradesh,0
1,22,0,0,0,1,0,1,0.083,14,2,0,0,1,0,0,0,0,0,1,0,0,0,1,0,0,0,0,0,0,0,0,Car Theft,None,2020-04-01,West Bengal,0
5,20,1,0,0,1,0,3,0.463,23,0,1,0,0,0,0,0,0,0,0,1,0,0,1,0,0,0,0,0,0,0,0,Burglary,Kaali Billi Crew,2024-11-13,Madhya Pradesh,1
1,33,0,0,0,1,0,3,0.502,23,0,0,1,0,0,0,0,1,0,0,0,0,0,0,0,0,0,0,0,0,0,1,Assault,None,2022-07-01,Uttar Pradesh,0
0,31,0,0,0,0,0,1,0.415,3,1,1,0,0,0,0,0,0,1,0,0,0,0,1,0,0,0,0,0,0,0,0,Burglary,None,2021-04-02,Uttar Pradesh,1
3,44,1,0,0,0,0,6,0.461,17,6,0,1,0,0,0,0,1,0,0,0,0,0,0,0,1,0,0,0,0,0,0,Assault,Patang Syndicate,2021-08-23,Punjab,0
0,25,0,1,0,1,0,5,0.508,22,2,1,0,0,0,0,0,0,1,0,0,0,0,0,0,0,0,0,0,1,0,0,Robbery,None,2021-09-30,West Bengal,0
2,16,0,0,0,1,1,1,0.332,1,5,0,0,1,0,0,0,0,0,1,0,0,0,0,0,0,0,1,0,0,0,0,Car Theft,None,2020-05-12,Madhya Pradesh,0
0,23,0,1,0,0,1,2,0.033,9,1,0,0,1,0,0,0,0,0,1,0,0,0,1,0,0,0,0,0,0,0,0,Car Theft,None,2025-10-21,Uttar Pradesh,0
1,25,0,0,0,1,1,0,0.658,21,6,0,0,0,0,0,1,0,0,0,0,1,0,0,0,0,1,0,0,0,0,0,Cybercrime,None,2025-12-27,Bihar,0
2,17,0,0,0,1,1,0,0.094,9,3,1,0,0,0,0,0,0,1,0,0,0,0,1,0,0,0,0,0,0,0,0,Car Theft,None,2019-05-03,Tamil Nadu,0
2,39,0,0,1,1,1,0,0.675,11,2,0,0,0,1,0,0,0,0,0,0,0,1,0,0,0,0,0,1,0,0,0,Drug Trafficking,None,2025-09-28,Kerala,0
1,16,0,1,0,1,0,2,0.473,4,4,1,0,0,0,0,0,0,0,0,1,0,0,0,0,0,0,0,0,0,0,1,Extortion,None,2023-10-06,Madhya Pradesh,0
4,41,0,0,0,1,0,2,0.396,11,3,0,1,0,0,0,0,0,0,0,1,0,0,0,0,0,1,0,0,0,0,0,Fraud,None,2020-10-14,Bihar,0
1,40,0,0,0,1,0,0,0.366,18,1,0,1,0,0,0,0,1,0,0,0,0,0,0,0,0,1,0,0,0,0,0,Fraud,None,2020-03-07,Gujarat,0
2,32,0,1,0,0,0,2,0.311,2,1,1,0,0,0,0,0,1,0,0,0,0,0,0,0,1,0,0,0,0,0,0,Assault,None,2018-01-26,Karnataka,1
2,26,0,1,0,0,0,0,0.389,17,4,0,0,1,0,0,0,0,0,1,0,0,0,1,0,0,0,0,0,0,0,0,Car Theft,None,2020-07-23,Maharashtra,0
0,30,0,1,0,0,0,3,0.633,3,3,1,0,0,0,0,0,1,0,0,0,0,0,0,0,1,0,0,0,0,0,0,Assault,None,2024-03-17,Uttar Pradesh,1
3,26,0,1,1,0,0,1,0.154,17,3,0,1,0,0,0,0,1,0,0,0,0,0,0,0,1,0,0,0,0,0,0,Assault,None,2024-04-01,Uttar Pradesh,1
1,20,1,1,0,1,0,3,0.764,4,7,0,0,1,0,0,0,0,1,0,0,0,0,0,0,0,0,0,0,0,0,1,Robbery,Lal Toofan Crew,2021-11-09,Delhi,0
1,28,0,1,0,0,1,1,0.251,4,5,0,0,0,1,0,0,1,0,0,0,0,0,0,0,0,0,0,0,1,0,0,Kidnapping,None,2023-11-04,Uttar Pradesh,1
2,32,0,0,1,1,1,2,0.552,2,6,0,0,0,1,0,0,0,0,0,0,0,1,0,0,0,0,0,1,0,0,0,Drug Trafficking,None,2019-04-07,Uttar Pradesh,1
1,26,0,1,0,1,0,4,0.708,0,8,0,0,1,0,0,0,0,1,0,0,0,0,0,0,1,0,0,0,0,0,0,Robbery,None,2020-05-31,Bihar,1
0,26,0,1,0,0,0,2,0.519,10,5,0,0,1,0,0,0,1,0,0,0,0,0,0,0,0,0,0,0,1,0,0,Kidnapping,None,2021-08-26,Uttar Pradesh,1
2,33,0,1,0,1,0,0,0.377,14,2,0,0,1,0,0,0,0,1,0,0,0,0,0,0,1,0,0,0,0,0,0,Robbery,None,2025-02-11,Madhya Pradesh,0
0,17,0,1,0,1,0,5,0.293,21,9,0,0,1,0,0,0,0,0,0,1,0,0,0,0,0,0,0,0,0,0,1,Robbery,None,2024-03-19,Bihar,1
0,25,0,0,0,1,0,0,0.191,3,5,1,0,0,0,0,0,1,0,0,0,0,0,0,0,0,0,0,0,1,0,0,Human Trafficking,None,2025-05-14,Telangana,0
1,37,0,0,0,1,1,0,0.349,15,2,0,0,0,0,1,0,0,0,0,0,1,0,0,0,0,1,0,0,0,0,0,Fraud,None,2024-10-05,Tamil Nadu,0
1,25,0,0,0,0,0,3,0.586,20,0,1,0,0,0,0,0,1,0,0,0,0,0,0,1,0,0,0,0,0,0,0,Assault,None,2018-07-02,Madhya Pradesh,0
1,21,0,0,0,1,0,1,0.267,9,1,1,0,0,0,0,0,0,1,0,0,0,0,0,0,0,1,0,0,0,0,0,Burglary,None,2024-06-21,Gujarat,1
0,36,0,0,1,1,1,1,0.415,9,3,0,0,1,0,0,0,0,0,0,0,0,1,0,0,0,0,0,1,0,0,0,Drug Trafficking,None,2025-02-22,Bihar,0
2,45,0,0,0,0,0,0,0.417,11,1,1,0,0,0,0,0,0,1,0,0,0,0,1,0,0,0,0,0,0,0,0,Burglary,None,2022-11-12,Maharashtra,1
0,29,0,1,0,0,0,1,0.791,19,2,0,0,1,0,0,0,1,0,0,0,0,0,0,0,1,0,0,0,0,0,0,Assault,None,2020-08-26,Bihar,0
3,33,0,0,0,1,1,0,0.543,22,4,1,0,0,0,0,0,0,0,0,1,0,0,0,0,0,0,0,0,0,0,1,Extortion,None,2023-10-03,Delhi,0
1,27,0,0,0,0,0,4,0.695,16,2,1,0,0,0,0,0,1,0,0,0,0,0,0,0,0,0,0,0,0,0,1,Assault,None,2021-03-24,Tamil Nadu,1
0,37,0,0,0,1,0,0,0.4,1,2,1,0,0,0,0,0,0,0,0,1,0,0,0,0,0,1,0,0,0,0,0,Fraud,None,2021-04-25,Rajasthan,0
0,29,0,1,1,1,1,1,0.667,9,7,1,0,0,0,0,0,0,0,0,0,0,1,0,0,0,0,0,1,0,0,0,Arms Trafficking,None,2021-03-02,Tamil Nadu,0
2,17,0,0,0,0,0,0,0.223,1,0,0,1,0,0,0,0,0,1,0,0,0,0,0,0,0,0,0,0,0,1,0,Vandalism,None,2018-07-13,Bihar,0
4,16,1,0,1,0,1,6,0.476,20,1,1,0,0,0,0,0,0,0,1,0,0,0,1,0,0,0,0,0,0,0,0,Car Theft,Kaali Billi Crew,2025-02-11,Haryana,1
1,29,0,0,1,0,0,2,0.529,1,4,1,0,0,0,0,0,0,1,0,0,0,0,1,0,0,0,0,0,0,0,0,Vandalism,None,2022-05-14,Karnataka,0
2,24,0,0,0,1,0,1,0.557,21,3,1,0,0,0,0,0,0,0,1,0,0,0,1,0,0,0,0,0,0,0,0,Car Theft,None,2018-04-09,Tamil Nadu,1
2,29,0,0,0,1,0,3,0.747,22,3,1,0,0,0,0,0,0,0,0,0,0,1,1,0,0,0,0,0,0,0,0,Car Theft,None,2020-08-27,Kerala,1
5,34,1,0,1,0,0,3,0.648,12,3,0,0,0,0,1,0,1,0,0,0,0,0,0,1,0,0,0,0,0,0,0,Assault,Teen Talwar Gang,2018-09-29,Gujarat,1
2,33,0,0,0,0,0,1,0.512,21,2,0,0,1,0,0,0,0,1,0,0,0,0,0,1,0,0,0,0,0,0,0,Assault,None,2018-06-01,Punjab,1
3,16,0,1,0,1,0,5,0.514,2,2,0,0,0,0,0,1,0,0,0,1,0,0,0,0,0,0,0,0,0,0,1,Extortion,None,2024-08-08,Madhya Pradesh,1
1,26,1,0,1,1,0,3,0.632,18,9,0,0,1,0,0,0,0,0,0,1,0,0,0,1,0,0,0,0,0,0,0,Robbery,Kaala Bichhoo Gang,2022-09-21,Kerala,1
2,41,0,0,0,0,0,2,0.476,4,2,0,1,0,0,0,0,0,1,0,0,0,0,0,0,0,0,0,0,0,1,0,Arson,None,2020-04-20,Uttar Pradesh,0
1,35,0,0,0,0,1,0,0.063,11,2,0,1,0,0,0,0,0,0,0,0,1,0,0,0,0,1,0,0,0,0,0,Fraud,None,2024-06-14,Uttar Pradesh,0
1,27,0,0,0,1,0,1,0.313,3,2,1,0,0,0,0,0,0,1,0,0,0,0,1,0,0,0,0,0,0,0,0,Burglary,None,2023-09-30,Kerala,0
0,22,0,0,0,1,1,0,0.562,23,1,0,0,0,0,0,1,0,0,0,1,0,0,0,0,0,0,0,0,0,0,1,Cybercrime,None,2023-10-30,Bihar,0
2,46,1,1,1,1,0,1,0.653,23,12,0,0,0,1,0,0,0,0,0,0,0,1,0,0,0,0,0,1,0,0,0,Arms Trafficking,Teen Talwar Gang,2021-09-27,Gujarat,0
2,33,0,1,1,1,0,2,0.37,23,5,0,0,1,0,0,0,0,1,0,0,0,0,0,0,0,1,0,0,0,0,0,Robbery,None,2019-08-10,Rajasthan,1
1,35,1,1,0,1,0,3,0.637,2,15,1,0,0,0,0,0,1,0,0,0,0,0,0,0,0,1,0,0,0,0,0,Kidnapping,Patang Syndicate,2020-11-16,Telangana,1
0,16,1,1,0,0,0,0,0.464,20,5,1,0,0,0,0,0,0,0,0,0,1,0,0,0,0,0,1,0,0,0,0,Car Theft,Lal Toofan Crew,2021-01-23,Rajasthan,0
1,30,1,0,0,1,1,0,0.534,8,8,0,0,0,0,1,0,0,0,0,1,0,0,0,0,0,1,0,0,0,0,0,Fraud,Neela Saanp Syndicate,2023-04-20,Karnataka,0
2,45,0,0,0,1,1,0,0.364,2,0,0,1,0,0,0,0,0,0,0,1,0,0,0,0,0,1,0,0,0,0,0,Fraud,None,2022-12-18,Karnataka,0
0,31,0,0,0,1,1,0,0.445,21,2,0,0,0,1,0,0,1,0,0,0,0,0,0,0,0,0,0,0,1,0,0,Human Trafficking,None,2022-10-05,Kerala,1
1,34,0,0,0,1,0,0,0.227,16,2,0,0,0,0,0,1,0,0,0,1,0,0,0,0,0,0,0,1,0,0,0,Fraud,None,2020-10-08,West Bengal,0
1,22,1,0,0,1,1,1,0.698,2,1,1,0,0,0,0,0,0,0,1,0,0,0,0,0,0,0,0,0,1,0,0,Car Theft,Lal Toofan Crew,2021-05-26,Delhi,1
2,36,0,0,0,1,0,0,0.272,3,2,0,0,0,0,1,0,0,1,0,0,0,0,0,0,0,0,0,1,0,0,0,Burglary,None,2019-12-05,Tamil Nadu,0
2,27,0,1,0,1,0,2,0.316,20,5,0,0,0,1,0,0,0,0,0,0,0,1,0,0,0,0,0,1,0,0,0,Arms Trafficking,None,2021-01-28,Bihar,1
1,21,0,0,0,0,0,0,0.219,22,3,1,0,0,0,0,0,0,1,0,0,0,0,0,0,1,0,0,0,0,0,0,Burglary,None,2020-01-23,Maharashtra,0
1,23,0,1,0,0,0,4,0.788,16,1,1,0,0,0,0,0,1,0,0,0,0,0,0,0,1,0,0,0,0,0,0,Assault,None,2021-08-04,Karnataka,0
1,20,0,0,0,0,0,0,0.422,23,0,0,0,1,0,0,0,0,0,1,0,0,0,1,0,0,0,0,0,0,0,0,Car Theft,None,2025-06-03,Maharashtra,0
1,23,0,0,0,1,1,1,0.53,23,2,0,0,1,0,0,0,0,0,1,0,0,0,0,0,0,0,1,0,0,0,0,Car Theft,None,2021-10-15,Kerala,0
0,41,0,0,0,1,1,0,0.422,17,0,1,0,0,0,0,0,0,0,0,1,0,0,0,0,0,1,0,0,0,0,0,Fraud,None,2022-11-08,Uttar Pradesh,1
0,16,0,1,0,1,0,3,0.224,21,3,0,1,0,0,0,0,0,1,0,0,0,0,1,0,0,0,0,0,0,0,0,Burglary,None,2019-10-11,Tamil Nadu,1
1,29,0,1,0,0,0,2,0.624,20,4,0,1,0,0,0,0,0,0,0,0,0,1,0,0,0,0,0,1,0,0,0,Arms Trafficking,None,2021-04-13,Delhi,1
4,41,1,0,0,1,1,1,0.722,2,4,0,0,0,1,0,0,0,0,0,0,0,1,0,0,0,0,0,1,0,0,0,Arms Trafficking,Kaala Bichhoo Gang,2020-12-08,Kerala,1
1,41,0,0,0,1,1,0,0.516,10,3,0,0,0,0,0,1,0,0,0,0,1,0,0,0,0,1,0,0,0,0,0,Fraud,None,2022-10-19,Maharashtra,0
3,54,1,1,0,1,0,3,0.714,9,10,0,0,0,0,0,1,1,0,0,0,0,0,0,0,0,0,0,0,0,0,1,Extortion,Teen Talwar Gang,2018-12-03,Gujarat,1
3,22,0,1,0,0,0,3,0.349,22,8,0,0,1,0,0,0,0,0,0,0,0,1,0,0,0,0,0,1,0,0,0,Arms Trafficking,None,2018-06-19,Tamil Nadu,1
5,35,0,1,1,1,0,2,0.291,18,4,0,0,0,0,0,1,1,0,0,0,0,0,0,0,0,0,0,0,1,0,0,Human Trafficking,None,2025-02-20,Maharashtra,0
5,19,1,1,0,1,0,2,0.387,3,4,0,1,0,0,0,0,0,0,0,1,0,0,0,1,0,0,0,0,0,0,0,Robbery,Lal Toofan Crew,2018-09-18,Delhi,1
2,51,1,0,0,1,1,0,0.582,13,3,0,0,0,0,0,1,0,0,0,1,0,0,0,0,0,1,0,0,0,0,0,Money Laundering,Kaala Bichhoo Gang,2024-01-16,Maharashtra,1
5,40,0,1,0,1,0,3,0.595,20,8,1,0,0,0,0,0,0,1,0,0,0,0,0,1,0,0,0,0,0,0,0,Robbery,None,2022-02-06,Delhi,1
2,34,0,1,0,0,0,3,0.759,13,2,1,0,0,0,0,0,1,0,0,0,0,0,0,1,0,0,0,0,0,0,0,Kidnapping,None,2019-01-18,Bihar,1
2,16,1,1,0,1,0,0,0.584,21,3,0,0,1,0,0,0,0,0,1,0,0,0,1,0,0,0,0,0,0,0,0,Car Theft,Lal Toofan Crew,2021-05-27,Rajasthan,0
3,41,0,0,0,1,0,2,0.374,1,1,1,0,0,0,0,0,0,1,0,0,0,0,0,0,0,0,0,0,0,1,0,Arson,None,2020-05-20,Maharashtra,0
7,27,0,1,0,1,0,10,0.645,4,2,0,0,0,1,0,0,1,0,0,0,0,0,0,0,1,0,0,0,0,0,0,Murder,None,2018-05-20,Maharashtra,1
0,33,0,0,1,1,1,2,0.368,8,4,0,0,0,1,0,0,0,0,0,0,0,1,0,0,0,0,0,0,0,0,1,Drug Trafficking,None,2024-10-24,Rajasthan,1
2,37,0,1,1,1,0,0,0.444,15,3,0,0,1,0,0,0,0,0,0,0,0,1,0,1,0,0,0,0,0,0,0,Drug Trafficking,None,2025-11-26,Bihar,1
4,37,1,0,1,1,1,2,0.897,18,14,0,0,0,0,0,1,0,0,0,1,0,0,0,0,0,0,0,0,0,0,1,Extortion,Patang Syndicate,2021-03-25,Punjab,1
0,26,0,0,0,1,1,1,0.798,23,3,0,0,1,0,0,0,0,0,1,0,0,0,1,0,0,0,0,0,0,0,0,Car Theft,None,2024-10-24,Gujarat,0
1,28,0,1,0,1,0,2,0.655,10,4,0,1,0,0,0,0,0,0,0,1,0,0,0,1,0,0,0,0,0,0,0,Robbery,None,2019-06-03,Uttar Pradesh,0
2,25,0,1,0,0,0,1,0.361,21,3,0,1,0,0,0,0,0,0,0,0,0,1,0,0,0,1,0,0,0,0,0,Arms Trafficking,None,2019-08-08,Maharashtra,1
0,17,0,0,1,0,0,0,0.62,1,1,1,0,0,0,0,0,0,0,0,0,1,0,0,0,0,0,0,0,0,1,0,Vandalism,None,2023-01-24,Gujarat,1
2,30,1,1,0,1,1,2,0.673,18,11,0,1,0,0,0,0,0,0,0,1,0,0,0,0,0,0,0,0,0,0,1,Extortion,Teen Talwar Gang,2018-05-03,Tamil Nadu,1
0,22,0,0,0,0,0,1,0.25,2,0,0,0,1,0,0,0,0,1,0,0,0,0,0,0,0,0,0,0,0,1,0,Vandalism,None,2023-07-01,Haryana,0
0,23,0,0,0,1,0,0,0.073,11,0,1,0,0,0,0,0,0,1,0,0,0,0,0,0,0,1,0,0,0,0,0,Burglary,None,2021-05-18,Madhya Pradesh,0
2,39,1,1,0,1,0,3,0.789,0,20,0,0,1,0,0,0,0,0,0,1,0,0,0,0,0,0,0,1,0,0,0,Arms Trafficking,Kaala Bichhoo Gang,2019-08-06,Kerala,0
0,25,0,0,1,0,0,1,0.439,17,3,0,0,1,0,0,0,0,1,0,0,0,0,0,0,0,0,0,0,0,1,0,Vandalism,None,2019-10-27,Madhya Pradesh,0
2,42,1,1,0,1,0,3,0.45,2,9,0,0,0,1,0,0,1,0,0,0,0,0,0,0,0,0,0,0,0,0,1,Kidnapping,Patang Syndicate,2020-04-14,Punjab,1
1,44,0,0,0,0,0,5,0.235,2,6,0,0,1,0,0,0,0,0,0,1,0,0,0,0,0,0,0,0,1,0,0,Kidnapping,None,2019-08-22,Madhya Pradesh,0
2,42,0,0,0,0,0,4,0.233,20,4,0,0,0,1,0,0,1,0,0,0,0,0,0,0,1,0,0,0,0,0,0,Assault,None,2020-10-25,Uttar Pradesh,0
2,23,1,0,1,0,0,0,0.642,11,4,1,0,0,0,0,0,0,1,0,0,0,0,0,0,0,0,0,0,0,1,0,Arson,Kaali Billi Crew,2024-09-20,Madhya Pradesh,0
1,36,0,0,0,1,0,0,0.596,15,0,0,0,0,0,0,1,0,0,0,1,0,0,0,0,0,1,0,0,0,0,0,Fraud,None,2023-07-11,Maharashtra,0
1,39,0,1,0,1,0,1,0.205,9,4,0,0,0,1,0,0,1,0,0,0,0,0,0,0,0,1,0,0,0,0,0,Human Trafficking,None,2024-03-22,Kerala,0
0,21,0,1,0,1,0,0,0.523,2,2,0,0,0,1,0,0,0,1,0,0,0,0,0,1,0,0,0,0,0,0,0,Robbery,None,2023-05-09,Uttar Pradesh,0
1,37,0,0,1,1,0,0,0.159,10,3,0,1,0,0,0,0,0,0,0,1,0,0,0,0,0,0,0,0,0,0,1,Fraud,None,2025-02-20,Telangana,1
3,36,1,1,1,1,0,4,0.506,10,12,0,0,0,1,0,0,0,0,0,0,0,1,0,0,0,0,0,1,0,0,0,Drug Trafficking,Kaala Bichhoo Gang,2024-07-07,Kerala,1
1,41,0,1,0,1,0,4,0.39,14,7,0,0,0,1,0,0,0,0,0,0,0,1,0,0,0,0,0,1,0,0,0,Arms Trafficking,None,2019-10-08,Bihar,1
4,35,0,1,0,0,0,6,0.292,4,7,0,0,0,1,0,0,0,0,0,0,0,1,0,0,0,0,0,1,0,0,0,Arms Trafficking,None,2025-11-17,Maharashtra,1
1,36,0,0,0,0,0,1,0.597,20,0,0,1,0,0,0,0,0,0,0,0,0,1,0,0,0,0,0,0,0,1,0,Arson,None,2019-05-19,Maharashtra,0
0,18,0,0,0,1,0,1,0.155,17,1,0,0,1,0,0,0,0,0,0,1,0,0,1,0,0,0,0,0,0,0,0,Car Theft,None,2024-12-26,Gujarat,1
5,34,0,1,1,1,0,2,0.16,9,7,0,1,0,0,0,0,0,0,0,0,0,1,0,0,0,0,0,1,0,0,0,Arms Trafficking,None,2019-12-21,Punjab,1
1,29,0,0,0,1,0,3,0.346,9,4,1,0,0,0,0,0,1,0,0,0,0,0,0,0,0,1,0,0,0,0,0,Murder,None,2023-11-22,Bihar,0
1,22,0,0,0,1,1,0,0.204,1,2,0,0,1,0,0,0,0,0,1,0,0,0,1,0,0,0,0,0,0,0,0,Car Theft,None,2024-07-21,Uttar Pradesh,0
0,16,1,0,0,1,1,0,0.657,19,8,0,0,0,0,0,1,0,0,0,1,0,0,0,0,0,0,1,0,0,0,0,Cybercrime,Neela Saanp Syndicate,2025-05-26,Karnataka,1
0,21,0,0,0,0,0,0,0.399,4,1,0,0,1,0,0,0,1,0,0,0,0,0,0,0,0,0,0,0,0,1,0,Vandalism,None,2022-02-15,West Bengal,0
2,42,0,0,0,1,0,1,0.426,1,6,1,0,0,0,0,0,1,0,0,0,0,0,0,0,0,0,0,0,1,0,0,Human Trafficking,None,2018-03-07,Uttar Pradesh,0
0,18,0,0,0,1,1,0,0.606,0,2,0,0,0,0,0,1,0,0,0,1,0,0,1,0,0,0,0,0,0,0,0,Cybercrime,None,2025-11-07,West Bengal,0
0,27,0,0,0,1,1,1,0.394,23,1,0,0,1,0,0,0,0,0,1,0,0,0,0,0,0,1,0,0,0,0,0,Car Theft,None,2024-11-18,Maharashtra,0
2,42,0,0,0,1,1,0,0.425,15,1,1,0,0,0,0,0,0,0,0,1,0,0,0,0,0,1,0,0,0,0,0,Fraud,None,2019-12-25,Punjab,0
1,18,0,0,0,1,1,0,0.094,4,2,0,0,0,0,0,1,0,0,0,0,1,0,0,1,0,0,0,0,0,0,0,Cybercrime,None,2020-02-09,Punjab,1
0,20,0,0,0,0,0,0,0.376,23,1,0,0,1,0,0,0,0,0,1,0,0,0,0,1,0,0,0,0,0,0,0,Car Theft,None,2024-05-17,Bihar,0
2,43,1,1,0,0,0,4,0.688,12,13,0,0,0,1,0,0,1,0,0,0,0,0,0,0,0,0,0,1,0,0,0,Arms Trafficking,Kaala Bichhoo Gang,2020-09-01,Kerala,1
1,16,0,1,0,1,0,0,0.6,0,2,0,0,1,0,0,0,0,0,1,0,0,0,1,0,0,0,0,0,0,0,0,Car Theft,None,2022-07-27,West Bengal,0
0,38,0,0,0,1,1,0,0.357,12,0,1,0,0,0,0,0,0,0,0,1,0,0,0,0,0,1,0,0,0,0,0,Fraud,None,2018-05-21,Kerala,0
1,29,0,0,0,1,0,0,0.276,1,0,0,0,1,0,0,0,0,0,1,0,0,0,1,0,0,0,0,0,0,0,0,Car Theft,None,2023-11-08,Karnataka,0
2,46,0,1,0,0,0,4,0.306,9,1,1,0,0,0,0,0,1,0,0,0,0,0,0,0,0,0,1,0,0,0,0,Murder,None,2018-05-18,Maharashtra,1
2,29,1,1,0,1,0,5,0.527,16,7,0,0,0,1,0,0,0,0,0,0,0,1,0,0,0,0,0,1,0,0,0,Arms Trafficking,Kaala Bichhoo Gang,2021-11-04,Maharashtra,1
2,29,0,0,0,1,1,0,0.466,18,2,0,0,0,0,1,0,0,0,0,0,1,0,0,0,0,0,1,0,0,0,0,Cybercrime,None,2021-08-30,Kerala,0
1,36,0,1,0,1,0,1,0.743,13,7,1,0,0,0,0,0,1,0,0,0,0,0,0,0,0,1,0,0,0,0,0,Human Trafficking,None,2018-03-04,Maharashtra,0
0,21,0,0,0,1,1,0,0.273,4,0,0,1,0,0,0,0,0,0,1,0,0,0,0,0,0,1,0,0,0,0,0,Car Theft,None,2023-02-01,Uttar Pradesh,1
0,31,0,1,0,1,0,1,0.447,9,5,0,1,0,0,0,0,0,0,0,0,0,1,0,0,0,0,0,1,0,0,0,Arms Trafficking,None,2024-01-28,Madhya Pradesh,1
0,38,0,0,0,0,0,1,0.688,12,3,0,0,0,1,0,0,1,0,0,0,0,0,0,0,0,0,0,0,1,0,0,Kidnapping,None,2020-04-09,West Bengal,0
0,27,0,0,0,0,0,1,0.4,18,3,0,0,0,1,0,0,1,0,0,0,0,0,0,0,0,0,0,0,1,0,0,Kidnapping,None,2018-11-08,Karnataka,1
2,25,1,0,0,1,0,4,0.722,3,8,0,1,0,0,0,0,0,1,0,0,0,0,0,0,1,0,0,0,0,0,0,Robbery,Lal Toofan Crew,2019-09-13,Rajasthan,1
1,35,0,1,0,0,0,3,0.549,3,3,0,0,1,0,0,0,1,0,0,0,0,0,0,0,0,0,0,0,1,0,0,Kidnapping,None,2018-06-12,Bihar,0
1,19,0,0,0,1,0,0,0.595,22,6,0,0,1,0,0,0,0,0,0,1,0,0,0,0,1,0,0,0,0,0,0,Robbery,None,2018-12-15,Bihar,0
0,16,1,0,0,1,0,0,0.562,22,6,1,0,0,0,0,0,0,0,0,1,0,0,1,0,0,0,0,0,0,0,0,Burglary,Kaali Billi Crew,2021-01-21,Madhya Pradesh,1
1,30,1,0,1,1,0,4,0.495,2,13,0,1,0,0,0,0,0,0,0,0,0,1,0,0,0,0,0,1,0,0,0,Drug Trafficking,Kaala Bichhoo Gang,2024-11-28,Maharashtra,1
2,27,0,0,0,1,1,6,0.676,15,5,0,0,1,0,0,0,1,0,0,0,0,0,0,0,0,0,0,0,1,0,0,Kidnapping,None,2025-07-13,Maharashtra,0
4,31,0,0,0,1,0,1,0.299,8,3,0,1,0,0,0,0,0,0,0,1,0,0,0,0,0,1,0,0,0,0,0,Fraud,None,2020-06-02,Punjab,0
1,24,0,1,0,1,0,2,0.519,2,2,0,0,1,0,0,0,0,1,0,0,0,0,0,0,0,1,0,0,0,0,0,Robbery,None,2022-02-19,Maharashtra,0
3,37,0,0,0,0,0,2,0.367,4,1,1,0,0,0,0,0,1,0,0,0,0,0,0,0,1,0,0,0,0,0,0,Assault,None,2019-10-06,Gujarat,1
0,33,0,1,0,0,0,0,0.077,18,0,0,1,0,0,0,0,0,1,0,0,0,0,0,0,0,0,0,0,0,1,0,Arson,None,2021-10-12,Maharashtra,0
2,25,1,1,0,1,0,1,0.752,10,10,0,0,1,0,0,0,0,0,0,1,0,0,0,0,0,0,0,0,0,0,1,Extortion,Teen Talwar Gang,2022-04-25,Gujarat,1
1,31,0,0,1,0,0,1,0.532,13,5,1,0,0,0,0,0,1,0,0,0,0,0,0,0,0,0,0,0,1,0,0,Kidnapping,None,2019-11-20,West Bengal,0
1,24,0,0,0,1,1,0,0.241,12,2,0,0,0,0,0,1,0,0,0,1,0,0,0,0,0,0,0,1,0,0,0,Cybercrime,None,2021-04-29,Gujarat,0
3,19,1,0,0,1,1,2,0.628,11,19,0,0,0,0,0,1,0,0,0,0,1,0,0,0,0,0,1,0,0,0,0,Cybercrime,Neela Saanp Syndicate,2018-11-29,West Bengal,1
1,20,0,1,0,0,0,1,0.298,1,1,0,0,1,0,0,0,0,1,0,0,0,0,0,0,0,0,0,0,0,1,0,Vandalism,None,2022-07-05,Uttar Pradesh,1
8,30,1,0,0,1,0,1,0.433,21,2,0,0,1,0,0,0,0,0,1,0,0,0,1,0,0,0,0,0,0,0,0,Car Theft,Kaali Billi Crew,2023-01-18,Madhya Pradesh,1
1,44,0,0,1,1,1,0,0.511,19,0,0,1,0,0,0,0,1,0,0,0,0,0,0,0,0,1,0,0,0,0,0,Money Laundering,None,2025-10-20,Uttar Pradesh,1
3,23,0,0,0,1,0,0,0.262,21,1,0,1,0,0,0,0,0,0,1,0,0,0,0,0,0,0,1,0,0,0,0,Car Theft,None,2025-10-27,Telangana,0
0,30,0,0,1,1,0,1,0.383,17,4,0,0,1,0,0,0,0,0,0,1,0,0,0,0,0,0,0,1,0,0,0,Drug Trafficking,None,2020-06-25,Tamil Nadu,1
1,32,0,0,1,1,0,2,0.055,2,7,0,0,0,1,0,0,0,0,0,0,0,1,0,0,0,0,0,1,0,0,0,Drug Trafficking,None,2024-06-03,Bihar,0
